id,label,parent_id,path,notes
th-representation-1,agriculture-chasse-pêche,,agriculture-chasse-pêche,
th-representation-2,agriculture,th-representation-1,agriculture-chasse-pêche > agriculture,
th-representation-3,architecture agricole,th-representation-2,agriculture-chasse-pêche > agriculture > architecture agricole,
th-representation-4,cour de ferme,th-representation-3,agriculture-chasse-pêche > agriculture > architecture agricole > cour de ferme,
th-representation-5,dépendance agricole,th-representation-3,agriculture-chasse-pêche > agriculture > architecture agricole > dépendance agricole,
th-representation-6,abri pour animal,th-representation-5,agriculture-chasse-pêche > agriculture > architecture agricole > dépendance agricole > abri pour animal,ne s'utilise que pour les abris destinés aux animaux et aménagés par l'homme dans le cadre de l'élevage
th-representation-7,pigeonnier,th-representation-6,agriculture-chasse-pêche > agriculture > architecture agricole > dépendance agricole > abri pour animal > pigeonnier,
th-representation-8,colombier,th-representation-7,agriculture-chasse-pêche > agriculture > architecture agricole > dépendance agricole > abri pour animal > pigeonnier > colombier,
th-representation-9,poulailler,th-representation-6,agriculture-chasse-pêche > agriculture > architecture agricole > dépendance agricole > abri pour animal > poulailler,
th-representation-10,ruche,th-representation-6,agriculture-chasse-pêche > agriculture > architecture agricole > dépendance agricole > abri pour animal > ruche,
th-representation-11,étable,th-representation-6,agriculture-chasse-pêche > agriculture > architecture agricole > dépendance agricole > abri pour animal > étable,
th-representation-12,bergerie,th-representation-11,agriculture-chasse-pêche > agriculture > architecture agricole > dépendance agricole > abri pour animal > étable > bergerie,
th-representation-13,porcherie,th-representation-11,agriculture-chasse-pêche > agriculture > architecture agricole > dépendance agricole > abri pour animal > étable > porcherie,
th-representation-14,étable à chevaux,th-representation-11,agriculture-chasse-pêche > agriculture > architecture agricole > dépendance agricole > abri pour animal > étable > étable à chevaux,
th-representation-15,étable à vaches,th-representation-11,agriculture-chasse-pêche > agriculture > architecture agricole > dépendance agricole > abri pour animal > étable > étable à vaches,
th-representation-16,chai,th-representation-5,agriculture-chasse-pêche > agriculture > architecture agricole > dépendance agricole > chai,
th-representation-17,grange,th-representation-5,agriculture-chasse-pêche > agriculture > architecture agricole > dépendance agricole > grange,
th-representation-18,grenier,th-representation-5,agriculture-chasse-pêche > agriculture > architecture agricole > dépendance agricole > grenier,
th-representation-19,ferme,th-representation-3,agriculture-chasse-pêche > agriculture > architecture agricole > ferme,
th-representation-20,culture,th-representation-2,agriculture-chasse-pêche > agriculture > culture,
th-representation-21,opération de culture,th-representation-20,agriculture-chasse-pêche > agriculture > culture > opération de culture,
th-representation-22,culture en terrasse,th-representation-21,agriculture-chasse-pêche > agriculture > culture > opération de culture > culture en terrasse,
th-representation-23,préparation du sol,th-representation-21,agriculture-chasse-pêche > agriculture > culture > opération de culture > préparation du sol,
th-representation-24,défrichage,th-representation-23,agriculture-chasse-pêche > agriculture > culture > opération de culture > préparation du sol > défrichage,
th-representation-25,hersage,th-representation-23,agriculture-chasse-pêche > agriculture > culture > opération de culture > préparation du sol > hersage,
th-representation-26,labour,th-representation-23,agriculture-chasse-pêche > agriculture > culture > opération de culture > préparation du sol > labour,
th-representation-27,labour à bras,th-representation-26,agriculture-chasse-pêche > agriculture > culture > opération de culture > préparation du sol > labour > labour à bras,
th-representation-28,labour à la charrue,th-representation-26,agriculture-chasse-pêche > agriculture > culture > opération de culture > préparation du sol > labour > labour à la charrue,
th-representation-29,reproduction des plantes,th-representation-21,agriculture-chasse-pêche > agriculture > culture > opération de culture > reproduction des plantes,
th-representation-30,greffage,th-representation-29,agriculture-chasse-pêche > agriculture > culture > opération de culture > reproduction des plantes > greffage,
th-representation-31,plantation,th-representation-29,agriculture-chasse-pêche > agriculture > culture > opération de culture > reproduction des plantes > plantation,
th-representation-32,semailles,th-representation-29,agriculture-chasse-pêche > agriculture > culture > opération de culture > reproduction des plantes > semailles,
th-representation-33,récolte des plantes,th-representation-21,agriculture-chasse-pêche > agriculture > culture > opération de culture > récolte des plantes,
th-representation-34,abattage d'arbre,th-representation-33,agriculture-chasse-pêche > agriculture > culture > opération de culture > récolte des plantes > abattage d'arbre,
th-representation-35,arrachage,th-representation-33,agriculture-chasse-pêche > agriculture > culture > opération de culture > récolte des plantes > arrachage,
th-representation-36,battage,th-representation-33,agriculture-chasse-pêche > agriculture > culture > opération de culture > récolte des plantes > battage,
th-representation-37,cueillette,th-representation-33,agriculture-chasse-pêche > agriculture > culture > opération de culture > récolte des plantes > cueillette,
th-representation-38,vendange,th-representation-37,agriculture-chasse-pêche > agriculture > culture > opération de culture > récolte des plantes > cueillette > vendange,
th-representation-39,fauchage,th-representation-33,agriculture-chasse-pêche > agriculture > culture > opération de culture > récolte des plantes > fauchage,
th-representation-40,gemmage,th-representation-33,agriculture-chasse-pêche > agriculture > culture > opération de culture > récolte des plantes > gemmage,
th-representation-41,glanage,th-representation-33,agriculture-chasse-pêche > agriculture > culture > opération de culture > récolte des plantes > glanage,
th-representation-42,moisson,th-representation-33,agriculture-chasse-pêche > agriculture > culture > opération de culture > récolte des plantes > moisson,
th-representation-43,séchage,th-representation-33,agriculture-chasse-pêche > agriculture > culture > opération de culture > récolte des plantes > séchage,
th-representation-44,fanage,th-representation-43,agriculture-chasse-pêche > agriculture > culture > opération de culture > récolte des plantes > séchage > fanage,
th-representation-45,vannage,th-representation-33,agriculture-chasse-pêche > agriculture > culture > opération de culture > récolte des plantes > vannage,
th-representation-46,soin des plantes,th-representation-21,agriculture-chasse-pêche > agriculture > culture > opération de culture > soin des plantes,"valable pour tous les types de culture, le jardinage est codé selon le contenu de la représentation Scène { soin des plantes, jardin, activité domestique } Scène { arrosage, jardin potager }"
th-representation-47,arrosage,th-representation-46,agriculture-chasse-pêche > agriculture > culture > opération de culture > soin des plantes > arrosage,
th-representation-48,irrigation,th-representation-47,agriculture-chasse-pêche > agriculture > culture > opération de culture > soin des plantes > arrosage > irrigation,
th-representation-49,désherbage,th-representation-46,agriculture-chasse-pêche > agriculture > culture > opération de culture > soin des plantes > désherbage,
th-representation-50,taille,th-representation-46,agriculture-chasse-pêche > agriculture > culture > opération de culture > soin des plantes > taille,
th-representation-51,stockage des plantes,th-representation-20,agriculture-chasse-pêche > agriculture > culture > stockage des plantes,
th-representation-52,engrangement,th-representation-51,agriculture-chasse-pêche > agriculture > culture > stockage des plantes > engrangement,
th-representation-53,ensilage,th-representation-51,agriculture-chasse-pêche > agriculture > culture > stockage des plantes > ensilage,
th-representation-54,meule,th-representation-51,agriculture-chasse-pêche > agriculture > culture > stockage des plantes > meule,
th-representation-55,transformation des plantes,th-representation-20,agriculture-chasse-pêche > agriculture > culture > transformation des plantes,
th-representation-56,distillation,th-representation-55,agriculture-chasse-pêche > agriculture > culture > transformation des plantes > distillation,
th-representation-57,mouture,th-representation-55,agriculture-chasse-pêche > agriculture > culture > transformation des plantes > mouture,
th-representation-58,pressurage,th-representation-55,agriculture-chasse-pêche > agriculture > culture > transformation des plantes > pressurage,
th-representation-59,espace d'exploitation,th-representation-2,agriculture-chasse-pêche > agriculture > espace d'exploitation,
th-representation-60,abreuvoir,th-representation-59,agriculture-chasse-pêche > agriculture > espace d'exploitation > abreuvoir,"sens large, tout lieu aménagé pour faire boire les animaux"
th-representation-61,champ,th-representation-59,agriculture-chasse-pêche > agriculture > espace d'exploitation > champ,
th-representation-62,enclos,th-representation-59,agriculture-chasse-pêche > agriculture > espace d'exploitation > enclos,"espace fermé par une clôture nettement visible, dont l'usage peut être précisé par un autre descripteur"
th-representation-63,jardin potager,th-representation-59,agriculture-chasse-pêche > agriculture > espace d'exploitation > jardin potager,
th-representation-64,pré,th-representation-59,agriculture-chasse-pêche > agriculture > espace d'exploitation > pré,
th-representation-65,serre,th-representation-59,agriculture-chasse-pêche > agriculture > espace d'exploitation > serre,
th-representation-66,verger,th-representation-59,agriculture-chasse-pêche > agriculture > espace d'exploitation > verger,
th-representation-67,vivier,th-representation-59,agriculture-chasse-pêche > agriculture > espace d'exploitation > vivier,
th-representation-68,matériel agricole,th-representation-2,agriculture-chasse-pêche > agriculture > matériel agricole,
th-representation-69,fer à cheval,th-representation-68,agriculture-chasse-pêche > agriculture > matériel agricole > fer à cheval,
th-representation-70,machine agricole,th-representation-68,agriculture-chasse-pêche > agriculture > matériel agricole > machine agricole,
th-representation-71,charrue,th-representation-70,agriculture-chasse-pêche > agriculture > matériel agricole > machine agricole > charrue,
th-representation-72,pressoir,th-representation-70,agriculture-chasse-pêche > agriculture > matériel agricole > machine agricole > pressoir,
th-representation-73,outil agricole,th-representation-68,agriculture-chasse-pêche > agriculture > matériel agricole > outil agricole,
th-representation-74,bêche,th-representation-73,agriculture-chasse-pêche > agriculture > matériel agricole > outil agricole > bêche,
th-representation-75,faucille,th-representation-73,agriculture-chasse-pêche > agriculture > matériel agricole > outil agricole > faucille,
th-representation-76,faux,th-representation-73,agriculture-chasse-pêche > agriculture > matériel agricole > outil agricole > faux,
th-representation-77,fourche,th-representation-73,agriculture-chasse-pêche > agriculture > matériel agricole > outil agricole > fourche,
th-representation-78,houe,th-representation-73,agriculture-chasse-pêche > agriculture > matériel agricole > outil agricole > houe,
th-representation-79,râteau,th-representation-73,agriculture-chasse-pêche > agriculture > matériel agricole > outil agricole > râteau,
th-representation-80,scie,th-representation-73,agriculture-chasse-pêche > agriculture > matériel agricole > outil agricole > scie,
th-representation-81,serpe,th-representation-73,agriculture-chasse-pêche > agriculture > matériel agricole > outil agricole > serpe,
th-representation-82,récipient agricole,th-representation-68,agriculture-chasse-pêche > agriculture > matériel agricole > récipient agricole,
th-representation-83,arrosoir,th-representation-82,agriculture-chasse-pêche > agriculture > matériel agricole > récipient agricole > arrosoir,
th-representation-84,épouvantail,th-representation-68,agriculture-chasse-pêche > agriculture > matériel agricole > épouvantail,
th-representation-85,profession de l'agriculture,th-representation-2,agriculture-chasse-pêche > agriculture > profession de l'agriculture,
th-representation-86,agriculteur,th-representation-85,agriculture-chasse-pêche > agriculture > profession de l'agriculture > agriculteur,
th-representation-87,berger,th-representation-85,agriculture-chasse-pêche > agriculture > profession de l'agriculture > berger,
th-representation-88,bergère,th-representation-85,agriculture-chasse-pêche > agriculture > profession de l'agriculture > bergère,
th-representation-89,bouvier,th-representation-85,agriculture-chasse-pêche > agriculture > profession de l'agriculture > bouvier,
th-representation-90,bûcheron,th-representation-85,agriculture-chasse-pêche > agriculture > profession de l'agriculture > bûcheron,
th-representation-91,jardinier,th-representation-85,agriculture-chasse-pêche > agriculture > profession de l'agriculture > jardinier,
th-representation-92,vigneron,th-representation-85,agriculture-chasse-pêche > agriculture > profession de l'agriculture > vigneron,
th-representation-93,élevage,th-representation-2,agriculture-chasse-pêche > agriculture > élevage,
th-representation-94,fumier,th-representation-93,agriculture-chasse-pêche > agriculture > élevage > fumier,
th-representation-95,nature de l'élevage,th-representation-93,agriculture-chasse-pêche > agriculture > élevage > nature de l'élevage,
th-representation-96,basse-cour,th-representation-95,agriculture-chasse-pêche > agriculture > élevage > nature de l'élevage > basse-cour,"réservé aux représentations d'un ensemble de petits animaux domestiques, différent de cour de ferme"
th-representation-97,bétail,th-representation-95,agriculture-chasse-pêche > agriculture > élevage > nature de l'élevage > bétail,
th-representation-98,opération d'élevage,th-representation-93,agriculture-chasse-pêche > agriculture > élevage > opération d'élevage,
th-representation-99,alimentation animale,th-representation-98,agriculture-chasse-pêche > agriculture > élevage > opération d'élevage > alimentation animale,
th-representation-100,boisson animale,th-representation-99,agriculture-chasse-pêche > agriculture > élevage > opération d'élevage > alimentation animale > boisson animale,
th-representation-101,pâture,th-representation-99,agriculture-chasse-pêche > agriculture > élevage > opération d'élevage > alimentation animale > pâture,
th-representation-102,dressage,th-representation-98,agriculture-chasse-pêche > agriculture > élevage > opération d'élevage > dressage,
th-representation-103,garde,th-representation-98,agriculture-chasse-pêche > agriculture > élevage > opération d'élevage > garde,
th-representation-104,marquage d'animal,th-representation-98,agriculture-chasse-pêche > agriculture > élevage > opération d'élevage > marquage d'animal,
th-representation-105,reproduction animale,th-representation-98,agriculture-chasse-pêche > agriculture > élevage > opération d'élevage > reproduction animale,
th-representation-106,soin des animaux,th-representation-98,agriculture-chasse-pêche > agriculture > élevage > opération d'élevage > soin des animaux,
th-representation-107,traite animale,th-representation-106,agriculture-chasse-pêche > agriculture > élevage > opération d'élevage > soin des animaux > traite animale,
th-representation-108,transhumance,th-representation-98,agriculture-chasse-pêche > agriculture > élevage > opération d'élevage > transhumance,
th-representation-109,récolte du produit d'élevage,th-representation-93,agriculture-chasse-pêche > agriculture > élevage > récolte du produit d'élevage,
th-representation-110,abattage,th-representation-109,agriculture-chasse-pêche > agriculture > élevage > récolte du produit d'élevage > abattage,
th-representation-111,mulsion,th-representation-109,agriculture-chasse-pêche > agriculture > élevage > récolte du produit d'élevage > mulsion,"opération de traite, évite l'homonymie avec traité"
th-representation-112,ramassage des oeufs,th-representation-109,agriculture-chasse-pêche > agriculture > élevage > récolte du produit d'élevage > ramassage des oeufs,
th-representation-113,tonte,th-representation-109,agriculture-chasse-pêche > agriculture > élevage > récolte du produit d'élevage > tonte,
th-representation-114,la chasse,th-representation-1,agriculture-chasse-pêche > la chasse,
th-representation-115,chasse,th-representation-114,agriculture-chasse-pêche > la chasse > chasse,
th-representation-116,chasse aux engins,th-representation-115,agriculture-chasse-pêche > la chasse > chasse > chasse aux engins,
th-representation-117,chasse avec oiseau,th-representation-115,agriculture-chasse-pêche > la chasse > chasse > chasse avec oiseau,
th-representation-118,chasse au faucon,th-representation-117,agriculture-chasse-pêche > la chasse > chasse > chasse avec oiseau > chasse au faucon,
th-representation-119,chasse à arme à main,th-representation-115,agriculture-chasse-pêche > la chasse > chasse > chasse à arme à main,
th-representation-120,chasse à courre,th-representation-115,agriculture-chasse-pêche > la chasse > chasse > chasse à courre,
th-representation-121,chasse à tir,th-representation-115,agriculture-chasse-pêche > la chasse > chasse > chasse à tir,
th-representation-122,chasseur,th-representation-114,agriculture-chasse-pêche > la chasse > chasseur,
th-representation-123,garde-chasse,th-representation-114,agriculture-chasse-pêche > la chasse > garde-chasse,
th-representation-124,gibier,th-representation-114,agriculture-chasse-pêche > la chasse > gibier,
th-representation-125,gros gibier,th-representation-124,agriculture-chasse-pêche > la chasse > gibier > gros gibier,
th-representation-126,petit gibier,th-representation-124,agriculture-chasse-pêche > la chasse > gibier > petit gibier,
th-representation-127,gibier à plume,th-representation-126,agriculture-chasse-pêche > la chasse > gibier > petit gibier > gibier à plume,
th-representation-128,gibier d'eau,th-representation-127,agriculture-chasse-pêche > la chasse > gibier > petit gibier > gibier à plume > gibier d'eau,
th-representation-129,gibier à poil,th-representation-126,agriculture-chasse-pêche > la chasse > gibier > petit gibier > gibier à poil,
th-representation-130,la pêche,th-representation-1,agriculture-chasse-pêche > la pêche,
th-representation-131,profession de la pêche,th-representation-130,agriculture-chasse-pêche > la pêche > profession de la pêche,
th-representation-132,marin pêcheur,th-representation-131,agriculture-chasse-pêche > la pêche > profession de la pêche > marin pêcheur,
th-representation-133,pêche,th-representation-130,agriculture-chasse-pêche > la pêche > pêche,
th-representation-134,pêche au harpon,th-representation-133,agriculture-chasse-pêche > la pêche > pêche > pêche au harpon,
th-representation-135,pêche aux engins,th-representation-133,agriculture-chasse-pêche > la pêche > pêche > pêche aux engins,
th-representation-136,pêche à la ligne,th-representation-133,agriculture-chasse-pêche > la pêche > pêche > pêche à la ligne,
th-representation-137,pêche à pied,th-representation-133,agriculture-chasse-pêche > la pêche > pêche > pêche à pied,
th-representation-138,pêcheur,th-representation-130,agriculture-chasse-pêche > la pêche > pêcheur,pêcheur non professionnel
th-representation-139,armement-vie militaire,,armement-vie militaire,
th-representation-140,armement,th-representation-139,armement-vie militaire > armement,
th-representation-141,arme,th-representation-140,armement-vie militaire > armement > arme,
th-representation-142,arme défensive,th-representation-141,armement-vie militaire > armement > arme > arme défensive,
th-representation-143,armure,th-representation-142,armement-vie militaire > armement > arme > arme défensive > armure,
th-representation-144,cuirasse,th-representation-143,armement-vie militaire > armement > arme > arme défensive > armure > cuirasse,
th-representation-145,bouclier,th-representation-142,armement-vie militaire > armement > arme > arme défensive > bouclier,
th-representation-146,casque,th-representation-142,armement-vie militaire > armement > arme > arme défensive > casque,
th-representation-147,cotte de mailles,th-representation-142,armement-vie militaire > armement > arme > arme défensive > cotte de mailles,
th-representation-148,arme offensive,th-representation-141,armement-vie militaire > armement > arme > arme offensive,
th-representation-149,arme biologique,th-representation-148,armement-vie militaire > armement > arme > arme offensive > arme biologique,
th-representation-150,arme chimique,th-representation-148,armement-vie militaire > armement > arme > arme offensive > arme chimique,
th-representation-151,arme d'hast,th-representation-148,armement-vie militaire > armement > arme > arme offensive > arme d'hast,
th-representation-152,hallebarde,th-representation-151,armement-vie militaire > armement > arme > arme offensive > arme d'hast > hallebarde,utilisé dans un sens très large pour toutes les armes d'hast terminée par une pointe et munies de fers latéraux
th-representation-153,lance,th-representation-151,armement-vie militaire > armement > arme > arme offensive > arme d'hast > lance,
th-representation-154,pique,th-representation-151,armement-vie militaire > armement > arme > arme offensive > arme d'hast > pique,
th-representation-155,épieu,th-representation-151,armement-vie militaire > armement > arme > arme offensive > arme d'hast > épieu,
th-representation-156,arme de coup,th-representation-148,armement-vie militaire > armement > arme > arme offensive > arme de coup,
th-representation-157,hache d'armes,th-representation-156,armement-vie militaire > armement > arme > arme offensive > arme de coup > hache d'armes,
th-representation-158,marteau d'armes,th-representation-156,armement-vie militaire > armement > arme > arme offensive > arme de coup > marteau d'armes,
th-representation-159,massue,th-representation-156,armement-vie militaire > armement > arme > arme offensive > arme de coup > massue,
th-representation-160,arme de jet,th-representation-148,armement-vie militaire > armement > arme > arme offensive > arme de jet,
th-representation-161,arbalète,th-representation-160,armement-vie militaire > armement > arme > arme offensive > arme de jet > arbalète,
th-representation-162,arc,th-representation-160,armement-vie militaire > armement > arme > arme offensive > arme de jet > arc,
th-representation-163,fronde,th-representation-160,armement-vie militaire > armement > arme > arme offensive > arme de jet > fronde,
th-representation-164,javelot,th-representation-160,armement-vie militaire > armement > arme > arme offensive > arme de jet > javelot,
th-representation-165,arme de main,th-representation-148,armement-vie militaire > armement > arme > arme offensive > arme de main,
th-representation-166,baïonnette,th-representation-165,armement-vie militaire > armement > arme > arme offensive > arme de main > baïonnette,
th-representation-167,poignard,th-representation-165,armement-vie militaire > armement > arme > arme offensive > arme de main > poignard,
th-representation-168,sabre,th-representation-165,armement-vie militaire > armement > arme > arme offensive > arme de main > sabre,
th-representation-169,épée,th-representation-165,armement-vie militaire > armement > arme > arme offensive > arme de main > épée,
th-representation-170,arme explosive,th-representation-148,armement-vie militaire > armement > arme > arme offensive > arme explosive,
th-representation-171,bombe,th-representation-170,armement-vie militaire > armement > arme > arme offensive > arme explosive > bombe,
th-representation-172,grenade,th-representation-170,armement-vie militaire > armement > arme > arme offensive > arme explosive > grenade,
th-representation-173,arme à feu,th-representation-148,armement-vie militaire > armement > arme > arme offensive > arme à feu,
th-representation-174,arme automatique,th-representation-173,armement-vie militaire > armement > arme > arme offensive > arme à feu > arme automatique,
th-representation-175,mitrailleuse,th-representation-174,armement-vie militaire > armement > arme > arme offensive > arme à feu > arme automatique > mitrailleuse,
th-representation-176,arquebuse,th-representation-173,armement-vie militaire > armement > arme > arme offensive > arme à feu > arquebuse,
th-representation-177,canon,th-representation-173,armement-vie militaire > armement > arme > arme offensive > arme à feu > canon,
th-representation-178,fusil,th-representation-173,armement-vie militaire > armement > arme > arme offensive > arme à feu > fusil,
th-representation-179,mousquet,th-representation-173,armement-vie militaire > armement > arme > arme offensive > arme à feu > mousquet,
th-representation-180,pistolet,th-representation-173,armement-vie militaire > armement > arme > arme offensive > arme à feu > pistolet,
th-representation-181,missile,th-representation-148,armement-vie militaire > armement > arme > arme offensive > missile,
th-representation-182,projectile,th-representation-148,armement-vie militaire > armement > arme > arme offensive > projectile,
th-representation-183,boulet,th-representation-182,armement-vie militaire > armement > arme > arme offensive > projectile > boulet,
th-representation-184,flèche,th-representation-182,armement-vie militaire > armement > arme > arme offensive > projectile > flèche,
th-representation-185,carquois,th-representation-184,armement-vie militaire > armement > arme > arme offensive > projectile > flèche > carquois,
th-representation-186,munition,th-representation-182,armement-vie militaire > armement > arme > arme offensive > projectile > munition,
th-representation-187,obus,th-representation-182,armement-vie militaire > armement > arme > arme offensive > projectile > obus,
th-representation-188,machine de guerre,th-representation-140,armement-vie militaire > armement > machine de guerre,
th-representation-189,bélier militaire,th-representation-188,armement-vie militaire > armement > machine de guerre > bélier militaire,
th-representation-190,catapulte,th-representation-188,armement-vie militaire > armement > machine de guerre > catapulte,
th-representation-191,char de guerre,th-representation-188,armement-vie militaire > armement > machine de guerre > char de guerre,
th-representation-192,vie militaire,th-representation-139,armement-vie militaire > vie militaire,
th-representation-193,architecture militaire,th-representation-192,armement-vie militaire > vie militaire > architecture militaire,
th-representation-194,arsenal,th-representation-193,armement-vie militaire > vie militaire > architecture militaire > arsenal,
th-representation-195,caserne,th-representation-193,armement-vie militaire > vie militaire > architecture militaire > caserne,
th-representation-196,fortification,th-representation-193,armement-vie militaire > vie militaire > architecture militaire > fortification,
th-representation-197,citadelle,th-representation-196,armement-vie militaire > vie militaire > architecture militaire > fortification > citadelle,
th-representation-198,fort,th-representation-196,armement-vie militaire > vie militaire > architecture militaire > fortification > fort,
th-representation-199,fortin,th-representation-196,armement-vie militaire > vie militaire > architecture militaire > fortification > fortin,
th-representation-200,fosse,th-representation-196,armement-vie militaire > vie militaire > architecture militaire > fortification > fosse,
th-representation-201,motte,th-representation-196,armement-vie militaire > vie militaire > architecture militaire > fortification > motte,"élévation de terrain, naturelle ou artificielle, sur laquelle est édifiée une fortification"
th-representation-202,pont-levis,th-representation-196,armement-vie militaire > vie militaire > architecture militaire > fortification > pont-levis,
th-representation-203,rempart,th-representation-196,armement-vie militaire > vie militaire > architecture militaire > fortification > rempart,
th-representation-204,tour fortifiée,th-representation-196,armement-vie militaire > vie militaire > architecture militaire > fortification > tour fortifiée,
th-representation-205,tranchée,th-representation-196,armement-vie militaire > vie militaire > architecture militaire > fortification > tranchée,
th-representation-206,armée,th-representation-192,armement-vie militaire > vie militaire > armée,
th-representation-207,corps de l'armée,th-representation-206,armement-vie militaire > vie militaire > armée > corps de l'armée,
th-representation-208,artillerie,th-representation-207,armement-vie militaire > vie militaire > armée > corps de l'armée > artillerie,
th-representation-209,aviation,th-representation-207,armement-vie militaire > vie militaire > armée > corps de l'armée > aviation,
th-representation-210,cavalerie,th-representation-207,armement-vie militaire > vie militaire > armée > corps de l'armée > cavalerie,
th-representation-211,gendarmerie,th-representation-207,armement-vie militaire > vie militaire > armée > corps de l'armée > gendarmerie,
th-representation-212,génie militaire,th-representation-207,armement-vie militaire > vie militaire > armée > corps de l'armée > génie militaire,
th-representation-213,infanterie,th-representation-207,armement-vie militaire > vie militaire > armée > corps de l'armée > infanterie,
th-representation-214,infirmerie militaire,th-representation-207,armement-vie militaire > vie militaire > armée > corps de l'armée > infirmerie militaire,
th-representation-215,intendance,th-representation-207,armement-vie militaire > vie militaire > armée > corps de l'armée > intendance,
th-representation-216,marine,th-representation-207,armement-vie militaire > vie militaire > armée > corps de l'armée > marine,
th-representation-217,marine à moteur,th-representation-216,armement-vie militaire > vie militaire > armée > corps de l'armée > marine > marine à moteur,
th-representation-218,marine à rames,th-representation-216,armement-vie militaire > vie militaire > armée > corps de l'armée > marine > marine à rames,
th-representation-219,marine à vapeur,th-representation-216,armement-vie militaire > vie militaire > armée > corps de l'armée > marine > marine à vapeur,
th-representation-220,marine à voiles,th-representation-216,armement-vie militaire > vie militaire > armée > corps de l'armée > marine > marine à voiles,
th-representation-221,sous-marin,th-representation-216,armement-vie militaire > vie militaire > armée > corps de l'armée > marine > sous-marin,
th-representation-222,régiment,th-representation-207,armement-vie militaire > vie militaire > armée > corps de l'armée > régiment,
th-representation-223,train militaire,th-representation-207,armement-vie militaire > vie militaire > armée > corps de l'armée > train militaire,
th-representation-224,transmissions,th-representation-207,armement-vie militaire > vie militaire > armée > corps de l'armée > transmissions,
th-representation-225,école militaire,th-representation-207,armement-vie militaire > vie militaire > armée > corps de l'armée > école militaire,
th-representation-226,hiérarchie militaire,th-representation-206,armement-vie militaire > vie militaire > armée > hiérarchie militaire,
th-representation-227,cantinière,th-representation-226,armement-vie militaire > vie militaire > armée > hiérarchie militaire > cantinière,
th-representation-228,chef militaire,th-representation-226,armement-vie militaire > vie militaire > armée > hiérarchie militaire > chef militaire,
th-representation-229,amiral,th-representation-228,armement-vie militaire > vie militaire > armée > hiérarchie militaire > chef militaire > amiral,
th-representation-230,connétable,th-representation-228,armement-vie militaire > vie militaire > armée > hiérarchie militaire > chef militaire > connétable,
th-representation-231,général,th-representation-228,armement-vie militaire > vie militaire > armée > hiérarchie militaire > chef militaire > général,
th-representation-232,maréchal,th-representation-228,armement-vie militaire > vie militaire > armée > hiérarchie militaire > chef militaire > maréchal,
th-representation-233,officier,th-representation-228,armement-vie militaire > vie militaire > armée > hiérarchie militaire > chef militaire > officier,
th-representation-234,sous-officier,th-representation-228,armement-vie militaire > vie militaire > armée > hiérarchie militaire > chef militaire > sous-officier,
th-representation-235,dégradation,th-representation-226,armement-vie militaire > vie militaire > armée > hiérarchie militaire > dégradation,
th-representation-236,soldat,th-representation-226,armement-vie militaire > vie militaire > armée > hiérarchie militaire > soldat,
th-representation-237,état-major,th-representation-226,armement-vie militaire > vie militaire > armée > hiérarchie militaire > état-major,
th-representation-238,mobilisation,th-representation-206,armement-vie militaire > vie militaire > armée > mobilisation,
th-representation-239,recrutement,th-representation-206,armement-vie militaire > vie militaire > armée > recrutement,
th-representation-240,camp militaire,th-representation-192,armement-vie militaire > vie militaire > camp militaire,
th-representation-241,enseigne militaire,th-representation-192,armement-vie militaire > vie militaire > enseigne militaire,
th-representation-242,gonfanon,th-representation-241,armement-vie militaire > vie militaire > enseigne militaire > gonfanon,
th-representation-243,pennon,th-representation-241,armement-vie militaire > vie militaire > enseigne militaire > pennon,
th-representation-244,étendard,th-representation-241,armement-vie militaire > vie militaire > enseigne militaire > étendard,
th-representation-245,la guerre,th-representation-192,armement-vie militaire > vie militaire > la guerre,
th-representation-246,défense passive,th-representation-245,armement-vie militaire > vie militaire > la guerre > défense passive,
th-representation-247,phase de la guerre,th-representation-245,armement-vie militaire > vie militaire > la guerre > phase de la guerre,
th-representation-248,cessation de guerre,th-representation-247,armement-vie militaire > vie militaire > la guerre > phase de la guerre > cessation de guerre,
th-representation-249,défaite,th-representation-248,armement-vie militaire > vie militaire > la guerre > phase de la guerre > cessation de guerre > défaite,
th-representation-250,reddition,th-representation-248,armement-vie militaire > vie militaire > la guerre > phase de la guerre > cessation de guerre > reddition,
th-representation-251,désarmement,th-representation-250,armement-vie militaire > vie militaire > la guerre > phase de la guerre > cessation de guerre > reddition > désarmement,
th-representation-252,remise des clés,th-representation-250,armement-vie militaire > vie militaire > la guerre > phase de la guerre > cessation de guerre > reddition > remise des clés,
th-representation-253,trêve,th-representation-248,armement-vie militaire > vie militaire > la guerre > phase de la guerre > cessation de guerre > trêve,
th-representation-254,victoire,th-representation-248,armement-vie militaire > vie militaire > la guerre > phase de la guerre > cessation de guerre > victoire,
th-representation-255,triomphe,th-representation-254,armement-vie militaire > vie militaire > la guerre > phase de la guerre > cessation de guerre > victoire > triomphe,"réservé à la vie militaire, distinct de apothéose"
th-representation-256,trophée de guerre,th-representation-254,armement-vie militaire > vie militaire > la guerre > phase de la guerre > cessation de guerre > victoire > trophée de guerre,
th-representation-257,déclaration de guerre,th-representation-247,armement-vie militaire > vie militaire > la guerre > phase de la guerre > déclaration de guerre,
th-representation-258,fait de guerre,th-representation-247,armement-vie militaire > vie militaire > la guerre > phase de la guerre > fait de guerre,
th-representation-259,capture,th-representation-258,armement-vie militaire > vie militaire > la guerre > phase de la guerre > fait de guerre > capture,"action de faire prisonnier, distinct de captif et de enlèvement"
th-representation-260,captivité,th-representation-259,armement-vie militaire > vie militaire > la guerre > phase de la guerre > fait de guerre > capture > captivité,
th-representation-261,destruction,th-representation-258,armement-vie militaire > vie militaire > la guerre > phase de la guerre > fait de guerre > destruction,
th-representation-262,massacre,th-representation-258,armement-vie militaire > vie militaire > la guerre > phase de la guerre > fait de guerre > massacre,
th-representation-263,occupation militaire,th-representation-258,armement-vie militaire > vie militaire > la guerre > phase de la guerre > fait de guerre > occupation militaire,
th-representation-264,pillage,th-representation-258,armement-vie militaire > vie militaire > la guerre > phase de la guerre > fait de guerre > pillage,
th-representation-265,résistance,th-representation-258,armement-vie militaire > vie militaire > la guerre > phase de la guerre > fait de guerre > résistance,
th-representation-266,opération militaire,th-representation-247,armement-vie militaire > vie militaire > la guerre > phase de la guerre > opération militaire,
th-representation-267,après la bataille,th-representation-266,armement-vie militaire > vie militaire > la guerre > phase de la guerre > opération militaire > après la bataille,
th-representation-268,bataille,th-representation-266,armement-vie militaire > vie militaire > la guerre > phase de la guerre > opération militaire > bataille,
th-representation-269,abordage,th-representation-268,armement-vie militaire > vie militaire > la guerre > phase de la guerre > opération militaire > bataille > abordage,
th-representation-270,bataille rangée,th-representation-268,armement-vie militaire > vie militaire > la guerre > phase de la guerre > opération militaire > bataille > bataille rangée,"sens large, les grandes bataïlles aussi bien sur terre que sur mer"
th-representation-271,charge,th-representation-270,armement-vie militaire > vie militaire > la guerre > phase de la guerre > opération militaire > bataille > bataille rangée > charge,
th-representation-272,combat,th-representation-268,armement-vie militaire > vie militaire > la guerre > phase de la guerre > opération militaire > bataille > combat,
th-representation-273,embuscade,th-representation-268,armement-vie militaire > vie militaire > la guerre > phase de la guerre > opération militaire > bataille > embuscade,
th-representation-274,escarmouche,th-representation-268,armement-vie militaire > vie militaire > la guerre > phase de la guerre > opération militaire > bataille > escarmouche,combat entre soldats isolés ou petits détachements
th-representation-275,bombardement,th-representation-266,armement-vie militaire > vie militaire > la guerre > phase de la guerre > opération militaire > bombardement,
th-representation-276,combat singulier,th-representation-266,armement-vie militaire > vie militaire > la guerre > phase de la guerre > opération militaire > combat singulier,"combat entre deux personnes dans le cadre militaire, distinct de duel"
th-representation-277,guerre de siège,th-representation-266,armement-vie militaire > vie militaire > la guerre > phase de la guerre > opération militaire > guerre de siège,
th-representation-278,prise de place,th-representation-277,armement-vie militaire > vie militaire > la guerre > phase de la guerre > opération militaire > guerre de siège > prise de place,
th-representation-279,assaut,th-representation-278,armement-vie militaire > vie militaire > la guerre > phase de la guerre > opération militaire > guerre de siège > prise de place > assaut,
th-representation-280,sape,th-representation-277,armement-vie militaire > vie militaire > la guerre > phase de la guerre > opération militaire > guerre de siège > sape,
th-representation-281,guérilla,th-representation-266,armement-vie militaire > vie militaire > la guerre > phase de la guerre > opération militaire > guérilla,
th-representation-282,mouvement d'armée,th-representation-266,armement-vie militaire > vie militaire > la guerre > phase de la guerre > opération militaire > mouvement d'armée,"sens large, tout mouvement de troupe, quelle qu'en soit l'importance"
th-representation-283,poursuite militaire,th-representation-266,armement-vie militaire > vie militaire > la guerre > phase de la guerre > opération militaire > poursuite militaire,
th-representation-284,retraite militaire,th-representation-266,armement-vie militaire > vie militaire > la guerre > phase de la guerre > opération militaire > retraite militaire,
th-representation-285,stratégie,th-representation-245,armement-vie militaire > vie militaire > la guerre > stratégie,
th-representation-286,type de guerre,th-representation-245,armement-vie militaire > vie militaire > la guerre > type de guerre,
th-representation-287,guerre civile,th-representation-286,armement-vie militaire > vie militaire > la guerre > type de guerre > guerre civile,
th-representation-288,guerre coloniale,th-representation-286,armement-vie militaire > vie militaire > la guerre > type de guerre > guerre coloniale,
th-representation-289,guerre religieuse,th-representation-286,armement-vie militaire > vie militaire > la guerre > type de guerre > guerre religieuse,
th-representation-290,croisade,th-representation-289,armement-vie militaire > vie militaire > la guerre > type de guerre > guerre religieuse > croisade,
th-representation-291,manifestation militaire,th-representation-192,armement-vie militaire > vie militaire > manifestation militaire,
th-representation-292,défilé,th-representation-291,armement-vie militaire > vie militaire > manifestation militaire > défilé,
th-representation-293,prise d'armes,th-representation-291,armement-vie militaire > vie militaire > manifestation militaire > prise d'armes,
th-representation-294,revue,th-representation-291,armement-vie militaire > vie militaire > manifestation militaire > revue,
th-representation-295,temps de paix,th-representation-192,armement-vie militaire > vie militaire > temps de paix,
th-representation-296,la paix,th-representation-295,armement-vie militaire > vie militaire > temps de paix > la paix,
th-representation-297,libération,th-representation-295,armement-vie militaire > vie militaire > temps de paix > libération,
th-representation-298,arts et spectacles,,arts et spectacles,
th-representation-299,architecture d'activité artistique,th-representation-298,arts et spectacles > architecture d'activité artistique,
th-representation-300,partie d'édifice d'activité artistique,th-representation-299,arts et spectacles > architecture d'activité artistique > partie d'édifice d'activité artistique,
th-representation-301,foyer,th-representation-300,arts et spectacles > architecture d'activité artistique > partie d'édifice d'activité artistique > foyer,
th-representation-302,loge,th-representation-300,arts et spectacles > architecture d'activité artistique > partie d'édifice d'activité artistique > loge,
th-representation-303,plateau de scène,th-representation-300,arts et spectacles > architecture d'activité artistique > partie d'édifice d'activité artistique > plateau de scène,
th-representation-304,édifice d'activité artistique ou du spectacle,th-representation-299,arts et spectacles > architecture d'activité artistique > édifice d'activité artistique ou du spectacle,
th-representation-305,arènes,th-representation-304,arts et spectacles > architecture d'activité artistique > édifice d'activité artistique ou du spectacle > arènes,"sens large, valable pour amphithéâtre"
th-representation-306,atelier d'artiste,th-representation-304,arts et spectacles > architecture d'activité artistique > édifice d'activité artistique ou du spectacle > atelier d'artiste,
th-representation-307,café-concert,th-representation-304,arts et spectacles > architecture d'activité artistique > édifice d'activité artistique ou du spectacle > café-concert,
th-representation-308,chapiteau de cirque,th-representation-304,arts et spectacles > architecture d'activité artistique > édifice d'activité artistique ou du spectacle > chapiteau de cirque,
th-representation-309,cinéma,th-representation-304,arts et spectacles > architecture d'activité artistique > édifice d'activité artistique ou du spectacle > cinéma,
th-representation-310,galerie d'art,th-representation-304,arts et spectacles > architecture d'activité artistique > édifice d'activité artistique ou du spectacle > galerie d'art,
th-representation-311,music-hall,th-representation-304,arts et spectacles > architecture d'activité artistique > édifice d'activité artistique ou du spectacle > music-hall,
th-representation-312,salle de concert,th-representation-304,arts et spectacles > architecture d'activité artistique > édifice d'activité artistique ou du spectacle > salle de concert,
th-representation-313,salle des fêtes,th-representation-304,arts et spectacles > architecture d'activité artistique > édifice d'activité artistique ou du spectacle > salle des fêtes,
th-representation-314,théâtre,th-representation-304,arts et spectacles > architecture d'activité artistique > édifice d'activité artistique ou du spectacle > théâtre,
th-representation-315,opéra,th-representation-314,arts et spectacles > architecture d'activité artistique > édifice d'activité artistique ou du spectacle > théâtre > opéra,
th-representation-316,inspiration,th-representation-298,arts et spectacles > inspiration,
th-representation-317,les arts,th-representation-298,arts et spectacles > les arts,
th-representation-318,art appliqué,th-representation-317,arts et spectacles > les arts > art appliqué,peut être complété par d'autres descripteurs
th-representation-319,art de la danse,th-representation-317,arts et spectacles > les arts > art de la danse,
th-representation-320,art de la musique,th-representation-317,arts et spectacles > les arts > art de la musique,
th-representation-321,accessoire de musique,th-representation-320,arts et spectacles > les arts > art de la musique > accessoire de musique,
th-representation-322,formation instrumentale,th-representation-320,arts et spectacles > les arts > art de la musique > formation instrumentale,
th-representation-323,fanfare,th-representation-322,arts et spectacles > les arts > art de la musique > formation instrumentale > fanfare,
th-representation-324,orchestre,th-representation-322,arts et spectacles > les arts > art de la musique > formation instrumentale > orchestre,
th-representation-325,instrument de musique,th-representation-320,arts et spectacles > les arts > art de la musique > instrument de musique,
th-representation-326,instrument de musique mécanique,th-representation-325,arts et spectacles > les arts > art de la musique > instrument de musique > instrument de musique mécanique,
th-representation-327,boîte à musique,th-representation-326,arts et spectacles > les arts > art de la musique > instrument de musique > instrument de musique mécanique > boîte à musique,
th-representation-328,orgue de Barbarie,th-representation-326,arts et spectacles > les arts > art de la musique > instrument de musique > instrument de musique mécanique > orgue de Barbarie,
th-representation-329,orgue mécanique,th-representation-326,arts et spectacles > les arts > art de la musique > instrument de musique > instrument de musique mécanique > orgue mécanique,
th-representation-330,instrument à clavier,th-representation-325,arts et spectacles > les arts > art de la musique > instrument de musique > instrument à clavier,
th-representation-331,clavecin,th-representation-330,arts et spectacles > les arts > art de la musique > instrument de musique > instrument à clavier > clavecin,
th-representation-332,épinette,th-representation-331,arts et spectacles > les arts > art de la musique > instrument de musique > instrument à clavier > clavecin > épinette,
th-representation-333,clavicorde,th-representation-330,arts et spectacles > les arts > art de la musique > instrument de musique > instrument à clavier > clavicorde,
th-representation-334,orgue,th-representation-330,arts et spectacles > les arts > art de la musique > instrument de musique > instrument à clavier > orgue,
th-representation-335,orgue portatif,th-representation-334,arts et spectacles > les arts > art de la musique > instrument de musique > instrument à clavier > orgue > orgue portatif,
th-representation-336,piano,th-representation-330,arts et spectacles > les arts > art de la musique > instrument de musique > instrument à clavier > piano,
th-representation-337,instrument à cordes,th-representation-325,arts et spectacles > les arts > art de la musique > instrument de musique > instrument à cordes,
th-representation-338,cithare,th-representation-337,arts et spectacles > les arts > art de la musique > instrument de musique > instrument à cordes > cithare,
th-representation-339,psalterion,th-representation-338,arts et spectacles > les arts > art de la musique > instrument de musique > instrument à cordes > cithare > psalterion,
th-representation-340,contrebasse,th-representation-337,arts et spectacles > les arts > art de la musique > instrument de musique > instrument à cordes > contrebasse,
th-representation-341,guitare,th-representation-337,arts et spectacles > les arts > art de la musique > instrument de musique > instrument à cordes > guitare,
th-representation-342,banjo,th-representation-341,arts et spectacles > les arts > art de la musique > instrument de musique > instrument à cordes > guitare > banjo,
th-representation-343,harpe,th-representation-337,arts et spectacles > les arts > art de la musique > instrument de musique > instrument à cordes > harpe,
th-representation-344,luths,th-representation-337,arts et spectacles > les arts > art de la musique > instrument de musique > instrument à cordes > luths,
th-representation-345,luth,th-representation-344,arts et spectacles > les arts > art de la musique > instrument de musique > instrument à cordes > luths > luth,
th-representation-346,lyre,th-representation-337,arts et spectacles > les arts > art de la musique > instrument de musique > instrument à cordes > lyre,
th-representation-347,mandoline,th-representation-337,arts et spectacles > les arts > art de la musique > instrument de musique > instrument à cordes > mandoline,
th-representation-348,vieles,th-representation-337,arts et spectacles > les arts > art de la musique > instrument de musique > instrument à cordes > vieles,
th-representation-349,rebec,th-representation-348,arts et spectacles > les arts > art de la musique > instrument de musique > instrument à cordes > vieles > rebec,
th-representation-350,vielle à roue,th-representation-337,arts et spectacles > les arts > art de la musique > instrument de musique > instrument à cordes > vielle à roue,
th-representation-351,viole,th-representation-337,arts et spectacles > les arts > art de la musique > instrument de musique > instrument à cordes > viole,
th-representation-352,violon,th-representation-337,arts et spectacles > les arts > art de la musique > instrument de musique > instrument à cordes > violon,
th-representation-353,violoncelle,th-representation-337,arts et spectacles > les arts > art de la musique > instrument de musique > instrument à cordes > violoncelle,
th-representation-354,instrument à percussion,th-representation-325,arts et spectacles > les arts > art de la musique > instrument de musique > instrument à percussion,
th-representation-355,cadre à sonnailles,th-representation-354,arts et spectacles > les arts > art de la musique > instrument de musique > instrument à percussion > cadre à sonnailles,
th-representation-356,castagnettes,th-representation-354,arts et spectacles > les arts > art de la musique > instrument de musique > instrument à percussion > castagnettes,
th-representation-357,cloche,th-representation-354,arts et spectacles > les arts > art de la musique > instrument de musique > instrument à percussion > cloche,
th-representation-358,carillon,th-representation-357,arts et spectacles > les arts > art de la musique > instrument de musique > instrument à percussion > cloche > carillon,
th-representation-359,clochette,th-representation-357,arts et spectacles > les arts > art de la musique > instrument de musique > instrument à percussion > cloche > clochette,
th-representation-360,cymbale,th-representation-354,arts et spectacles > les arts > art de la musique > instrument de musique > instrument à percussion > cymbale,
th-representation-361,grelot,th-representation-354,arts et spectacles > les arts > art de la musique > instrument de musique > instrument à percussion > grelot,
th-representation-362,guimbarde,th-representation-354,arts et spectacles > les arts > art de la musique > instrument de musique > instrument à percussion > guimbarde,
th-representation-363,le triangle,th-representation-354,arts et spectacles > les arts > art de la musique > instrument de musique > instrument à percussion > le triangle,
th-representation-364,tambour,th-representation-354,arts et spectacles > les arts > art de la musique > instrument de musique > instrument à percussion > tambour,
th-representation-365,grosse caisse,th-representation-364,arts et spectacles > les arts > art de la musique > instrument de musique > instrument à percussion > tambour > grosse caisse,
th-representation-366,tambourin,th-representation-364,arts et spectacles > les arts > art de la musique > instrument de musique > instrument à percussion > tambour > tambourin,
th-representation-367,timbale,th-representation-364,arts et spectacles > les arts > art de la musique > instrument de musique > instrument à percussion > tambour > timbale,
th-representation-368,xylophone,th-representation-354,arts et spectacles > les arts > art de la musique > instrument de musique > instrument à percussion > xylophone,
th-representation-369,instrument à vent,th-representation-325,arts et spectacles > les arts > art de la musique > instrument de musique > instrument à vent,
th-representation-370,accordéon,th-representation-369,arts et spectacles > les arts > art de la musique > instrument de musique > instrument à vent > accordéon,
th-representation-371,bandonéon,th-representation-370,arts et spectacles > les arts > art de la musique > instrument de musique > instrument à vent > accordéon > bandonéon,
th-representation-372,basson,th-representation-369,arts et spectacles > les arts > art de la musique > instrument de musique > instrument à vent > basson,
th-representation-373,clairon,th-representation-369,arts et spectacles > les arts > art de la musique > instrument de musique > instrument à vent > clairon,
th-representation-374,clarinette,th-representation-369,arts et spectacles > les arts > art de la musique > instrument de musique > instrument à vent > clarinette,
th-representation-375,cor,th-representation-369,arts et spectacles > les arts > art de la musique > instrument de musique > instrument à vent > cor,"équivalent de l'instrument habituellement appelé corne,"
th-representation-376,olifant,th-representation-375,arts et spectacles > les arts > art de la musique > instrument de musique > instrument à vent > cor > olifant,
th-representation-377,cornemuse,th-representation-369,arts et spectacles > les arts > art de la musique > instrument de musique > instrument à vent > cornemuse,
th-representation-378,biniou,th-representation-377,arts et spectacles > les arts > art de la musique > instrument de musique > instrument à vent > cornemuse > biniou,
th-representation-379,musette,th-representation-377,arts et spectacles > les arts > art de la musique > instrument de musique > instrument à vent > cornemuse > musette,
th-representation-380,flûte,th-representation-369,arts et spectacles > les arts > art de la musique > instrument de musique > instrument à vent > flûte,
th-representation-381,aulos,th-representation-380,arts et spectacles > les arts > art de la musique > instrument de musique > instrument à vent > flûte > aulos,
th-representation-382,flûte de Pan,th-representation-380,arts et spectacles > les arts > art de la musique > instrument de musique > instrument à vent > flûte > flûte de Pan,
th-representation-383,flûte traversière,th-representation-380,arts et spectacles > les arts > art de la musique > instrument de musique > instrument à vent > flûte > flûte traversière,
th-representation-384,flûte à bec,th-representation-380,arts et spectacles > les arts > art de la musique > instrument de musique > instrument à vent > flûte > flûte à bec,
th-representation-385,pipeau,th-representation-380,arts et spectacles > les arts > art de la musique > instrument de musique > instrument à vent > flûte > pipeau,
th-representation-386,harmonica,th-representation-369,arts et spectacles > les arts > art de la musique > instrument de musique > instrument à vent > harmonica,
th-representation-387,hautbois,th-representation-369,arts et spectacles > les arts > art de la musique > instrument de musique > instrument à vent > hautbois,
th-representation-388,bombarde,th-representation-387,arts et spectacles > les arts > art de la musique > instrument de musique > instrument à vent > hautbois > bombarde,
th-representation-389,ocarina,th-representation-369,arts et spectacles > les arts > art de la musique > instrument de musique > instrument à vent > ocarina,
th-representation-390,ophicléide,th-representation-369,arts et spectacles > les arts > art de la musique > instrument de musique > instrument à vent > ophicléide,
th-representation-391,saxophone,th-representation-369,arts et spectacles > les arts > art de la musique > instrument de musique > instrument à vent > saxophone,
th-representation-392,trombone,th-representation-369,arts et spectacles > les arts > art de la musique > instrument de musique > instrument à vent > trombone,
th-representation-393,trompe de chasse,th-representation-369,arts et spectacles > les arts > art de la musique > instrument de musique > instrument à vent > trompe de chasse,
th-representation-394,trompette,th-representation-369,arts et spectacles > les arts > art de la musique > instrument de musique > instrument à vent > trompette,
th-representation-395,conque marine,th-representation-394,arts et spectacles > les arts > art de la musique > instrument de musique > instrument à vent > trompette > conque marine,
th-representation-396,tuba,th-representation-369,arts et spectacles > les arts > art de la musique > instrument de musique > instrument à vent > tuba,
th-representation-397,musique,th-representation-320,arts et spectacles > les arts > art de la musique > musique,
th-representation-398,musique vocale,th-representation-320,arts et spectacles > les arts > art de la musique > musique vocale,
th-representation-399,chant,th-representation-398,arts et spectacles > les arts > art de la musique > musique vocale > chant,
th-representation-400,choeur,th-representation-398,arts et spectacles > les arts > art de la musique > musique vocale > choeur,
th-representation-401,partition,th-representation-320,arts et spectacles > les arts > art de la musique > partition,
th-representation-402,art du spectacle,th-representation-317,arts et spectacles > les arts > art du spectacle,
th-representation-403,art dramatique,th-representation-402,arts et spectacles > les arts > art du spectacle > art dramatique,
th-representation-404,comédie,th-representation-403,arts et spectacles > les arts > art du spectacle > art dramatique > comédie,
th-representation-405,comédie italienne,th-representation-404,arts et spectacles > les arts > art du spectacle > art dramatique > comédie > comédie italienne,
th-representation-406,mime,th-representation-403,arts et spectacles > les arts > art du spectacle > art dramatique > mime,
th-representation-407,théâtre de marionnettes,th-representation-403,arts et spectacles > les arts > art du spectacle > art dramatique > théâtre de marionnettes,
th-representation-408,théâtre lyrique,th-representation-403,arts et spectacles > les arts > art du spectacle > art dramatique > théâtre lyrique,
th-representation-409,tragédie,th-representation-403,arts et spectacles > les arts > art du spectacle > art dramatique > tragédie,
th-representation-410,cirque,th-representation-402,arts et spectacles > les arts > art du spectacle > cirque,
th-representation-411,acrobatie,th-representation-410,arts et spectacles > les arts > art du spectacle > cirque > acrobatie,
th-representation-412,clownerie,th-representation-410,arts et spectacles > les arts > art du spectacle > cirque > clownerie,
th-representation-413,jonglerie,th-representation-410,arts et spectacles > les arts > art du spectacle > cirque > jonglerie,
th-representation-414,montre d'animaux,th-representation-410,arts et spectacles > les arts > art du spectacle > cirque > montre d'animaux,
th-representation-415,équilibrisme,th-representation-410,arts et spectacles > les arts > art du spectacle > cirque > équilibrisme,
th-representation-416,illusionnisme,th-representation-402,arts et spectacles > les arts > art du spectacle > illusionnisme,
th-representation-417,jeux du cirque,th-representation-402,arts et spectacles > les arts > art du spectacle > jeux du cirque,
th-representation-418,spectacle de variétés,th-representation-402,arts et spectacles > les arts > art du spectacle > spectacle de variétés,
th-representation-419,tauromachie,th-representation-402,arts et spectacles > les arts > art du spectacle > tauromachie,
th-representation-420,art littéraire,th-representation-317,arts et spectacles > les arts > art littéraire,
th-representation-421,poésie,th-representation-420,arts et spectacles > les arts > art littéraire > poésie,
th-representation-422,beaux-arts,th-representation-317,arts et spectacles > les arts > beaux-arts,
th-representation-423,art plastique,th-representation-422,arts et spectacles > les arts > beaux-arts > art plastique,
th-representation-424,art de l'architecture,th-representation-423,arts et spectacles > les arts > beaux-arts > art plastique > art de l'architecture,
th-representation-425,art de la gravure,th-representation-423,arts et spectacles > les arts > beaux-arts > art plastique > art de la gravure,
th-representation-426,art de la peinture,th-representation-423,arts et spectacles > les arts > beaux-arts > art plastique > art de la peinture,
th-representation-427,art de la photographie,th-representation-423,arts et spectacles > les arts > beaux-arts > art plastique > art de la photographie,
th-representation-428,art de la sculpture,th-representation-423,arts et spectacles > les arts > beaux-arts > art plastique > art de la sculpture,
th-representation-429,art du cinéma,th-representation-423,arts et spectacles > les arts > beaux-arts > art plastique > art du cinéma,
th-representation-430,art du dessin,th-representation-423,arts et spectacles > les arts > beaux-arts > art plastique > art du dessin,
th-representation-431,oeuvre d'art,th-representation-422,arts et spectacles > les arts > beaux-arts > oeuvre d'art,
th-representation-432,dessin,th-representation-431,arts et spectacles > les arts > beaux-arts > oeuvre d'art > dessin,
th-representation-433,estampe,th-representation-431,arts et spectacles > les arts > beaux-arts > oeuvre d'art > estampe,
th-representation-434,peinture,th-representation-431,arts et spectacles > les arts > beaux-arts > oeuvre d'art > peinture,
th-representation-435,enluminure,th-representation-434,arts et spectacles > les arts > beaux-arts > oeuvre d'art > peinture > enluminure,
th-representation-436,miniature,th-representation-434,arts et spectacles > les arts > beaux-arts > oeuvre d'art > peinture > miniature,
th-representation-437,peinture murale,th-representation-434,arts et spectacles > les arts > beaux-arts > oeuvre d'art > peinture > peinture murale,
th-representation-438,tableau,th-representation-434,arts et spectacles > les arts > beaux-arts > oeuvre d'art > peinture > tableau,
th-representation-439,sculpture,th-representation-431,arts et spectacles > les arts > beaux-arts > oeuvre d'art > sculpture,
th-representation-440,relief,th-representation-439,arts et spectacles > les arts > beaux-arts > oeuvre d'art > sculpture > relief,
th-representation-441,ronde-bosse,th-representation-439,arts et spectacles > les arts > beaux-arts > oeuvre d'art > sculpture > ronde-bosse,
th-representation-442,statue,th-representation-441,arts et spectacles > les arts > beaux-arts > oeuvre d'art > sculpture > ronde-bosse > statue,
th-representation-443,profession des arts,th-representation-298,arts et spectacles > profession des arts,
th-representation-444,architecte,th-representation-443,arts et spectacles > profession des arts > architecte,
th-representation-445,artiste,th-representation-443,arts et spectacles > profession des arts > artiste,
th-representation-446,bouffon,th-representation-445,arts et spectacles > profession des arts > artiste > bouffon,
th-representation-447,chanteur,th-representation-445,arts et spectacles > profession des arts > artiste > chanteur,
th-representation-448,chanteur lyrique,th-representation-447,arts et spectacles > profession des arts > artiste > chanteur > chanteur lyrique,
th-representation-449,clown,th-representation-445,arts et spectacles > profession des arts > artiste > clown,
th-representation-450,comédien,th-representation-445,arts et spectacles > profession des arts > artiste > comédien,
th-representation-451,danseur,th-representation-445,arts et spectacles > profession des arts > artiste > danseur,
th-representation-452,dessinateur,th-representation-445,arts et spectacles > profession des arts > artiste > dessinateur,
th-representation-453,graveur,th-representation-445,arts et spectacles > profession des arts > artiste > graveur,
th-representation-454,musicien,th-representation-445,arts et spectacles > profession des arts > artiste > musicien,
th-representation-455,peintre,th-representation-445,arts et spectacles > profession des arts > artiste > peintre,
th-representation-456,photographe,th-representation-445,arts et spectacles > profession des arts > artiste > photographe,
th-representation-457,poète,th-representation-445,arts et spectacles > profession des arts > artiste > poète,
th-representation-458,sculpteur,th-representation-445,arts et spectacles > profession des arts > artiste > sculpteur,
th-representation-459,modèle d'artiste,th-representation-443,arts et spectacles > profession des arts > modèle d'artiste,
th-representation-460,valeur esthétique,th-representation-298,arts et spectacles > valeur esthétique,
th-representation-461,beauté,th-representation-460,arts et spectacles > valeur esthétique > beauté,
th-representation-462,laideur,th-representation-460,arts et spectacles > valeur esthétique > laideur,
th-representation-463,la nature,,la nature,
th-representation-464,animal,th-representation-463,la nature > animal,"il a rarement été tenu compte de l'âge et du sexe des animaux, voir les notes de femelle et de petit d'animal"
th-representation-465,abri d'animal,th-representation-464,la nature > animal > abri d'animal,"abri naturel, aménagé par l'animal lui-même (pour les abris aménagés par l'homme, voir abri pour ani. mal et meuble pour animal familier)"
th-representation-466,nid,th-representation-465,la nature > animal > abri d'animal > nid,
th-representation-467,terrier,th-representation-465,la nature > animal > abri d'animal > terrier,
th-representation-468,agression animale,th-representation-464,la nature > animal > agression animale,descripteur réservé aux agressions par lPanimal
th-representation-469,animal naturalisé,th-representation-464,la nature > animal > animal naturalisé,
th-representation-470,espèce animale,th-representation-464,la nature > animal > espèce animale,
th-representation-471,annélide,th-representation-470,la nature > animal > espèce animale > annélide,
th-representation-472,clitellate,th-representation-471,la nature > animal > espèce animale > annélide > clitellate,
th-representation-473,sangsue,th-representation-472,la nature > animal > espèce animale > annélide > clitellate > sangsue,
th-representation-474,arthropode,th-representation-470,la nature > animal > espèce animale > arthropode,
th-representation-475,chélicéré,th-representation-474,la nature > animal > espèce animale > arthropode > chélicéré,
th-representation-476,arachnide,th-representation-475,la nature > animal > espèce animale > arthropode > chélicéré > arachnide,
th-representation-477,araignée,th-representation-476,la nature > animal > espèce animale > arthropode > chélicéré > arachnide > araignée,
th-representation-478,scorpion,th-representation-476,la nature > animal > espèce animale > arthropode > chélicéré > arachnide > scorpion,
th-representation-479,crustacé,th-representation-474,la nature > animal > espèce animale > arthropode > crustacé,
th-representation-480,malacostra,th-representation-479,la nature > animal > espèce animale > arthropode > crustacé > malacostra,
th-representation-481,amphipode,th-representation-480,la nature > animal > espèce animale > arthropode > crustacé > malacostra > amphipode,
th-representation-482,cystisoma,th-representation-481,la nature > animal > espèce animale > arthropode > crustacé > malacostra > amphipode > cystisoma,
th-representation-483,décapode,th-representation-480,la nature > animal > espèce animale > arthropode > crustacé > malacostra > décapode,
th-representation-484,araignée de mer,th-representation-483,la nature > animal > espèce animale > arthropode > crustacé > malacostra > décapode > araignée de mer,
th-representation-485,bernard-l'hermite,th-representation-483,la nature > animal > espèce animale > arthropode > crustacé > malacostra > décapode > bernard-l'hermite,
th-representation-486,crabe,th-representation-483,la nature > animal > espèce animale > arthropode > crustacé > malacostra > décapode > crabe,
th-representation-487,lithode,th-representation-486,la nature > animal > espèce animale > arthropode > crustacé > malacostra > décapode > crabe > lithode,
th-representation-488,tourteau,th-representation-486,la nature > animal > espèce animale > arthropode > crustacé > malacostra > décapode > crabe > tourteau,
th-representation-489,crevette,th-representation-483,la nature > animal > espèce animale > arthropode > crustacé > malacostra > décapode > crevette,
th-representation-490,homard,th-representation-483,la nature > animal > espèce animale > arthropode > crustacé > malacostra > décapode > homard,
th-representation-491,ixa,th-representation-483,la nature > animal > espèce animale > arthropode > crustacé > malacostra > décapode > ixa,
th-representation-492,langouste,th-representation-483,la nature > animal > espèce animale > arthropode > crustacé > malacostra > décapode > langouste,
th-representation-493,langoustine,th-representation-483,la nature > animal > espèce animale > arthropode > crustacé > malacostra > décapode > langoustine,
th-representation-494,écrevisse,th-representation-483,la nature > animal > espèce animale > arthropode > crustacé > malacostra > décapode > écrevisse,
th-representation-495,stomadopoda,th-representation-480,la nature > animal > espèce animale > arthropode > crustacé > malacostra > stomadopoda,
th-representation-496,squille,th-representation-495,la nature > animal > espèce animale > arthropode > crustacé > malacostra > stomadopoda > squille,
th-representation-497,insecte,th-representation-474,la nature > animal > espèce animale > arthropode > insecte,
th-representation-498,blattoptère,th-representation-497,la nature > animal > espèce animale > arthropode > insecte > blattoptère,
th-representation-499,blatte,th-representation-498,la nature > animal > espèce animale > arthropode > insecte > blattoptère > blatte,
th-representation-500,termite,th-representation-498,la nature > animal > espèce animale > arthropode > insecte > blattoptère > termite,
th-representation-501,coléoptère,th-representation-497,la nature > animal > espèce animale > arthropode > insecte > coléoptère,
th-representation-502,coccinelle,th-representation-501,la nature > animal > espèce animale > arthropode > insecte > coléoptère > coccinelle,
th-representation-503,hanneton,th-representation-501,la nature > animal > espèce animale > arthropode > insecte > coléoptère > hanneton,
th-representation-504,scarabée,th-representation-501,la nature > animal > espèce animale > arthropode > insecte > coléoptère > scarabée,
th-representation-505,diptère,th-representation-497,la nature > animal > espèce animale > arthropode > insecte > diptère,
th-representation-506,mouche,th-representation-505,la nature > animal > espèce animale > arthropode > insecte > diptère > mouche,
th-representation-507,moustique,th-representation-505,la nature > animal > espèce animale > arthropode > insecte > diptère > moustique,
th-representation-508,hyménoptère,th-representation-497,la nature > animal > espèce animale > arthropode > insecte > hyménoptère,
th-representation-509,abeille,th-representation-508,la nature > animal > espèce animale > arthropode > insecte > hyménoptère > abeille,
th-representation-510,bourdon,th-representation-508,la nature > animal > espèce animale > arthropode > insecte > hyménoptère > bourdon,
th-representation-511,fourmi,th-representation-508,la nature > animal > espèce animale > arthropode > insecte > hyménoptère > fourmi,
th-representation-512,frelon,th-representation-508,la nature > animal > espèce animale > arthropode > insecte > hyménoptère > frelon,
th-representation-513,guêpe,th-representation-508,la nature > animal > espèce animale > arthropode > insecte > hyménoptère > guêpe,
th-representation-514,sphex,th-representation-508,la nature > animal > espèce animale > arthropode > insecte > hyménoptère > sphex,
th-representation-515,hémiptère,th-representation-497,la nature > animal > espèce animale > arthropode > insecte > hémiptère,
th-representation-516,cigale,th-representation-515,la nature > animal > espèce animale > arthropode > insecte > hémiptère > cigale,
th-representation-517,lépidoptère,th-representation-497,la nature > animal > espèce animale > arthropode > insecte > lépidoptère,
th-representation-518,mite,th-representation-517,la nature > animal > espèce animale > arthropode > insecte > lépidoptère > mite,
th-representation-519,papillon,th-representation-517,la nature > animal > espèce animale > arthropode > insecte > lépidoptère > papillon,
th-representation-520,mantoptère,th-representation-497,la nature > animal > espèce animale > arthropode > insecte > mantoptère,
th-representation-521,mante religieuse,th-representation-520,la nature > animal > espèce animale > arthropode > insecte > mantoptère > mante religieuse,
th-representation-522,odonate,th-representation-497,la nature > animal > espèce animale > arthropode > insecte > odonate,
th-representation-523,libellule,th-representation-522,la nature > animal > espèce animale > arthropode > insecte > odonate > libellule,
th-representation-524,orthoptère,th-representation-497,la nature > animal > espèce animale > arthropode > insecte > orthoptère,
th-representation-525,criquet,th-representation-524,la nature > animal > espèce animale > arthropode > insecte > orthoptère > criquet,
th-representation-526,grillon,th-representation-524,la nature > animal > espèce animale > arthropode > insecte > orthoptère > grillon,
th-representation-527,sauterelle,th-representation-524,la nature > animal > espèce animale > arthropode > insecte > orthoptère > sauterelle,
th-representation-528,phthiraptère,th-representation-497,la nature > animal > espèce animale > arthropode > insecte > phthiraptère,
th-representation-529,anoploure,th-representation-528,la nature > animal > espèce animale > arthropode > insecte > phthiraptère > anoploure,
th-representation-530,pou,th-representation-528,la nature > animal > espèce animale > arthropode > insecte > phthiraptère > pou,
th-representation-531,siphonaptère,th-representation-497,la nature > animal > espèce animale > arthropode > insecte > siphonaptère,
th-representation-532,puce,th-representation-531,la nature > animal > espèce animale > arthropode > insecte > siphonaptère > puce,
th-representation-533,myriapodes,th-representation-474,la nature > animal > espèce animale > arthropode > myriapodes,
th-representation-534,chordé,th-representation-470,la nature > animal > espèce animale > chordé,
th-representation-535,vertébré,th-representation-534,la nature > animal > espèce animale > chordé > vertébré,
th-representation-536,amphibien,th-representation-535,la nature > animal > espèce animale > chordé > vertébré > amphibien,
th-representation-537,anoure,th-representation-536,la nature > animal > espèce animale > chordé > vertébré > amphibien > anoure,
th-representation-538,crapaud,th-representation-537,la nature > animal > espèce animale > chordé > vertébré > amphibien > anoure > crapaud,
th-representation-539,grenouille,th-representation-537,la nature > animal > espèce animale > chordé > vertébré > amphibien > anoure > grenouille,
th-representation-540,rainette,th-representation-537,la nature > animal > espèce animale > chordé > vertébré > amphibien > anoure > rainette,
th-representation-541,urodèle,th-representation-536,la nature > animal > espèce animale > chordé > vertébré > amphibien > urodèle,
th-representation-542,salamandre,th-representation-541,la nature > animal > espèce animale > chordé > vertébré > amphibien > urodèle > salamandre,
th-representation-543,triton,th-representation-541,la nature > animal > espèce animale > chordé > vertébré > amphibien > urodèle > triton,
th-representation-544,triton marbré,th-representation-543,la nature > animal > espèce animale > chordé > vertébré > amphibien > urodèle > triton > triton marbré,
th-representation-545,triton palmé,th-representation-543,la nature > animal > espèce animale > chordé > vertébré > amphibien > urodèle > triton > triton palmé,
th-representation-546,mammifère,th-representation-535,la nature > animal > espèce animale > chordé > vertébré > mammifère,
th-representation-547,carnivore,th-representation-546,la nature > animal > espèce animale > chordé > vertébré > mammifère > carnivore,
th-representation-548,caniforme,th-representation-547,la nature > animal > espèce animale > chordé > vertébré > mammifère > carnivore > caniforme,
th-representation-549,canidé,th-representation-548,la nature > animal > espèce animale > chordé > vertébré > mammifère > carnivore > caniforme > canidé,
th-representation-550,chacal,th-representation-549,la nature > animal > espèce animale > chordé > vertébré > mammifère > carnivore > caniforme > canidé > chacal,
th-representation-551,chien,th-representation-549,la nature > animal > espèce animale > chordé > vertébré > mammifère > carnivore > caniforme > canidé > chien,
th-representation-552,barbet,th-representation-551,la nature > animal > espèce animale > chordé > vertébré > mammifère > carnivore > caniforme > canidé > chien > barbet,
th-representation-553,basset,th-representation-551,la nature > animal > espèce animale > chordé > vertébré > mammifère > carnivore > caniforme > canidé > chien > basset,
th-representation-554,beagle,th-representation-551,la nature > animal > espèce animale > chordé > vertébré > mammifère > carnivore > caniforme > canidé > chien > beagle,
th-representation-555,berger allemand,th-representation-551,la nature > animal > espèce animale > chordé > vertébré > mammifère > carnivore > caniforme > canidé > chien > berger allemand,
th-representation-556,bichon,th-representation-551,la nature > animal > espèce animale > chordé > vertébré > mammifère > carnivore > caniforme > canidé > chien > bichon,
th-representation-557,bouledogue,th-representation-551,la nature > animal > espèce animale > chordé > vertébré > mammifère > carnivore > caniforme > canidé > chien > bouledogue,
th-representation-558,boxer,th-representation-551,la nature > animal > espèce animale > chordé > vertébré > mammifère > carnivore > caniforme > canidé > chien > boxer,
th-representation-559,braque,th-representation-551,la nature > animal > espèce animale > chordé > vertébré > mammifère > carnivore > caniforme > canidé > chien > braque,
th-representation-560,caniche,th-representation-551,la nature > animal > espèce animale > chordé > vertébré > mammifère > carnivore > caniforme > canidé > chien > caniche,
th-representation-561,carlin,th-representation-551,la nature > animal > espèce animale > chordé > vertébré > mammifère > carnivore > caniforme > canidé > chien > carlin,
th-representation-562,chien berger,th-representation-551,la nature > animal > espèce animale > chordé > vertébré > mammifère > carnivore > caniforme > canidé > chien > chien berger,
th-representation-563,chien beauceron,th-representation-562,la nature > animal > espèce animale > chordé > vertébré > mammifère > carnivore > caniforme > canidé > chien > chien berger > chien beauceron,
th-representation-564,chien bouvier,th-representation-551,la nature > animal > espèce animale > chordé > vertébré > mammifère > carnivore > caniforme > canidé > chien > chien bouvier,
th-representation-565,chien bâtard,th-representation-551,la nature > animal > espèce animale > chordé > vertébré > mammifère > carnivore > caniforme > canidé > chien > chien bâtard,
th-representation-566,chien danois,th-representation-551,la nature > animal > espèce animale > chordé > vertébré > mammifère > carnivore > caniforme > canidé > chien > chien danois,
th-representation-567,chien de Terre-Neuve,th-representation-551,la nature > animal > espèce animale > chordé > vertébré > mammifère > carnivore > caniforme > canidé > chien > chien de Terre-Neuve,
th-representation-568,chien griffon,th-representation-551,la nature > animal > espèce animale > chordé > vertébré > mammifère > carnivore > caniforme > canidé > chien > chien griffon,
th-representation-569,chien labrador,th-representation-551,la nature > animal > espèce animale > chordé > vertébré > mammifère > carnivore > caniforme > canidé > chien > chien labrador,
th-representation-570,chien papillon,th-representation-551,la nature > animal > espèce animale > chordé > vertébré > mammifère > carnivore > caniforme > canidé > chien > chien papillon,
th-representation-571,chien pékinois,th-representation-551,la nature > animal > espèce animale > chordé > vertébré > mammifère > carnivore > caniforme > canidé > chien > chien pékinois,
th-representation-572,chien saint-Bernard,th-representation-551,la nature > animal > espèce animale > chordé > vertébré > mammifère > carnivore > caniforme > canidé > chien > chien saint-Bernard,
th-representation-573,chien terrier,th-representation-551,la nature > animal > espèce animale > chordé > vertébré > mammifère > carnivore > caniforme > canidé > chien > chien terrier,
th-representation-574,fox-terrier,th-representation-573,la nature > animal > espèce animale > chordé > vertébré > mammifère > carnivore > caniforme > canidé > chien > chien terrier > fox-terrier,
th-representation-575,scottish-terrier,th-representation-573,la nature > animal > espèce animale > chordé > vertébré > mammifère > carnivore > caniforme > canidé > chien > chien terrier > scottish-terrier,
th-representation-576,cocker,th-representation-551,la nature > animal > espèce animale > chordé > vertébré > mammifère > carnivore > caniforme > canidé > chien > cocker,
th-representation-577,colley,th-representation-551,la nature > animal > espèce animale > chordé > vertébré > mammifère > carnivore > caniforme > canidé > chien > colley,
th-representation-578,dalmatien,th-representation-551,la nature > animal > espèce animale > chordé > vertébré > mammifère > carnivore > caniforme > canidé > chien > dalmatien,
th-representation-579,dobermann,th-representation-551,la nature > animal > espèce animale > chordé > vertébré > mammifère > carnivore > caniforme > canidé > chien > dobermann,
th-representation-580,dogue,th-representation-551,la nature > animal > espèce animale > chordé > vertébré > mammifère > carnivore > caniforme > canidé > chien > dogue,
th-representation-581,dogue allemand,th-representation-580,la nature > animal > espèce animale > chordé > vertébré > mammifère > carnivore > caniforme > canidé > chien > dogue > dogue allemand,
th-representation-582,limier,th-representation-551,la nature > animal > espèce animale > chordé > vertébré > mammifère > carnivore > caniforme > canidé > chien > limier,
th-representation-583,loulou de Poméranie,th-representation-551,la nature > animal > espèce animale > chordé > vertébré > mammifère > carnivore > caniforme > canidé > chien > loulou de Poméranie,
th-representation-584,lévrier,th-representation-551,la nature > animal > espèce animale > chordé > vertébré > mammifère > carnivore > caniforme > canidé > chien > lévrier,
th-representation-585,pincher,th-representation-551,la nature > animal > espèce animale > chordé > vertébré > mammifère > carnivore > caniforme > canidé > chien > pincher,
th-representation-586,pointer,th-representation-551,la nature > animal > espèce animale > chordé > vertébré > mammifère > carnivore > caniforme > canidé > chien > pointer,
th-representation-587,ratier,th-representation-551,la nature > animal > espèce animale > chordé > vertébré > mammifère > carnivore > caniforme > canidé > chien > ratier,
th-representation-588,setter,th-representation-551,la nature > animal > espèce animale > chordé > vertébré > mammifère > carnivore > caniforme > canidé > chien > setter,
th-representation-589,teckel,th-representation-551,la nature > animal > espèce animale > chordé > vertébré > mammifère > carnivore > caniforme > canidé > chien > teckel,
th-representation-590,épagneul,th-representation-551,la nature > animal > espèce animale > chordé > vertébré > mammifère > carnivore > caniforme > canidé > chien > épagneul,
th-representation-591,coyote,th-representation-549,la nature > animal > espèce animale > chordé > vertébré > mammifère > carnivore > caniforme > canidé > coyote,
th-representation-592,fennec,th-representation-549,la nature > animal > espèce animale > chordé > vertébré > mammifère > carnivore > caniforme > canidé > fennec,
th-representation-593,loup,th-representation-549,la nature > animal > espèce animale > chordé > vertébré > mammifère > carnivore > caniforme > canidé > loup,
th-representation-594,renard,th-representation-549,la nature > animal > espèce animale > chordé > vertébré > mammifère > carnivore > caniforme > canidé > renard,
th-representation-595,renard bleu,th-representation-594,la nature > animal > espèce animale > chordé > vertébré > mammifère > carnivore > caniforme > canidé > renard > renard bleu,
th-representation-596,moufette,th-representation-548,la nature > animal > espèce animale > chordé > vertébré > mammifère > carnivore > caniforme > moufette,
th-representation-597,mustélidé,th-representation-548,la nature > animal > espèce animale > chordé > vertébré > mammifère > carnivore > caniforme > mustélidé,
th-representation-598,belette,th-representation-597,la nature > animal > espèce animale > chordé > vertébré > mammifère > carnivore > caniforme > mustélidé > belette,
th-representation-599,blaireau,th-representation-597,la nature > animal > espèce animale > chordé > vertébré > mammifère > carnivore > caniforme > mustélidé > blaireau,
th-representation-600,fouine,th-representation-597,la nature > animal > espèce animale > chordé > vertébré > mammifère > carnivore > caniforme > mustélidé > fouine,
th-representation-601,furet,th-representation-597,la nature > animal > espèce animale > chordé > vertébré > mammifère > carnivore > caniforme > mustélidé > furet,
th-representation-602,glouton,th-representation-597,la nature > animal > espèce animale > chordé > vertébré > mammifère > carnivore > caniforme > mustélidé > glouton,
th-representation-603,hermine,th-representation-597,la nature > animal > espèce animale > chordé > vertébré > mammifère > carnivore > caniforme > mustélidé > hermine,
th-representation-604,loutre,th-representation-597,la nature > animal > espèce animale > chordé > vertébré > mammifère > carnivore > caniforme > mustélidé > loutre,
th-representation-605,martre,th-representation-597,la nature > animal > espèce animale > chordé > vertébré > mammifère > carnivore > caniforme > mustélidé > martre,
th-representation-606,putois,th-representation-597,la nature > animal > espèce animale > chordé > vertébré > mammifère > carnivore > caniforme > mustélidé > putois,
th-representation-607,odobénidé,th-representation-548,la nature > animal > espèce animale > chordé > vertébré > mammifère > carnivore > caniforme > odobénidé,
th-representation-608,morse,th-representation-607,la nature > animal > espèce animale > chordé > vertébré > mammifère > carnivore > caniforme > odobénidé > morse,
th-representation-609,otariidé,th-representation-548,la nature > animal > espèce animale > chordé > vertébré > mammifère > carnivore > caniforme > otariidé,
th-representation-610,otarie,th-representation-609,la nature > animal > espèce animale > chordé > vertébré > mammifère > carnivore > caniforme > otariidé > otarie,
th-representation-611,ours,th-representation-548,la nature > animal > espèce animale > chordé > vertébré > mammifère > carnivore > caniforme > ours,
th-representation-612,ours blanc,th-representation-611,la nature > animal > espèce animale > chordé > vertébré > mammifère > carnivore > caniforme > ours > ours blanc,
th-representation-613,ours brun,th-representation-611,la nature > animal > espèce animale > chordé > vertébré > mammifère > carnivore > caniforme > ours > ours brun,
th-representation-614,ours noir,th-representation-611,la nature > animal > espèce animale > chordé > vertébré > mammifère > carnivore > caniforme > ours > ours noir,
th-representation-615,panda,th-representation-611,la nature > animal > espèce animale > chordé > vertébré > mammifère > carnivore > caniforme > ours > panda,
th-representation-616,phocidé,th-representation-548,la nature > animal > espèce animale > chordé > vertébré > mammifère > carnivore > caniforme > phocidé,
th-representation-617,phoque,th-representation-616,la nature > animal > espèce animale > chordé > vertébré > mammifère > carnivore > caniforme > phocidé > phoque,
th-representation-618,procyonidé,th-representation-548,la nature > animal > espèce animale > chordé > vertébré > mammifère > carnivore > caniforme > procyonidé,
th-representation-619,coati,th-representation-618,la nature > animal > espèce animale > chordé > vertébré > mammifère > carnivore > caniforme > procyonidé > coati,
th-representation-620,raton laveur,th-representation-618,la nature > animal > espèce animale > chordé > vertébré > mammifère > carnivore > caniforme > procyonidé > raton laveur,
th-representation-621,féliforme,th-representation-547,la nature > animal > espèce animale > chordé > vertébré > mammifère > carnivore > féliforme,
th-representation-622,félidé,th-representation-621,la nature > animal > espèce animale > chordé > vertébré > mammifère > carnivore > féliforme > félidé,
th-representation-623,chat,th-representation-622,la nature > animal > espèce animale > chordé > vertébré > mammifère > carnivore > féliforme > félidé > chat,
th-representation-624,chat sauvage,th-representation-623,la nature > animal > espèce animale > chordé > vertébré > mammifère > carnivore > féliforme > félidé > chat > chat sauvage,
th-representation-625,guépard,th-representation-622,la nature > animal > espèce animale > chordé > vertébré > mammifère > carnivore > féliforme > félidé > guépard,
th-representation-626,jaguar,th-representation-622,la nature > animal > espèce animale > chordé > vertébré > mammifère > carnivore > féliforme > félidé > jaguar,
th-representation-627,lion,th-representation-622,la nature > animal > espèce animale > chordé > vertébré > mammifère > carnivore > féliforme > félidé > lion,
th-representation-628,lionceau,th-representation-627,la nature > animal > espèce animale > chordé > vertébré > mammifère > carnivore > féliforme > félidé > lion > lionceau,
th-representation-629,lionne,th-representation-627,la nature > animal > espèce animale > chordé > vertébré > mammifère > carnivore > féliforme > félidé > lion > lionne,
th-representation-630,lynx,th-representation-622,la nature > animal > espèce animale > chordé > vertébré > mammifère > carnivore > féliforme > félidé > lynx,
th-representation-631,ocelot,th-representation-622,la nature > animal > espèce animale > chordé > vertébré > mammifère > carnivore > féliforme > félidé > ocelot,
th-representation-632,panthère,th-representation-622,la nature > animal > espèce animale > chordé > vertébré > mammifère > carnivore > féliforme > félidé > panthère,
th-representation-633,panthère noire,th-representation-632,la nature > animal > espèce animale > chordé > vertébré > mammifère > carnivore > féliforme > félidé > panthère > panthère noire,
th-representation-634,puma,th-representation-622,la nature > animal > espèce animale > chordé > vertébré > mammifère > carnivore > féliforme > félidé > puma,
th-representation-635,serval,th-representation-622,la nature > animal > espèce animale > chordé > vertébré > mammifère > carnivore > féliforme > félidé > serval,
th-representation-636,tigre,th-representation-622,la nature > animal > espèce animale > chordé > vertébré > mammifère > carnivore > féliforme > félidé > tigre,
th-representation-637,hyénidé,th-representation-621,la nature > animal > espèce animale > chordé > vertébré > mammifère > carnivore > féliforme > hyénidé,
th-representation-638,hyène,th-representation-637,la nature > animal > espèce animale > chordé > vertébré > mammifère > carnivore > féliforme > hyénidé > hyène,
th-representation-639,mangouste,th-representation-621,la nature > animal > espèce animale > chordé > vertébré > mammifère > carnivore > féliforme > mangouste,
th-representation-640,viverridé,th-representation-621,la nature > animal > espèce animale > chordé > vertébré > mammifère > carnivore > féliforme > viverridé,
th-representation-641,binturong,th-representation-640,la nature > animal > espèce animale > chordé > vertébré > mammifère > carnivore > féliforme > viverridé > binturong,
th-representation-642,civette,th-representation-640,la nature > animal > espèce animale > chordé > vertébré > mammifère > carnivore > féliforme > viverridé > civette,
th-representation-643,genette,th-representation-640,la nature > animal > espèce animale > chordé > vertébré > mammifère > carnivore > féliforme > viverridé > genette,
th-representation-644,chiroptère,th-representation-546,la nature > animal > espèce animale > chordé > vertébré > mammifère > chiroptère,
th-representation-645,chauve-souris,th-representation-644,la nature > animal > espèce animale > chordé > vertébré > mammifère > chiroptère > chauve-souris,
th-representation-646,oreillard,th-representation-645,la nature > animal > espèce animale > chordé > vertébré > mammifère > chiroptère > chauve-souris > oreillard,
th-representation-647,vespertilion,th-representation-645,la nature > animal > espèce animale > chordé > vertébré > mammifère > chiroptère > chauve-souris > vespertilion,
th-representation-648,cétartiodactyle,th-representation-546,la nature > animal > espèce animale > chordé > vertébré > mammifère > cétartiodactyle,
th-representation-649,cétancodonte,th-representation-648,la nature > animal > espèce animale > chordé > vertébré > mammifère > cétartiodactyle > cétancodonte,
th-representation-650,cétacé,th-representation-649,la nature > animal > espèce animale > chordé > vertébré > mammifère > cétartiodactyle > cétancodonte > cétacé,
th-representation-651,baleine,th-representation-650,la nature > animal > espèce animale > chordé > vertébré > mammifère > cétartiodactyle > cétancodonte > cétacé > baleine,
th-representation-652,cachalot,th-representation-650,la nature > animal > espèce animale > chordé > vertébré > mammifère > cétartiodactyle > cétancodonte > cétacé > cachalot,
th-representation-653,dauphin,th-representation-650,la nature > animal > espèce animale > chordé > vertébré > mammifère > cétartiodactyle > cétancodonte > cétacé > dauphin,
th-representation-654,inia,th-representation-650,la nature > animal > espèce animale > chordé > vertébré > mammifère > cétartiodactyle > cétancodonte > cétacé > inia,
th-representation-655,marsouin,th-representation-650,la nature > animal > espèce animale > chordé > vertébré > mammifère > cétartiodactyle > cétancodonte > cétacé > marsouin,
th-representation-656,orque,th-representation-650,la nature > animal > espèce animale > chordé > vertébré > mammifère > cétartiodactyle > cétancodonte > cétacé > orque,
th-representation-657,rorqual,th-representation-650,la nature > animal > espèce animale > chordé > vertébré > mammifère > cétartiodactyle > cétancodonte > cétacé > rorqual,
th-representation-658,hippopotames,th-representation-649,la nature > animal > espèce animale > chordé > vertébré > mammifère > cétartiodactyle > cétancodonte > hippopotames,
th-representation-659,hippopotame,th-representation-658,la nature > animal > espèce animale > chordé > vertébré > mammifère > cétartiodactyle > cétancodonte > hippopotames > hippopotame,
th-representation-660,ruminant,th-representation-648,la nature > animal > espèce animale > chordé > vertébré > mammifère > cétartiodactyle > ruminant,
th-representation-661,bovidé,th-representation-660,la nature > animal > espèce animale > chordé > vertébré > mammifère > cétartiodactyle > ruminant > bovidé,
th-representation-662,antilope,th-representation-661,la nature > animal > espèce animale > chordé > vertébré > mammifère > cétartiodactyle > ruminant > bovidé > antilope,
th-representation-663,antilope saïga,th-representation-662,la nature > animal > espèce animale > chordé > vertébré > mammifère > cétartiodactyle > ruminant > bovidé > antilope > antilope saïga,
th-representation-664,aurochs,th-representation-661,la nature > animal > espèce animale > chordé > vertébré > mammifère > cétartiodactyle > ruminant > bovidé > aurochs,
th-representation-665,bison,th-representation-661,la nature > animal > espèce animale > chordé > vertébré > mammifère > cétartiodactyle > ruminant > bovidé > bison,
th-representation-666,boeuf,th-representation-661,la nature > animal > espèce animale > chordé > vertébré > mammifère > cétartiodactyle > ruminant > bovidé > boeuf,
th-representation-667,génisse,th-representation-666,la nature > animal > espèce animale > chordé > vertébré > mammifère > cétartiodactyle > ruminant > bovidé > boeuf > génisse,
th-representation-668,taureau,th-representation-666,la nature > animal > espèce animale > chordé > vertébré > mammifère > cétartiodactyle > ruminant > bovidé > boeuf > taureau,
th-representation-669,vache,th-representation-666,la nature > animal > espèce animale > chordé > vertébré > mammifère > cétartiodactyle > ruminant > bovidé > boeuf > vache,
th-representation-670,veau,th-representation-666,la nature > animal > espèce animale > chordé > vertébré > mammifère > cétartiodactyle > ruminant > bovidé > boeuf > veau,
th-representation-671,bouquetin,th-representation-661,la nature > animal > espèce animale > chordé > vertébré > mammifère > cétartiodactyle > ruminant > bovidé > bouquetin,
th-representation-672,bubale,th-representation-661,la nature > animal > espèce animale > chordé > vertébré > mammifère > cétartiodactyle > ruminant > bovidé > bubale,
th-representation-673,buffle,th-representation-661,la nature > animal > espèce animale > chordé > vertébré > mammifère > cétartiodactyle > ruminant > bovidé > buffle,
th-representation-674,chamois,th-representation-661,la nature > animal > espèce animale > chordé > vertébré > mammifère > cétartiodactyle > ruminant > bovidé > chamois,
th-representation-675,chèvre,th-representation-661,la nature > animal > espèce animale > chordé > vertébré > mammifère > cétartiodactyle > ruminant > bovidé > chèvre,
th-representation-676,bouc,th-representation-675,la nature > animal > espèce animale > chordé > vertébré > mammifère > cétartiodactyle > ruminant > bovidé > chèvre > bouc,
th-representation-677,chevreau,th-representation-675,la nature > animal > espèce animale > chordé > vertébré > mammifère > cétartiodactyle > ruminant > bovidé > chèvre > chevreau,
th-representation-678,gazelle,th-representation-661,la nature > animal > espèce animale > chordé > vertébré > mammifère > cétartiodactyle > ruminant > bovidé > gazelle,
th-representation-679,gnou,th-representation-661,la nature > animal > espèce animale > chordé > vertébré > mammifère > cétartiodactyle > ruminant > bovidé > gnou,
th-representation-680,guib,th-representation-661,la nature > animal > espèce animale > chordé > vertébré > mammifère > cétartiodactyle > ruminant > bovidé > guib,
th-representation-681,isard,th-representation-661,la nature > animal > espèce animale > chordé > vertébré > mammifère > cétartiodactyle > ruminant > bovidé > isard,
th-representation-682,markhor,th-representation-661,la nature > animal > espèce animale > chordé > vertébré > mammifère > cétartiodactyle > ruminant > bovidé > markhor,
th-representation-683,mouflon,th-representation-661,la nature > animal > espèce animale > chordé > vertébré > mammifère > cétartiodactyle > ruminant > bovidé > mouflon,
th-representation-684,mouton,th-representation-661,la nature > animal > espèce animale > chordé > vertébré > mammifère > cétartiodactyle > ruminant > bovidé > mouton,
th-representation-685,agneau,th-representation-684,la nature > animal > espèce animale > chordé > vertébré > mammifère > cétartiodactyle > ruminant > bovidé > mouton > agneau,
th-representation-686,brebis,th-representation-684,la nature > animal > espèce animale > chordé > vertébré > mammifère > cétartiodactyle > ruminant > bovidé > mouton > brebis,
th-representation-687,bélier,th-representation-684,la nature > animal > espèce animale > chordé > vertébré > mammifère > cétartiodactyle > ruminant > bovidé > mouton > bélier,
th-representation-688,oryx,th-representation-661,la nature > animal > espèce animale > chordé > vertébré > mammifère > cétartiodactyle > ruminant > bovidé > oryx,
th-representation-689,yack,th-representation-661,la nature > animal > espèce animale > chordé > vertébré > mammifère > cétartiodactyle > ruminant > bovidé > yack,
th-representation-690,zébu,th-representation-661,la nature > animal > espèce animale > chordé > vertébré > mammifère > cétartiodactyle > ruminant > bovidé > zébu,
th-representation-691,cervidé,th-representation-660,la nature > animal > espèce animale > chordé > vertébré > mammifère > cétartiodactyle > ruminant > cervidé,
th-representation-692,cerf,th-representation-691,la nature > animal > espèce animale > chordé > vertébré > mammifère > cétartiodactyle > ruminant > cervidé > cerf,
th-representation-693,biche,th-representation-692,la nature > animal > espèce animale > chordé > vertébré > mammifère > cétartiodactyle > ruminant > cervidé > cerf > biche,
th-representation-694,cerf des marais,th-representation-692,la nature > animal > espèce animale > chordé > vertébré > mammifère > cétartiodactyle > ruminant > cervidé > cerf > cerf des marais,
th-representation-695,chevreuil,th-representation-691,la nature > animal > espèce animale > chordé > vertébré > mammifère > cétartiodactyle > ruminant > cervidé > chevreuil,
th-representation-696,daim,th-representation-691,la nature > animal > espèce animale > chordé > vertébré > mammifère > cétartiodactyle > ruminant > cervidé > daim,
th-representation-697,renne,th-representation-691,la nature > animal > espèce animale > chordé > vertébré > mammifère > cétartiodactyle > ruminant > cervidé > renne,
th-representation-698,élan,th-representation-691,la nature > animal > espèce animale > chordé > vertébré > mammifère > cétartiodactyle > ruminant > cervidé > élan,
th-representation-699,chevrotain,th-representation-660,la nature > animal > espèce animale > chordé > vertébré > mammifère > cétartiodactyle > ruminant > chevrotain,
th-representation-700,giraffidé,th-representation-660,la nature > animal > espèce animale > chordé > vertébré > mammifère > cétartiodactyle > ruminant > giraffidé,
th-representation-701,girafe,th-representation-700,la nature > animal > espèce animale > chordé > vertébré > mammifère > cétartiodactyle > ruminant > giraffidé > girafe,
th-representation-702,suiné,th-representation-648,la nature > animal > espèce animale > chordé > vertébré > mammifère > cétartiodactyle > suiné,
th-representation-703,pécari,th-representation-702,la nature > animal > espèce animale > chordé > vertébré > mammifère > cétartiodactyle > suiné > pécari,
th-representation-704,suidé,th-representation-702,la nature > animal > espèce animale > chordé > vertébré > mammifère > cétartiodactyle > suiné > suidé,
th-representation-705,phacochère,th-representation-704,la nature > animal > espèce animale > chordé > vertébré > mammifère > cétartiodactyle > suiné > suidé > phacochère,
th-representation-706,porc,th-representation-704,la nature > animal > espèce animale > chordé > vertébré > mammifère > cétartiodactyle > suiné > suidé > porc,
th-representation-707,truie,th-representation-706,la nature > animal > espèce animale > chordé > vertébré > mammifère > cétartiodactyle > suiné > suidé > porc > truie,
th-representation-708,sanglier,th-representation-704,la nature > animal > espèce animale > chordé > vertébré > mammifère > cétartiodactyle > suiné > suidé > sanglier,
th-representation-709,tylopode,th-representation-648,la nature > animal > espèce animale > chordé > vertébré > mammifère > cétartiodactyle > tylopode,
th-representation-710,camélidé,th-representation-709,la nature > animal > espèce animale > chordé > vertébré > mammifère > cétartiodactyle > tylopode > camélidé,
th-representation-711,alpaga,th-representation-710,la nature > animal > espèce animale > chordé > vertébré > mammifère > cétartiodactyle > tylopode > camélidé > alpaga,
th-representation-712,chameau,th-representation-710,la nature > animal > espèce animale > chordé > vertébré > mammifère > cétartiodactyle > tylopode > camélidé > chameau,
th-representation-713,dromadaire,th-representation-710,la nature > animal > espèce animale > chordé > vertébré > mammifère > cétartiodactyle > tylopode > camélidé > dromadaire,
th-representation-714,lama,th-representation-710,la nature > animal > espèce animale > chordé > vertébré > mammifère > cétartiodactyle > tylopode > camélidé > lama,
th-representation-715,vigogne,th-representation-710,la nature > animal > espèce animale > chordé > vertébré > mammifère > cétartiodactyle > tylopode > camélidé > vigogne,
th-representation-716,dasyuromorphe,th-representation-546,la nature > animal > espèce animale > chordé > vertébré > mammifère > dasyuromorphe,
th-representation-717,thylacine,th-representation-716,la nature > animal > espèce animale > chordé > vertébré > mammifère > dasyuromorphe > thylacine,
th-representation-718,didelphimorphe,th-representation-546,la nature > animal > espèce animale > chordé > vertébré > mammifère > didelphimorphe,
th-representation-719,philander,th-representation-718,la nature > animal > espèce animale > chordé > vertébré > mammifère > didelphimorphe > philander,
th-representation-720,sarigue,th-representation-718,la nature > animal > espèce animale > chordé > vertébré > mammifère > didelphimorphe > sarigue,
th-representation-721,diprotodonte,th-representation-546,la nature > animal > espèce animale > chordé > vertébré > mammifère > diprotodonte,
th-representation-722,couscous,th-representation-721,la nature > animal > espèce animale > chordé > vertébré > mammifère > diprotodonte > couscous,
th-representation-723,kangourou,th-representation-721,la nature > animal > espèce animale > chordé > vertébré > mammifère > diprotodonte > kangourou,
th-representation-724,koala,th-representation-721,la nature > animal > espèce animale > chordé > vertébré > mammifère > diprotodonte > koala,
th-representation-725,lagorcheste,th-representation-721,la nature > animal > espèce animale > chordé > vertébré > mammifère > diprotodonte > lagorcheste,
th-representation-726,phalanger,th-representation-721,la nature > animal > espèce animale > chordé > vertébré > mammifère > diprotodonte > phalanger,
th-representation-727,phascolome,th-representation-721,la nature > animal > espèce animale > chordé > vertébré > mammifère > diprotodonte > phascolome,
th-representation-728,eulipotyphle,th-representation-546,la nature > animal > espèce animale > chordé > vertébré > mammifère > eulipotyphle,
th-representation-729,hérisson,th-representation-728,la nature > animal > espèce animale > chordé > vertébré > mammifère > eulipotyphle > hérisson,
th-representation-730,musaraigne,th-representation-728,la nature > animal > espèce animale > chordé > vertébré > mammifère > eulipotyphle > musaraigne,
th-representation-731,taupe,th-representation-728,la nature > animal > espèce animale > chordé > vertébré > mammifère > eulipotyphle > taupe,
th-representation-732,lagomorphe,th-representation-546,la nature > animal > espèce animale > chordé > vertébré > mammifère > lagomorphe,
th-representation-733,lapin,th-representation-732,la nature > animal > espèce animale > chordé > vertébré > mammifère > lagomorphe > lapin,
th-representation-734,lièvre,th-representation-732,la nature > animal > espèce animale > chordé > vertébré > mammifère > lagomorphe > lièvre,
th-representation-735,monotrème,th-representation-546,la nature > animal > espèce animale > chordé > vertébré > mammifère > monotrème,
th-representation-736,ornithorynque,th-representation-735,la nature > animal > espèce animale > chordé > vertébré > mammifère > monotrème > ornithorynque,
th-representation-737,échidné,th-representation-735,la nature > animal > espèce animale > chordé > vertébré > mammifère > monotrème > échidné,
th-representation-738,pholidote,th-representation-546,la nature > animal > espèce animale > chordé > vertébré > mammifère > pholidote,
th-representation-739,pangolin,th-representation-738,la nature > animal > espèce animale > chordé > vertébré > mammifère > pholidote > pangolin,
th-representation-740,pilosa,th-representation-546,la nature > animal > espèce animale > chordé > vertébré > mammifère > pilosa,
th-representation-741,paresseux,th-representation-740,la nature > animal > espèce animale > chordé > vertébré > mammifère > pilosa > paresseux,
th-representation-742,aï,th-representation-741,la nature > animal > espèce animale > chordé > vertébré > mammifère > pilosa > paresseux > aï,
th-representation-743,unau,th-representation-741,la nature > animal > espèce animale > chordé > vertébré > mammifère > pilosa > paresseux > unau,
th-representation-744,tamanoir,th-representation-740,la nature > animal > espèce animale > chordé > vertébré > mammifère > pilosa > tamanoir,
th-representation-745,primate,th-representation-546,la nature > animal > espèce animale > chordé > vertébré > mammifère > primate,
th-representation-746,lémurien,th-representation-745,la nature > animal > espèce animale > chordé > vertébré > mammifère > primate > lémurien,
th-representation-747,aye-aye,th-representation-746,la nature > animal > espèce animale > chordé > vertébré > mammifère > primate > lémurien > aye-aye,
th-representation-748,maki catta,th-representation-746,la nature > animal > espèce animale > chordé > vertébré > mammifère > primate > lémurien > maki catta,
th-representation-749,singe,th-representation-745,la nature > animal > espèce animale > chordé > vertébré > mammifère > primate > singe,
th-representation-750,babouin,th-representation-749,la nature > animal > espèce animale > chordé > vertébré > mammifère > primate > singe > babouin,
th-representation-751,chimpanzé,th-representation-749,la nature > animal > espèce animale > chordé > vertébré > mammifère > primate > singe > chimpanzé,
th-representation-752,colobe,th-representation-749,la nature > animal > espèce animale > chordé > vertébré > mammifère > primate > singe > colobe,
th-representation-753,gorille,th-representation-749,la nature > animal > espèce animale > chordé > vertébré > mammifère > primate > singe > gorille,
th-representation-754,macaque,th-representation-749,la nature > animal > espèce animale > chordé > vertébré > mammifère > primate > singe > macaque,
th-representation-755,macaque rhésus,th-representation-754,la nature > animal > espèce animale > chordé > vertébré > mammifère > primate > singe > macaque > macaque rhésus,
th-representation-756,mandrill,th-representation-749,la nature > animal > espèce animale > chordé > vertébré > mammifère > primate > singe > mandrill,
th-representation-757,orang-outang,th-representation-749,la nature > animal > espèce animale > chordé > vertébré > mammifère > primate > singe > orang-outang,
th-representation-758,proboscidien,th-representation-546,la nature > animal > espèce animale > chordé > vertébré > mammifère > proboscidien,
th-representation-759,éléphant,th-representation-758,la nature > animal > espèce animale > chordé > vertébré > mammifère > proboscidien > éléphant,
th-representation-760,mammouth,th-representation-759,la nature > animal > espèce animale > chordé > vertébré > mammifère > proboscidien > éléphant > mammouth,
th-representation-761,éléphant d'Afrique,th-representation-759,la nature > animal > espèce animale > chordé > vertébré > mammifère > proboscidien > éléphant > éléphant d'Afrique,
th-representation-762,éléphant d'Asie,th-representation-759,la nature > animal > espèce animale > chordé > vertébré > mammifère > proboscidien > éléphant > éléphant d'Asie,
th-representation-763,périssodactyle,th-representation-546,la nature > animal > espèce animale > chordé > vertébré > mammifère > périssodactyle,
th-representation-764,rhinocérotidé,th-representation-763,la nature > animal > espèce animale > chordé > vertébré > mammifère > périssodactyle > rhinocérotidé,
th-representation-765,rhinocéros,th-representation-764,la nature > animal > espèce animale > chordé > vertébré > mammifère > périssodactyle > rhinocérotidé > rhinocéros,
th-representation-766,tapiridé,th-representation-763,la nature > animal > espèce animale > chordé > vertébré > mammifère > périssodactyle > tapiridé,
th-representation-767,tapir,th-representation-766,la nature > animal > espèce animale > chordé > vertébré > mammifère > périssodactyle > tapiridé > tapir,
th-representation-768,équidé,th-representation-763,la nature > animal > espèce animale > chordé > vertébré > mammifère > périssodactyle > équidé,
th-representation-769,cheval,th-representation-768,la nature > animal > espèce animale > chordé > vertébré > mammifère > périssodactyle > équidé > cheval,
th-representation-770,poulain,th-representation-769,la nature > animal > espèce animale > chordé > vertébré > mammifère > périssodactyle > équidé > cheval > poulain,
th-representation-771,mulet,th-representation-768,la nature > animal > espèce animale > chordé > vertébré > mammifère > périssodactyle > équidé > mulet,
th-representation-772,zèbre,th-representation-768,la nature > animal > espèce animale > chordé > vertébré > mammifère > périssodactyle > équidé > zèbre,
th-representation-773,âne,th-representation-768,la nature > animal > espèce animale > chordé > vertébré > mammifère > périssodactyle > équidé > âne,
th-representation-774,hémione,th-representation-773,la nature > animal > espèce animale > chordé > vertébré > mammifère > périssodactyle > équidé > âne > hémione,
th-representation-775,rongeur,th-representation-546,la nature > animal > espèce animale > chordé > vertébré > mammifère > rongeur,
th-representation-776,agouti,th-representation-775,la nature > animal > espèce animale > chordé > vertébré > mammifère > rongeur > agouti,
th-representation-777,cabiaï,th-representation-775,la nature > animal > espèce animale > chordé > vertébré > mammifère > rongeur > cabiaï,
th-representation-778,capromys,th-representation-775,la nature > animal > espèce animale > chordé > vertébré > mammifère > rongeur > capromys,
th-representation-779,castor,th-representation-775,la nature > animal > espèce animale > chordé > vertébré > mammifère > rongeur > castor,
th-representation-780,chinchilla,th-representation-775,la nature > animal > espèce animale > chordé > vertébré > mammifère > rongeur > chinchilla,
th-representation-781,cobaye,th-representation-775,la nature > animal > espèce animale > chordé > vertébré > mammifère > rongeur > cobaye,
th-representation-782,gerboise,th-representation-775,la nature > animal > espèce animale > chordé > vertébré > mammifère > rongeur > gerboise,
th-representation-783,hamster,th-representation-775,la nature > animal > espèce animale > chordé > vertébré > mammifère > rongeur > hamster,
th-representation-784,hélamys,th-representation-775,la nature > animal > espèce animale > chordé > vertébré > mammifère > rongeur > hélamys,
th-representation-785,lemming,th-representation-775,la nature > animal > espèce animale > chordé > vertébré > mammifère > rongeur > lemming,
th-representation-786,loir,th-representation-775,la nature > animal > espèce animale > chordé > vertébré > mammifère > rongeur > loir,
th-representation-787,marmotte,th-representation-775,la nature > animal > espèce animale > chordé > vertébré > mammifère > rongeur > marmotte,
th-representation-788,mulot,th-representation-775,la nature > animal > espèce animale > chordé > vertébré > mammifère > rongeur > mulot,
th-representation-789,paca,th-representation-775,la nature > animal > espèce animale > chordé > vertébré > mammifère > rongeur > paca,
th-representation-790,porc-épic,th-representation-775,la nature > animal > espèce animale > chordé > vertébré > mammifère > rongeur > porc-épic,
th-representation-791,ptéromys,th-representation-775,la nature > animal > espèce animale > chordé > vertébré > mammifère > rongeur > ptéromys,
th-representation-792,rat,th-representation-775,la nature > animal > espèce animale > chordé > vertébré > mammifère > rongeur > rat,
th-representation-793,rat musqué,th-representation-775,la nature > animal > espèce animale > chordé > vertébré > mammifère > rongeur > rat musqué,
th-representation-794,souris,th-representation-775,la nature > animal > espèce animale > chordé > vertébré > mammifère > rongeur > souris,
th-representation-795,spalax,th-representation-775,la nature > animal > espèce animale > chordé > vertébré > mammifère > rongeur > spalax,
th-representation-796,viscache,th-representation-775,la nature > animal > espèce animale > chordé > vertébré > mammifère > rongeur > viscache,
th-representation-797,écureuil,th-representation-775,la nature > animal > espèce animale > chordé > vertébré > mammifère > rongeur > écureuil,
th-representation-798,scandentien,th-representation-546,la nature > animal > espèce animale > chordé > vertébré > mammifère > scandentien,
th-representation-799,ptilocerque,th-representation-798,la nature > animal > espèce animale > chordé > vertébré > mammifère > scandentien > ptilocerque,
th-representation-800,sirénien,th-representation-546,la nature > animal > espèce animale > chordé > vertébré > mammifère > sirénien,
th-representation-801,lamantin,th-representation-800,la nature > animal > espèce animale > chordé > vertébré > mammifère > sirénien > lamantin,
th-representation-802,tatou,th-representation-546,la nature > animal > espèce animale > chordé > vertébré > mammifère > tatou,
th-representation-803,clamydophore,th-representation-802,la nature > animal > espèce animale > chordé > vertébré > mammifère > tatou > clamydophore,
th-representation-804,tubulidenté,th-representation-546,la nature > animal > espèce animale > chordé > vertébré > mammifère > tubulidenté,
th-representation-805,oryctérope,th-representation-804,la nature > animal > espèce animale > chordé > vertébré > mammifère > tubulidenté > oryctérope,
th-representation-806,oiseau,th-representation-535,la nature > animal > espèce animale > chordé > vertébré > oiseau,
th-representation-807,accipitriforme,th-representation-806,la nature > animal > espèce animale > chordé > vertébré > oiseau > accipitriforme,
th-representation-808,aigle,th-representation-807,la nature > animal > espèce animale > chordé > vertébré > oiseau > accipitriforme > aigle,
th-representation-809,autour des palombes,th-representation-807,la nature > animal > espèce animale > chordé > vertébré > oiseau > accipitriforme > autour des palombes,
th-representation-810,buse,th-representation-807,la nature > animal > espèce animale > chordé > vertébré > oiseau > accipitriforme > buse,
th-representation-811,condor,th-representation-807,la nature > animal > espèce animale > chordé > vertébré > oiseau > accipitriforme > condor,
th-representation-812,milan rapace,th-representation-807,la nature > animal > espèce animale > chordé > vertébré > oiseau > accipitriforme > milan rapace,
th-representation-813,pygargue,th-representation-807,la nature > animal > espèce animale > chordé > vertébré > oiseau > accipitriforme > pygargue,
th-representation-814,vautour,th-representation-807,la nature > animal > espèce animale > chordé > vertébré > oiseau > accipitriforme > vautour,
th-representation-815,épervier,th-representation-807,la nature > animal > espèce animale > chordé > vertébré > oiseau > accipitriforme > épervier,
th-representation-816,ansériforme,th-representation-806,la nature > animal > espèce animale > chordé > vertébré > oiseau > ansériforme,
th-representation-817,canard,th-representation-816,la nature > animal > espèce animale > chordé > vertébré > oiseau > ansériforme > canard,
th-representation-818,canard colvert,th-representation-817,la nature > animal > espèce animale > chordé > vertébré > oiseau > ansériforme > canard > canard colvert,
th-representation-819,canard de Barbarie,th-representation-817,la nature > animal > espèce animale > chordé > vertébré > oiseau > ansériforme > canard > canard de Barbarie,
th-representation-820,eider,th-representation-817,la nature > animal > espèce animale > chordé > vertébré > oiseau > ansériforme > canard > eider,
th-representation-821,sarcelle,th-representation-817,la nature > animal > espèce animale > chordé > vertébré > oiseau > ansériforme > canard > sarcelle,
th-representation-822,cygne,th-representation-816,la nature > animal > espèce animale > chordé > vertébré > oiseau > ansériforme > cygne,
th-representation-823,cygne noir,th-representation-822,la nature > animal > espèce animale > chordé > vertébré > oiseau > ansériforme > cygne > cygne noir,
th-representation-824,cygne tuberculé,th-representation-822,la nature > animal > espèce animale > chordé > vertébré > oiseau > ansériforme > cygne > cygne tuberculé,
th-representation-825,oie,th-representation-816,la nature > animal > espèce animale > chordé > vertébré > oiseau > ansériforme > oie,
th-representation-826,bernache du Canada,th-representation-825,la nature > animal > espèce animale > chordé > vertébré > oiseau > ansériforme > oie > bernache du Canada,
th-representation-827,tadorne,th-representation-816,la nature > animal > espèce animale > chordé > vertébré > oiseau > ansériforme > tadorne,
th-representation-828,tadorne de Belon,th-representation-827,la nature > animal > espèce animale > chordé > vertébré > oiseau > ansériforme > tadorne > tadorne de Belon,
th-representation-829,apodiforme,th-representation-806,la nature > animal > espèce animale > chordé > vertébré > oiseau > apodiforme,
th-representation-830,colibri,th-representation-829,la nature > animal > espèce animale > chordé > vertébré > oiseau > apodiforme > colibri,
th-representation-831,aptérygiforme,th-representation-806,la nature > animal > espèce animale > chordé > vertébré > oiseau > aptérygiforme,
th-representation-832,kiwi oiseau,th-representation-831,la nature > animal > espèce animale > chordé > vertébré > oiseau > aptérygiforme > kiwi oiseau,
th-representation-833,bucérotiforme,th-representation-806,la nature > animal > espèce animale > chordé > vertébré > oiseau > bucérotiforme,
th-representation-834,calao,th-representation-833,la nature > animal > espèce animale > chordé > vertébré > oiseau > bucérotiforme > calao,
th-representation-835,huppe oiseau,th-representation-833,la nature > animal > espèce animale > chordé > vertébré > oiseau > bucérotiforme > huppe oiseau,
th-representation-836,caprimulgiforme,th-representation-806,la nature > animal > espèce animale > chordé > vertébré > oiseau > caprimulgiforme,
th-representation-837,martinet,th-representation-836,la nature > animal > espèce animale > chordé > vertébré > oiseau > caprimulgiforme > martinet,
th-representation-838,cariamiforme,th-representation-806,la nature > animal > espèce animale > chordé > vertébré > oiseau > cariamiforme,
th-representation-839,cariama huppé,th-representation-838,la nature > animal > espèce animale > chordé > vertébré > oiseau > cariamiforme > cariama huppé,
th-representation-840,casuariiforme,th-representation-806,la nature > animal > espèce animale > chordé > vertébré > oiseau > casuariiforme,
th-representation-841,casoar,th-representation-840,la nature > animal > espèce animale > chordé > vertébré > oiseau > casuariiforme > casoar,
th-representation-842,charadriiforme,th-representation-806,la nature > animal > espèce animale > chordé > vertébré > oiseau > charadriiforme,
th-representation-843,avocette,th-representation-842,la nature > animal > espèce animale > chordé > vertébré > oiseau > charadriiforme > avocette,
th-representation-844,bécasse,th-representation-842,la nature > animal > espèce animale > chordé > vertébré > oiseau > charadriiforme > bécasse,
th-representation-845,bécasseau,th-representation-842,la nature > animal > espèce animale > chordé > vertébré > oiseau > charadriiforme > bécasseau,
th-representation-846,bécassine oiseau,th-representation-842,la nature > animal > espèce animale > chordé > vertébré > oiseau > charadriiforme > bécassine oiseau,
th-representation-847,chevalier oiseau,th-representation-842,la nature > animal > espèce animale > chordé > vertébré > oiseau > charadriiforme > chevalier oiseau,
th-representation-848,goéland,th-representation-842,la nature > animal > espèce animale > chordé > vertébré > oiseau > charadriiforme > goéland,
th-representation-849,guillemot de troïl,th-representation-842,la nature > animal > espèce animale > chordé > vertébré > oiseau > charadriiforme > guillemot de troïl,
th-representation-850,mouette,th-representation-842,la nature > animal > espèce animale > chordé > vertébré > oiseau > charadriiforme > mouette,
th-representation-851,pingouin,th-representation-842,la nature > animal > espèce animale > chordé > vertébré > oiseau > charadriiforme > pingouin,
th-representation-852,pluvier,th-representation-842,la nature > animal > espèce animale > chordé > vertébré > oiseau > charadriiforme > pluvier,
th-representation-853,vanneau,th-representation-842,la nature > animal > espèce animale > chordé > vertébré > oiseau > charadriiforme > vanneau,
th-representation-854,ciconiforme,th-representation-806,la nature > animal > espèce animale > chordé > vertébré > oiseau > ciconiforme,
th-representation-855,cigogne,th-representation-854,la nature > animal > espèce animale > chordé > vertébré > oiseau > ciconiforme > cigogne,
th-representation-856,cigogne noire,th-representation-855,la nature > animal > espèce animale > chordé > vertébré > oiseau > ciconiforme > cigogne > cigogne noire,
th-representation-857,marabout,th-representation-854,la nature > animal > espèce animale > chordé > vertébré > oiseau > ciconiforme > marabout,
th-representation-858,tantale ibis,th-representation-854,la nature > animal > espèce animale > chordé > vertébré > oiseau > ciconiforme > tantale ibis,
th-representation-859,columbiforme,th-representation-806,la nature > animal > espèce animale > chordé > vertébré > oiseau > columbiforme,
th-representation-860,colombe,th-representation-859,la nature > animal > espèce animale > chordé > vertébré > oiseau > columbiforme > colombe,
th-representation-861,pigeon,th-representation-859,la nature > animal > espèce animale > chordé > vertébré > oiseau > columbiforme > pigeon,
th-representation-862,pigeon ramier,th-representation-861,la nature > animal > espèce animale > chordé > vertébré > oiseau > columbiforme > pigeon > pigeon ramier,
th-representation-863,pigeon voyageur,th-representation-861,la nature > animal > espèce animale > chordé > vertébré > oiseau > columbiforme > pigeon > pigeon voyageur,
th-representation-864,tourterelle,th-representation-859,la nature > animal > espèce animale > chordé > vertébré > oiseau > columbiforme > tourterelle,
th-representation-865,coraciiforme,th-representation-806,la nature > animal > espèce animale > chordé > vertébré > oiseau > coraciiforme,
th-representation-866,martin-pêcheur,th-representation-865,la nature > animal > espèce animale > chordé > vertébré > oiseau > coraciiforme > martin-pêcheur,
th-representation-867,cuculiforme,th-representation-806,la nature > animal > espèce animale > chordé > vertébré > oiseau > cuculiforme,
th-representation-868,coucou,th-representation-867,la nature > animal > espèce animale > chordé > vertébré > oiseau > cuculiforme > coucou,
th-representation-869,falconiforme,th-representation-806,la nature > animal > espèce animale > chordé > vertébré > oiseau > falconiforme,
th-representation-870,faucon,th-representation-869,la nature > animal > espèce animale > chordé > vertébré > oiseau > falconiforme > faucon,
th-representation-871,gallinacé,th-representation-806,la nature > animal > espèce animale > chordé > vertébré > oiseau > gallinacé,
th-representation-872,caille,th-representation-871,la nature > animal > espèce animale > chordé > vertébré > oiseau > gallinacé > caille,
th-representation-873,coq,th-representation-871,la nature > animal > espèce animale > chordé > vertébré > oiseau > gallinacé > coq,
th-representation-874,coq de bruyère,th-representation-871,la nature > animal > espèce animale > chordé > vertébré > oiseau > gallinacé > coq de bruyère,
th-representation-875,dindon,th-representation-871,la nature > animal > espèce animale > chordé > vertébré > oiseau > gallinacé > dindon,
th-representation-876,faisan,th-representation-871,la nature > animal > espèce animale > chordé > vertébré > oiseau > gallinacé > faisan,
th-representation-877,faisan doré,th-representation-876,la nature > animal > espèce animale > chordé > vertébré > oiseau > gallinacé > faisan > faisan doré,
th-representation-878,gélinotte,th-representation-871,la nature > animal > espèce animale > chordé > vertébré > oiseau > gallinacé > gélinotte,
th-representation-879,hocco,th-representation-871,la nature > animal > espèce animale > chordé > vertébré > oiseau > gallinacé > hocco,
th-representation-880,paon,th-representation-871,la nature > animal > espèce animale > chordé > vertébré > oiseau > gallinacé > paon,
th-representation-881,perdrix,th-representation-871,la nature > animal > espèce animale > chordé > vertébré > oiseau > gallinacé > perdrix,
th-representation-882,perdrix rouge,th-representation-881,la nature > animal > espèce animale > chordé > vertébré > oiseau > gallinacé > perdrix > perdrix rouge,
th-representation-883,pintade,th-representation-871,la nature > animal > espèce animale > chordé > vertébré > oiseau > gallinacé > pintade,
th-representation-884,poule,th-representation-871,la nature > animal > espèce animale > chordé > vertébré > oiseau > gallinacé > poule,
th-representation-885,gaviiforme,th-representation-806,la nature > animal > espèce animale > chordé > vertébré > oiseau > gaviiforme,
th-representation-886,plongeon oiseau,th-representation-885,la nature > animal > espèce animale > chordé > vertébré > oiseau > gaviiforme > plongeon oiseau,
th-representation-887,gruiforme,th-representation-806,la nature > animal > espèce animale > chordé > vertébré > oiseau > gruiforme,
th-representation-888,grue oiseau,th-representation-887,la nature > animal > espèce animale > chordé > vertébré > oiseau > gruiforme > grue oiseau,
th-representation-889,demoiselle de Numidie,th-representation-888,la nature > animal > espèce animale > chordé > vertébré > oiseau > gruiforme > grue oiseau > demoiselle de Numidie,
th-representation-890,grue couronnée,th-representation-888,la nature > animal > espèce animale > chordé > vertébré > oiseau > gruiforme > grue oiseau > grue couronnée,
th-representation-891,poule d'eau,th-representation-887,la nature > animal > espèce animale > chordé > vertébré > oiseau > gruiforme > poule d'eau,
th-representation-892,otidiforme,th-representation-806,la nature > animal > espèce animale > chordé > vertébré > oiseau > otidiforme,
th-representation-893,outarde,th-representation-892,la nature > animal > espèce animale > chordé > vertébré > oiseau > otidiforme > outarde,
th-representation-894,passereau,th-representation-806,la nature > animal > espèce animale > chordé > vertébré > oiseau > passereau,
th-representation-895,alouette,th-representation-894,la nature > animal > espèce animale > chordé > vertébré > oiseau > passereau > alouette,
th-representation-896,bergeronnette,th-representation-894,la nature > animal > espèce animale > chordé > vertébré > oiseau > passereau > bergeronnette,
th-representation-897,bouvreuil,th-representation-894,la nature > animal > espèce animale > chordé > vertébré > oiseau > passereau > bouvreuil,
th-representation-898,canari,th-representation-894,la nature > animal > espèce animale > chordé > vertébré > oiseau > passereau > canari,
th-representation-899,carouge,th-representation-894,la nature > animal > espèce animale > chordé > vertébré > oiseau > passereau > carouge,
th-representation-900,chardonneret,th-representation-894,la nature > animal > espèce animale > chordé > vertébré > oiseau > passereau > chardonneret,
th-representation-901,choucador royal,th-representation-894,la nature > animal > espèce animale > chordé > vertébré > oiseau > passereau > choucador royal,
th-representation-902,corvidé,th-representation-894,la nature > animal > espèce animale > chordé > vertébré > oiseau > passereau > corvidé,
th-representation-903,choucas,th-representation-902,la nature > animal > espèce animale > chordé > vertébré > oiseau > passereau > corvidé > choucas,
th-representation-904,corbeau,th-representation-902,la nature > animal > espèce animale > chordé > vertébré > oiseau > passereau > corvidé > corbeau,
th-representation-905,corneille,th-representation-902,la nature > animal > espèce animale > chordé > vertébré > oiseau > passereau > corvidé > corneille,
th-representation-906,geai,th-representation-902,la nature > animal > espèce animale > chordé > vertébré > oiseau > passereau > corvidé > geai,
th-representation-907,pie,th-representation-902,la nature > animal > espèce animale > chordé > vertébré > oiseau > passereau > corvidé > pie,
th-representation-908,pie grièche,th-representation-907,la nature > animal > espèce animale > chordé > vertébré > oiseau > passereau > corvidé > pie > pie grièche,
th-representation-909,fauvette,th-representation-894,la nature > animal > espèce animale > chordé > vertébré > oiseau > passereau > fauvette,
th-representation-910,grive,th-representation-894,la nature > animal > espèce animale > chordé > vertébré > oiseau > passereau > grive,
th-representation-911,hirondelle,th-representation-894,la nature > animal > espèce animale > chordé > vertébré > oiseau > passereau > hirondelle,
th-representation-912,linotte,th-representation-894,la nature > animal > espèce animale > chordé > vertébré > oiseau > passereau > linotte,
th-representation-913,loriot,th-representation-894,la nature > animal > espèce animale > chordé > vertébré > oiseau > passereau > loriot,
th-representation-914,merle,th-representation-894,la nature > animal > espèce animale > chordé > vertébré > oiseau > passereau > merle,
th-representation-915,moineau,th-representation-894,la nature > animal > espèce animale > chordé > vertébré > oiseau > passereau > moineau,
th-representation-916,mésange,th-representation-894,la nature > animal > espèce animale > chordé > vertébré > oiseau > passereau > mésange,
th-representation-917,mésange bleue,th-representation-916,la nature > animal > espèce animale > chordé > vertébré > oiseau > passereau > mésange > mésange bleue,
th-representation-918,mésange charbonnière,th-representation-916,la nature > animal > espèce animale > chordé > vertébré > oiseau > passereau > mésange > mésange charbonnière,
th-representation-919,mésange à tête noire,th-representation-916,la nature > animal > espèce animale > chordé > vertébré > oiseau > passereau > mésange > mésange à tête noire,
th-representation-920,oiseau-lyre,th-representation-894,la nature > animal > espèce animale > chordé > vertébré > oiseau > passereau > oiseau-lyre,
th-representation-921,paradisier,th-representation-894,la nature > animal > espèce animale > chordé > vertébré > oiseau > passereau > paradisier,
th-representation-922,pinson,th-representation-894,la nature > animal > espèce animale > chordé > vertébré > oiseau > passereau > pinson,
th-representation-923,roitelet,th-representation-894,la nature > animal > espèce animale > chordé > vertébré > oiseau > passereau > roitelet,
th-representation-924,rossignol,th-representation-894,la nature > animal > espèce animale > chordé > vertébré > oiseau > passereau > rossignol,
th-representation-925,rouge-gorge,th-representation-894,la nature > animal > espèce animale > chordé > vertébré > oiseau > passereau > rouge-gorge,
th-representation-926,rémiz,th-representation-894,la nature > animal > espèce animale > chordé > vertébré > oiseau > passereau > rémiz,
th-representation-927,serin,th-representation-894,la nature > animal > espèce animale > chordé > vertébré > oiseau > passereau > serin,
th-representation-928,sittelle,th-representation-894,la nature > animal > espèce animale > chordé > vertébré > oiseau > passereau > sittelle,
th-representation-929,tangara,th-representation-894,la nature > animal > espèce animale > chordé > vertébré > oiseau > passereau > tangara,
th-representation-930,traquet,th-representation-894,la nature > animal > espèce animale > chordé > vertébré > oiseau > passereau > traquet,
th-representation-931,veuve oiseau,th-representation-894,la nature > animal > espèce animale > chordé > vertébré > oiseau > passereau > veuve oiseau,
th-representation-932,étourneau,th-representation-894,la nature > animal > espèce animale > chordé > vertébré > oiseau > passereau > étourneau,
th-representation-933,pheonicoptériforme,th-representation-806,la nature > animal > espèce animale > chordé > vertébré > oiseau > pheonicoptériforme,
th-representation-934,flamant,th-representation-933,la nature > animal > espèce animale > chordé > vertébré > oiseau > pheonicoptériforme > flamant,
th-representation-935,flamant rose,th-representation-934,la nature > animal > espèce animale > chordé > vertébré > oiseau > pheonicoptériforme > flamant > flamant rose,
th-representation-936,piciforme,th-representation-806,la nature > animal > espèce animale > chordé > vertébré > oiseau > piciforme,
th-representation-937,pic oiseau,th-representation-936,la nature > animal > espèce animale > chordé > vertébré > oiseau > piciforme > pic oiseau,
th-representation-938,pic épeiche,th-representation-937,la nature > animal > espèce animale > chordé > vertébré > oiseau > piciforme > pic oiseau > pic épeiche,
th-representation-939,pivert,th-representation-936,la nature > animal > espèce animale > chordé > vertébré > oiseau > piciforme > pivert,
th-representation-940,toucan,th-representation-936,la nature > animal > espèce animale > chordé > vertébré > oiseau > piciforme > toucan,
th-representation-941,procellariiforme,th-representation-806,la nature > animal > espèce animale > chordé > vertébré > oiseau > procellariiforme,
th-representation-942,albatros,th-representation-941,la nature > animal > espèce animale > chordé > vertébré > oiseau > procellariiforme > albatros,
th-representation-943,psittaciforme,th-representation-806,la nature > animal > espèce animale > chordé > vertébré > oiseau > psittaciforme,
th-representation-944,perroquet,th-representation-943,la nature > animal > espèce animale > chordé > vertébré > oiseau > psittaciforme > perroquet,
th-representation-945,ara,th-representation-944,la nature > animal > espèce animale > chordé > vertébré > oiseau > psittaciforme > perroquet > ara,
th-representation-946,ara ararauna,th-representation-945,la nature > animal > espèce animale > chordé > vertébré > oiseau > psittaciforme > perroquet > ara > ara ararauna,
th-representation-947,cacatoès,th-representation-944,la nature > animal > espèce animale > chordé > vertébré > oiseau > psittaciforme > perroquet > cacatoès,
th-representation-948,perruche,th-representation-944,la nature > animal > espèce animale > chordé > vertébré > oiseau > psittaciforme > perroquet > perruche,
th-representation-949,pélécaniforme,th-representation-806,la nature > animal > espèce animale > chordé > vertébré > oiseau > pélécaniforme,
th-representation-950,aigrette,th-representation-949,la nature > animal > espèce animale > chordé > vertébré > oiseau > pélécaniforme > aigrette,
th-representation-951,butor,th-representation-949,la nature > animal > espèce animale > chordé > vertébré > oiseau > pélécaniforme > butor,
th-representation-952,cormoran,th-representation-949,la nature > animal > espèce animale > chordé > vertébré > oiseau > pélécaniforme > cormoran,
th-representation-953,héron,th-representation-949,la nature > animal > espèce animale > chordé > vertébré > oiseau > pélécaniforme > héron,
th-representation-954,ibis,th-representation-949,la nature > animal > espèce animale > chordé > vertébré > oiseau > pélécaniforme > ibis,
th-representation-955,pélican,th-representation-949,la nature > animal > espèce animale > chordé > vertébré > oiseau > pélécaniforme > pélican,
th-representation-956,spatule oiseau,th-representation-949,la nature > animal > espèce animale > chordé > vertébré > oiseau > pélécaniforme > spatule oiseau,
th-representation-957,strigiforme,th-representation-806,la nature > animal > espèce animale > chordé > vertébré > oiseau > strigiforme,
th-representation-958,chouette,th-representation-957,la nature > animal > espèce animale > chordé > vertébré > oiseau > strigiforme > chouette,
th-representation-959,effraie,th-representation-958,la nature > animal > espèce animale > chordé > vertébré > oiseau > strigiforme > chouette > effraie,
th-representation-960,grand duc,th-representation-957,la nature > animal > espèce animale > chordé > vertébré > oiseau > strigiforme > grand duc,
th-representation-961,hibou,th-representation-957,la nature > animal > espèce animale > chordé > vertébré > oiseau > strigiforme > hibou,
th-representation-962,struthioniforme,th-representation-806,la nature > animal > espèce animale > chordé > vertébré > oiseau > struthioniforme,
th-representation-963,autruche,th-representation-962,la nature > animal > espèce animale > chordé > vertébré > oiseau > struthioniforme > autruche,
th-representation-964,poisson,th-representation-535,la nature > animal > espèce animale > chordé > vertébré > poisson,
th-representation-965,actinoptérygien,th-representation-964,la nature > animal > espèce animale > chordé > vertébré > poisson > actinoptérygien,
th-representation-966,acipenseriforme,th-representation-965,la nature > animal > espèce animale > chordé > vertébré > poisson > actinoptérygien > acipenseriforme,
th-representation-967,esturgeon,th-representation-966,la nature > animal > espèce animale > chordé > vertébré > poisson > actinoptérygien > acipenseriforme > esturgeon,
th-representation-968,anguilliforme,th-representation-965,la nature > animal > espèce animale > chordé > vertébré > poisson > actinoptérygien > anguilliforme,
th-representation-969,anguille,th-representation-968,la nature > animal > espèce animale > chordé > vertébré > poisson > actinoptérygien > anguilliforme > anguille,
th-representation-970,congre,th-representation-968,la nature > animal > espèce animale > chordé > vertébré > poisson > actinoptérygien > anguilliforme > congre,
th-representation-971,murène,th-representation-968,la nature > animal > espèce animale > chordé > vertébré > poisson > actinoptérygien > anguilliforme > murène,
th-representation-972,béloniforme,th-representation-965,la nature > animal > espèce animale > chordé > vertébré > poisson > actinoptérygien > béloniforme,
th-representation-973,exocet,th-representation-972,la nature > animal > espèce animale > chordé > vertébré > poisson > actinoptérygien > béloniforme > exocet,
th-representation-974,orphie,th-representation-972,la nature > animal > espèce animale > chordé > vertébré > poisson > actinoptérygien > béloniforme > orphie,
th-representation-975,clupéiforme,th-representation-965,la nature > animal > espèce animale > chordé > vertébré > poisson > actinoptérygien > clupéiforme,
th-representation-976,alose,th-representation-975,la nature > animal > espèce animale > chordé > vertébré > poisson > actinoptérygien > clupéiforme > alose,
th-representation-977,anchois,th-representation-975,la nature > animal > espèce animale > chordé > vertébré > poisson > actinoptérygien > clupéiforme > anchois,
th-representation-978,hareng,th-representation-975,la nature > animal > espèce animale > chordé > vertébré > poisson > actinoptérygien > clupéiforme > hareng,
th-representation-979,sardine,th-representation-975,la nature > animal > espèce animale > chordé > vertébré > poisson > actinoptérygien > clupéiforme > sardine,
th-representation-980,cypriniforme,th-representation-965,la nature > animal > espèce animale > chordé > vertébré > poisson > actinoptérygien > cypriniforme,
th-representation-981,ablette,th-representation-980,la nature > animal > espèce animale > chordé > vertébré > poisson > actinoptérygien > cypriniforme > ablette,
th-representation-982,brème poisson,th-representation-980,la nature > animal > espèce animale > chordé > vertébré > poisson > actinoptérygien > cypriniforme > brème poisson,
th-representation-983,carassin,th-representation-980,la nature > animal > espèce animale > chordé > vertébré > poisson > actinoptérygien > cypriniforme > carassin,
th-representation-984,cyprin doré,th-representation-983,la nature > animal > espèce animale > chordé > vertébré > poisson > actinoptérygien > cypriniforme > carassin > cyprin doré,
th-representation-985,carpe,th-representation-980,la nature > animal > espèce animale > chordé > vertébré > poisson > actinoptérygien > cypriniforme > carpe,
th-representation-986,chevaine,th-representation-980,la nature > animal > espèce animale > chordé > vertébré > poisson > actinoptérygien > cypriniforme > chevaine,
th-representation-987,gardon,th-representation-980,la nature > animal > espèce animale > chordé > vertébré > poisson > actinoptérygien > cypriniforme > gardon,
th-representation-988,goujon,th-representation-980,la nature > animal > espèce animale > chordé > vertébré > poisson > actinoptérygien > cypriniforme > goujon,
th-representation-989,loche poisson,th-representation-980,la nature > animal > espèce animale > chordé > vertébré > poisson > actinoptérygien > cypriniforme > loche poisson,
th-representation-990,tanche,th-representation-980,la nature > animal > espèce animale > chordé > vertébré > poisson > actinoptérygien > cypriniforme > tanche,
th-representation-991,vandoise,th-representation-980,la nature > animal > espèce animale > chordé > vertébré > poisson > actinoptérygien > cypriniforme > vandoise,
th-representation-992,gadiforme,th-representation-965,la nature > animal > espèce animale > chordé > vertébré > poisson > actinoptérygien > gadiforme,
th-representation-993,bardot,th-representation-992,la nature > animal > espèce animale > chordé > vertébré > poisson > actinoptérygien > gadiforme > bardot,
th-representation-994,grenadier poisson,th-representation-992,la nature > animal > espèce animale > chordé > vertébré > poisson > actinoptérygien > gadiforme > grenadier poisson,
th-representation-995,lieu (poisson),th-representation-992,la nature > animal > espèce animale > chordé > vertébré > poisson > actinoptérygien > gadiforme > lieu (poisson),
th-representation-996,merlan,th-representation-992,la nature > animal > espèce animale > chordé > vertébré > poisson > actinoptérygien > gadiforme > merlan,
th-representation-997,morue,th-representation-992,la nature > animal > espèce animale > chordé > vertébré > poisson > actinoptérygien > gadiforme > morue,
th-representation-998,mostelle,th-representation-992,la nature > animal > espèce animale > chordé > vertébré > poisson > actinoptérygien > gadiforme > mostelle,
th-representation-999,tacaud,th-representation-992,la nature > animal > espèce animale > chordé > vertébré > poisson > actinoptérygien > gadiforme > tacaud,
th-representation-1000,mugiliforme,th-representation-965,la nature > animal > espèce animale > chordé > vertébré > poisson > actinoptérygien > mugiliforme,
th-representation-1001,mulet poisson,th-representation-1000,la nature > animal > espèce animale > chordé > vertébré > poisson > actinoptérygien > mugiliforme > mulet poisson,
th-representation-1002,osmériforme,th-representation-965,la nature > animal > espèce animale > chordé > vertébré > poisson > actinoptérygien > osmériforme,
th-representation-1003,éperlan,th-representation-1002,la nature > animal > espèce animale > chordé > vertébré > poisson > actinoptérygien > osmériforme > éperlan,
th-representation-1004,perciforme,th-representation-965,la nature > animal > espèce animale > chordé > vertébré > poisson > actinoptérygien > perciforme,
th-representation-1005,bar,th-representation-1004,la nature > animal > espèce animale > chordé > vertébré > poisson > actinoptérygien > perciforme > bar,
th-representation-1006,bonite,th-representation-1004,la nature > animal > espèce animale > chordé > vertébré > poisson > actinoptérygien > perciforme > bonite,
th-representation-1007,dorade,th-representation-1004,la nature > animal > espèce animale > chordé > vertébré > poisson > actinoptérygien > perciforme > dorade,
th-representation-1008,espadon,th-representation-1004,la nature > animal > espèce animale > chordé > vertébré > poisson > actinoptérygien > perciforme > espadon,
th-representation-1009,maquereau,th-representation-1004,la nature > animal > espèce animale > chordé > vertébré > poisson > actinoptérygien > perciforme > maquereau,
th-representation-1010,mérou,th-representation-1004,la nature > animal > espèce animale > chordé > vertébré > poisson > actinoptérygien > perciforme > mérou,
th-representation-1011,pageot,th-representation-1004,la nature > animal > espèce animale > chordé > vertébré > poisson > actinoptérygien > perciforme > pageot,
th-representation-1012,perche poisson,th-representation-1004,la nature > animal > espèce animale > chordé > vertébré > poisson > actinoptérygien > perciforme > perche poisson,
th-representation-1013,rouget,th-representation-1004,la nature > animal > espèce animale > chordé > vertébré > poisson > actinoptérygien > perciforme > rouget,
th-representation-1014,sar,th-representation-1004,la nature > animal > espèce animale > chordé > vertébré > poisson > actinoptérygien > perciforme > sar,
th-representation-1015,serran,th-representation-1004,la nature > animal > espèce animale > chordé > vertébré > poisson > actinoptérygien > perciforme > serran,
th-representation-1016,thon,th-representation-1004,la nature > animal > espèce animale > chordé > vertébré > poisson > actinoptérygien > perciforme > thon,
th-representation-1017,pleuronectiforme,th-representation-965,la nature > animal > espèce animale > chordé > vertébré > poisson > actinoptérygien > pleuronectiforme,
th-representation-1018,carrelet,th-representation-1017,la nature > animal > espèce animale > chordé > vertébré > poisson > actinoptérygien > pleuronectiforme > carrelet,
th-representation-1019,flétan,th-representation-1017,la nature > animal > espèce animale > chordé > vertébré > poisson > actinoptérygien > pleuronectiforme > flétan,
th-representation-1020,sole,th-representation-1017,la nature > animal > espèce animale > chordé > vertébré > poisson > actinoptérygien > pleuronectiforme > sole,
th-representation-1021,turbot,th-representation-1017,la nature > animal > espèce animale > chordé > vertébré > poisson > actinoptérygien > pleuronectiforme > turbot,
th-representation-1022,salmoniforme,th-representation-965,la nature > animal > espèce animale > chordé > vertébré > poisson > actinoptérygien > salmoniforme,
th-representation-1023,saumon,th-representation-1022,la nature > animal > espèce animale > chordé > vertébré > poisson > actinoptérygien > salmoniforme > saumon,
th-representation-1024,truite,th-representation-1022,la nature > animal > espèce animale > chordé > vertébré > poisson > actinoptérygien > salmoniforme > truite,
th-representation-1025,scorpaeniforme,th-representation-965,la nature > animal > espèce animale > chordé > vertébré > poisson > actinoptérygien > scorpaeniforme,
th-representation-1026,grondin,th-representation-1025,la nature > animal > espèce animale > chordé > vertébré > poisson > actinoptérygien > scorpaeniforme > grondin,
th-representation-1027,rascasse,th-representation-1025,la nature > animal > espèce animale > chordé > vertébré > poisson > actinoptérygien > scorpaeniforme > rascasse,
th-representation-1028,siluriforme,th-representation-965,la nature > animal > espèce animale > chordé > vertébré > poisson > actinoptérygien > siluriforme,
th-representation-1029,poisson-chat,th-representation-1028,la nature > animal > espèce animale > chordé > vertébré > poisson > actinoptérygien > siluriforme > poisson-chat,
th-representation-1030,syngnathiforme,th-representation-965,la nature > animal > espèce animale > chordé > vertébré > poisson > actinoptérygien > syngnathiforme,
th-representation-1031,hippocampe,th-representation-1030,la nature > animal > espèce animale > chordé > vertébré > poisson > actinoptérygien > syngnathiforme > hippocampe,
th-representation-1032,zéiforme,th-representation-965,la nature > animal > espèce animale > chordé > vertébré > poisson > actinoptérygien > zéiforme,
th-representation-1033,saint-pierre poisson,th-representation-1032,la nature > animal > espèce animale > chordé > vertébré > poisson > actinoptérygien > zéiforme > saint-pierre poisson,
th-representation-1034,ésociforme,th-representation-965,la nature > animal > espèce animale > chordé > vertébré > poisson > actinoptérygien > ésociforme,
th-representation-1035,brochet,th-representation-1034,la nature > animal > espèce animale > chordé > vertébré > poisson > actinoptérygien > ésociforme > brochet,
th-representation-1036,petromyzontida,th-representation-964,la nature > animal > espèce animale > chordé > vertébré > poisson > petromyzontida,
th-representation-1037,lamproie,th-representation-1036,la nature > animal > espèce animale > chordé > vertébré > poisson > petromyzontida > lamproie,
th-representation-1038,élasmobranchii,th-representation-964,la nature > animal > espèce animale > chordé > vertébré > poisson > élasmobranchii,
th-representation-1039,lamniforme,th-representation-1038,la nature > animal > espèce animale > chordé > vertébré > poisson > élasmobranchii > lamniforme,
th-representation-1040,requin,th-representation-1039,la nature > animal > espèce animale > chordé > vertébré > poisson > élasmobranchii > lamniforme > requin,
th-representation-1041,roussette,th-representation-1040,la nature > animal > espèce animale > chordé > vertébré > poisson > élasmobranchii > lamniforme > requin > roussette,
th-representation-1042,rajiforme,th-representation-1038,la nature > animal > espèce animale > chordé > vertébré > poisson > élasmobranchii > rajiforme,
th-representation-1043,raie,th-representation-1042,la nature > animal > espèce animale > chordé > vertébré > poisson > élasmobranchii > rajiforme > raie,
th-representation-1044,reptile,th-representation-535,la nature > animal > espèce animale > chordé > vertébré > reptile,
th-representation-1045,crocodilien,th-representation-1044,la nature > animal > espèce animale > chordé > vertébré > reptile > crocodilien,
th-representation-1046,alligator,th-representation-1045,la nature > animal > espèce animale > chordé > vertébré > reptile > crocodilien > alligator,
th-representation-1047,caïman,th-representation-1045,la nature > animal > espèce animale > chordé > vertébré > reptile > crocodilien > caïman,
th-representation-1048,crocodile,th-representation-1045,la nature > animal > espèce animale > chordé > vertébré > reptile > crocodilien > crocodile,
th-representation-1049,gavial,th-representation-1045,la nature > animal > espèce animale > chordé > vertébré > reptile > crocodilien > gavial,
th-representation-1050,reptile fossile,th-representation-1044,la nature > animal > espèce animale > chordé > vertébré > reptile > reptile fossile,
th-representation-1051,dinosaure,th-representation-1050,la nature > animal > espèce animale > chordé > vertébré > reptile > reptile fossile > dinosaure,
th-representation-1052,squamate,th-representation-1044,la nature > animal > espèce animale > chordé > vertébré > reptile > squamate,
th-representation-1053,caméléon,th-representation-1052,la nature > animal > espèce animale > chordé > vertébré > reptile > squamate > caméléon,
th-representation-1054,iguane,th-representation-1052,la nature > animal > espèce animale > chordé > vertébré > reptile > squamate > iguane,
th-representation-1055,lézard,th-representation-1052,la nature > animal > espèce animale > chordé > vertébré > reptile > squamate > lézard,
th-representation-1056,serpent,th-representation-1052,la nature > animal > espèce animale > chordé > vertébré > reptile > squamate > serpent,
th-representation-1057,boa,th-representation-1056,la nature > animal > espèce animale > chordé > vertébré > reptile > squamate > serpent > boa,
th-representation-1058,bojobi,th-representation-1056,la nature > animal > espèce animale > chordé > vertébré > reptile > squamate > serpent > bojobi,
th-representation-1059,cobra,th-representation-1056,la nature > animal > espèce animale > chordé > vertébré > reptile > squamate > serpent > cobra,
th-representation-1060,couleuvre,th-representation-1056,la nature > animal > espèce animale > chordé > vertébré > reptile > squamate > serpent > couleuvre,
th-representation-1061,crotale,th-representation-1056,la nature > animal > espèce animale > chordé > vertébré > reptile > squamate > serpent > crotale,
th-representation-1062,cylindrophis resplendens,th-representation-1056,la nature > animal > espèce animale > chordé > vertébré > reptile > squamate > serpent > cylindrophis resplendens,
th-representation-1063,hydrophis colubrina,th-representation-1056,la nature > animal > espèce animale > chordé > vertébré > reptile > squamate > serpent > hydrophis colubrina,
th-representation-1064,hélicops ninicandus,th-representation-1056,la nature > animal > espèce animale > chordé > vertébré > reptile > squamate > serpent > hélicops ninicandus,
th-representation-1065,ilysia scytale,th-representation-1056,la nature > animal > espèce animale > chordé > vertébré > reptile > squamate > serpent > ilysia scytale,
th-representation-1066,python,th-representation-1056,la nature > animal > espèce animale > chordé > vertébré > reptile > squamate > serpent > python,
th-representation-1067,trigonocéphale,th-representation-1056,la nature > animal > espèce animale > chordé > vertébré > reptile > squamate > serpent > trigonocéphale,
th-representation-1068,vipère,th-representation-1056,la nature > animal > espèce animale > chordé > vertébré > reptile > squamate > serpent > vipère,
th-representation-1069,aspic,th-representation-1068,la nature > animal > espèce animale > chordé > vertébré > reptile > squamate > serpent > vipère > aspic,
th-representation-1070,tortue,th-representation-1044,la nature > animal > espèce animale > chordé > vertébré > reptile > tortue,
th-representation-1071,tortue mata-mata,th-representation-1070,la nature > animal > espèce animale > chordé > vertébré > reptile > tortue > tortue mata-mata,
th-representation-1072,cnidaire,th-representation-470,la nature > animal > espèce animale > cnidaire,
th-representation-1073,anthozoaire,th-representation-1072,la nature > animal > espèce animale > cnidaire > anthozoaire,
th-representation-1074,scléractiniaire,th-representation-1073,la nature > animal > espèce animale > cnidaire > anthozoaire > scléractiniaire,
th-representation-1075,corail,th-representation-1074,la nature > animal > espèce animale > cnidaire > anthozoaire > scléractiniaire > corail,
th-representation-1076,médusozoaire,th-representation-1072,la nature > animal > espèce animale > cnidaire > médusozoaire,
th-representation-1077,méduse,th-representation-1076,la nature > animal > espèce animale > cnidaire > médusozoaire > méduse,
th-representation-1078,mollusque,th-representation-470,la nature > animal > espèce animale > mollusque,
th-representation-1079,coquillage,th-representation-1078,la nature > animal > espèce animale > mollusque > coquillage,
th-representation-1080,bucarde,th-representation-1079,la nature > animal > espèce animale > mollusque > coquillage > bucarde,
th-representation-1081,canidarie,th-representation-1079,la nature > animal > espèce animale > mollusque > coquillage > canidarie,
th-representation-1082,clavagelle,th-representation-1079,la nature > animal > espèce animale > mollusque > coquillage > clavagelle,
th-representation-1083,coeur de boeuf,th-representation-1079,la nature > animal > espèce animale > mollusque > coquillage > coeur de boeuf,
th-representation-1084,moule coquillage,th-representation-1079,la nature > animal > espèce animale > mollusque > coquillage > moule coquillage,
th-representation-1085,ostreida,th-representation-1079,la nature > animal > espèce animale > mollusque > coquillage > ostreida,
th-representation-1086,chlamys,th-representation-1085,la nature > animal > espèce animale > mollusque > coquillage > ostreida > chlamys,
th-representation-1087,pétoncle glabre,th-representation-1086,la nature > animal > espèce animale > mollusque > coquillage > ostreida > chlamys > pétoncle glabre,
th-representation-1088,huître,th-representation-1085,la nature > animal > espèce animale > mollusque > coquillage > ostreida > huître,
th-representation-1089,pecten,th-representation-1079,la nature > animal > espèce animale > mollusque > coquillage > pecten,
th-representation-1090,coquille Saint-Jacques,th-representation-1089,la nature > animal > espèce animale > mollusque > coquillage > pecten > coquille Saint-Jacques,
th-representation-1091,spondyle,th-representation-1089,la nature > animal > espèce animale > mollusque > coquillage > pecten > spondyle,
th-representation-1092,ptérioïde,th-representation-1079,la nature > animal > espèce animale > mollusque > coquillage > ptérioïde,
th-representation-1093,pinne,th-representation-1092,la nature > animal > espèce animale > mollusque > coquillage > ptérioïde > pinne,
th-representation-1094,vénéroïde,th-representation-1079,la nature > animal > espèce animale > mollusque > coquillage > vénéroïde,
th-representation-1095,bénitier coquillage,th-representation-1094,la nature > animal > espèce animale > mollusque > coquillage > vénéroïde > bénitier coquillage,
th-representation-1096,céphalopode,th-representation-1078,la nature > animal > espèce animale > mollusque > céphalopode,
th-representation-1097,myopsida,th-representation-1096,la nature > animal > espèce animale > mollusque > céphalopode > myopsida,
th-representation-1098,calamar,th-representation-1097,la nature > animal > espèce animale > mollusque > céphalopode > myopsida > calamar,
th-representation-1099,nautile,th-representation-1096,la nature > animal > espèce animale > mollusque > céphalopode > nautile,
th-representation-1100,octopode,th-representation-1096,la nature > animal > espèce animale > mollusque > céphalopode > octopode,
th-representation-1101,argonaute,th-representation-1100,la nature > animal > espèce animale > mollusque > céphalopode > octopode > argonaute,
th-representation-1102,pieuvre,th-representation-1100,la nature > animal > espèce animale > mollusque > céphalopode > octopode > pieuvre,
th-representation-1103,sépiide,th-representation-1096,la nature > animal > espèce animale > mollusque > céphalopode > sépiide,
th-representation-1104,sèche,th-representation-1103,la nature > animal > espèce animale > mollusque > céphalopode > sépiide > sèche,
th-representation-1105,gastéropode,th-representation-1078,la nature > animal > espèce animale > mollusque > gastéropode,
th-representation-1106,bigorneau,th-representation-1105,la nature > animal > espèce animale > mollusque > gastéropode > bigorneau,
th-representation-1107,bolma rugosa,th-representation-1105,la nature > animal > espèce animale > mollusque > gastéropode > bolma rugosa,
th-representation-1108,littorinimorpha,th-representation-1105,la nature > animal > espèce animale > mollusque > gastéropode > littorinimorpha,
th-representation-1109,conque,th-representation-1108,la nature > animal > espèce animale > mollusque > gastéropode > littorinimorpha > conque,
th-representation-1110,cyprée,th-representation-1108,la nature > animal > espèce animale > mollusque > gastéropode > littorinimorpha > cyprée,
th-representation-1111,strombe,th-representation-1108,la nature > animal > espèce animale > mollusque > gastéropode > littorinimorpha > strombe,
th-representation-1112,vermetus,th-representation-1108,la nature > animal > espèce animale > mollusque > gastéropode > littorinimorpha > vermetus,
th-representation-1113,neogastropoda,th-representation-1105,la nature > animal > espèce animale > mollusque > gastéropode > neogastropoda,
th-representation-1114,murex,th-representation-1113,la nature > animal > espèce animale > mollusque > gastéropode > neogastropoda > murex,
th-representation-1115,purpura,th-representation-1113,la nature > animal > espèce animale > mollusque > gastéropode > neogastropoda > purpura,
th-representation-1116,ormeau,th-representation-1105,la nature > animal > espèce animale > mollusque > gastéropode > ormeau,
th-representation-1117,patelle,th-representation-1105,la nature > animal > espèce animale > mollusque > gastéropode > patelle,
th-representation-1118,stylommatophore,th-representation-1105,la nature > animal > espèce animale > mollusque > gastéropode > stylommatophore,
th-representation-1119,escargot,th-representation-1118,la nature > animal > espèce animale > mollusque > gastéropode > stylommatophore > escargot,
th-representation-1120,limace,th-representation-1118,la nature > animal > espèce animale > mollusque > gastéropode > stylommatophore > limace,
th-representation-1121,troque,th-representation-1118,la nature > animal > espèce animale > mollusque > gastéropode > stylommatophore > troque,
th-representation-1122,turbo,th-representation-1105,la nature > animal > espèce animale > mollusque > gastéropode > turbo,
th-representation-1123,échinoderme,th-representation-470,la nature > animal > espèce animale > échinoderme,
th-representation-1124,astérozoaire,th-representation-1123,la nature > animal > espèce animale > échinoderme > astérozoaire,
th-representation-1125,étoile de mer,th-representation-1124,la nature > animal > espèce animale > échinoderme > astérozoaire > étoile de mer,
th-representation-1126,échinozoa,th-representation-1123,la nature > animal > espèce animale > échinoderme > échinozoa,
th-representation-1127,oursin,th-representation-1126,la nature > animal > espèce animale > échinoderme > échinozoa > oursin,
th-representation-1128,éponge,th-representation-470,la nature > animal > espèce animale > éponge,
th-representation-1129,partie d'animal,th-representation-464,la nature > animal > partie d'animal,
th-representation-1130,aile,th-representation-1129,la nature > animal > partie d'animal > aile,
th-representation-1131,arrière-train,th-representation-1129,la nature > animal > partie d'animal > arrière-train,
th-representation-1132,avant-train,th-representation-1129,la nature > animal > partie d'animal > avant-train,
th-representation-1133,bouche d'animal,th-representation-1129,la nature > animal > partie d'animal > bouche d'animal,
th-representation-1134,corne,th-representation-1129,la nature > animal > partie d'animal > corne,
th-representation-1135,dent d'animal,th-representation-1129,la nature > animal > partie d'animal > dent d'animal,
th-representation-1136,dépouille,th-representation-1129,la nature > animal > partie d'animal > dépouille,peau enlevée à un animal (dépouille: lion)
th-representation-1137,griffe,th-representation-1129,la nature > animal > partie d'animal > griffe,
th-representation-1138,laine,th-representation-1129,la nature > animal > partie d'animal > laine,
th-representation-1139,oeil d'animal,th-representation-1129,la nature > animal > partie d'animal > oeil d'animal,
th-representation-1140,os d'animal,th-representation-1129,la nature > animal > partie d'animal > os d'animal,
th-representation-1141,patte,th-representation-1129,la nature > animal > partie d'animal > patte,
th-representation-1142,plume,th-representation-1129,la nature > animal > partie d'animal > plume,
th-representation-1143,poitrail,th-representation-1129,la nature > animal > partie d'animal > poitrail,
th-representation-1144,queue,th-representation-1129,la nature > animal > partie d'animal > queue,
th-representation-1145,squelette d'animal,th-representation-1129,la nature > animal > partie d'animal > squelette d'animal,
th-representation-1146,tête d'animal,th-representation-1129,la nature > animal > partie d'animal > tête d'animal,
th-representation-1147,écaille,th-representation-1129,la nature > animal > partie d'animal > écaille,
th-representation-1148,âge et sexe de l'animal,th-representation-464,la nature > animal > âge et sexe de l'animal,
th-representation-1149,chenille,th-representation-1148,la nature > animal > âge et sexe de l'animal > chenille,
th-representation-1150,femelle,th-representation-1148,la nature > animal > âge et sexe de l'animal > femelle,"à combiner avec le nom de l'animal mâle (excepté pour brebis, génisse, lionne, poule, truie, vache)"
th-representation-1151,petit d'animal,th-representation-1148,la nature > animal > âge et sexe de l'animal > petit d'animal,
th-representation-1152,champignon,th-representation-463,la nature > champignon,
th-representation-1153,ascomycetes,th-representation-1152,la nature > champignon > ascomycetes,
th-representation-1154,lecanoromycetes,th-representation-1153,la nature > champignon > ascomycetes > lecanoromycetes,
th-representation-1155,peltigerales,th-representation-1154,la nature > champignon > ascomycetes > lecanoromycetes > peltigerales,
th-representation-1156,lichen,th-representation-1155,la nature > champignon > ascomycetes > lecanoromycetes > peltigerales > lichen,
th-representation-1157,pezizomycetes,th-representation-1153,la nature > champignon > ascomycetes > pezizomycetes,
th-representation-1158,pezizales,th-representation-1157,la nature > champignon > ascomycetes > pezizomycetes > pezizales,
th-representation-1159,morille,th-representation-1158,la nature > champignon > ascomycetes > pezizomycetes > pezizales > morille,
th-representation-1160,truffe,th-representation-1158,la nature > champignon > ascomycetes > pezizomycetes > pezizales > truffe,
th-representation-1161,basidiomycetes,th-representation-1152,la nature > champignon > basidiomycetes,
th-representation-1162,agaricomycetes,th-representation-1161,la nature > champignon > basidiomycetes > agaricomycetes,
th-representation-1163,agaricales,th-representation-1162,la nature > champignon > basidiomycetes > agaricomycetes > agaricales,
th-representation-1164,agaric,th-representation-1163,la nature > champignon > basidiomycetes > agaricomycetes > agaricales > agaric,
th-representation-1165,agaric tropical,th-representation-1164,la nature > champignon > basidiomycetes > agaricomycetes > agaricales > agaric > agaric tropical,
th-representation-1166,armillaire,th-representation-1163,la nature > champignon > basidiomycetes > agaricomycetes > agaricales > armillaire,
th-representation-1167,clitocybe,th-representation-1163,la nature > champignon > basidiomycetes > agaricomycetes > agaricales > clitocybe,
th-representation-1168,clitocybe nébuleux,th-representation-1167,la nature > champignon > basidiomycetes > agaricomycetes > agaricales > clitocybe > clitocybe nébuleux,
th-representation-1169,coprin,th-representation-1163,la nature > champignon > basidiomycetes > agaricomycetes > agaricales > coprin,
th-representation-1170,cortinaire,th-representation-1163,la nature > champignon > basidiomycetes > agaricomycetes > agaricales > cortinaire,
th-representation-1171,cortinaire violet,th-representation-1170,la nature > champignon > basidiomycetes > agaricomycetes > agaricales > cortinaire > cortinaire violet,
th-representation-1172,cortinaire à odeur de bouc,th-representation-1170,la nature > champignon > basidiomycetes > agaricomycetes > agaricales > cortinaire > cortinaire à odeur de bouc,
th-representation-1173,cortinaire élevé,th-representation-1170,la nature > champignon > basidiomycetes > agaricomycetes > agaricales > cortinaire > cortinaire élevé,
th-representation-1174,lépiote,th-representation-1163,la nature > champignon > basidiomycetes > agaricomycetes > agaricales > lépiote,
th-representation-1175,coulemelle,th-representation-1174,la nature > champignon > basidiomycetes > agaricomycetes > agaricales > lépiote > coulemelle,
th-representation-1176,lépiote granuleuse,th-representation-1174,la nature > champignon > basidiomycetes > agaricomycetes > agaricales > lépiote > lépiote granuleuse,
th-representation-1177,lépiote pudique,th-representation-1174,la nature > champignon > basidiomycetes > agaricomycetes > agaricales > lépiote > lépiote pudique,
th-representation-1178,tricholome,th-representation-1163,la nature > champignon > basidiomycetes > agaricomycetes > agaricales > tricholome,
th-representation-1179,mousseron de Saint Georges,th-representation-1178,la nature > champignon > basidiomycetes > agaricomycetes > agaricales > tricholome > mousseron de Saint Georges,
th-representation-1180,amanitales,th-representation-1162,la nature > champignon > basidiomycetes > agaricomycetes > amanitales,
th-representation-1181,amanite,th-representation-1180,la nature > champignon > basidiomycetes > agaricomycetes > amanitales > amanite,
th-representation-1182,amanite des Césars,th-representation-1181,la nature > champignon > basidiomycetes > agaricomycetes > amanitales > amanite > amanite des Césars,
th-representation-1183,amanite panthère,th-representation-1181,la nature > champignon > basidiomycetes > agaricomycetes > amanitales > amanite > amanite panthère,
th-representation-1184,amanite phalloïde,th-representation-1181,la nature > champignon > basidiomycetes > agaricomycetes > amanitales > amanite > amanite phalloïde,
th-representation-1185,amanite tue-mouches,th-representation-1181,la nature > champignon > basidiomycetes > agaricomycetes > amanitales > amanite > amanite tue-mouches,
th-representation-1186,boletales,th-representation-1162,la nature > champignon > basidiomycetes > agaricomycetes > boletales,
th-representation-1187,cèpe,th-representation-1186,la nature > champignon > basidiomycetes > agaricomycetes > boletales > cèpe,
th-representation-1188,paxille,th-representation-1186,la nature > champignon > basidiomycetes > agaricomycetes > boletales > paxille,
th-representation-1189,paxille enroulé,th-representation-1188,la nature > champignon > basidiomycetes > agaricomycetes > boletales > paxille > paxille enroulé,
th-representation-1190,cantharellales,th-representation-1162,la nature > champignon > basidiomycetes > agaricomycetes > cantharellales,
th-representation-1191,trompette de la mort,th-representation-1190,la nature > champignon > basidiomycetes > agaricomycetes > cantharellales > trompette de la mort,
th-representation-1192,entolomatales,th-representation-1162,la nature > champignon > basidiomycetes > agaricomycetes > entolomatales,
th-representation-1193,clitopile,th-representation-1192,la nature > champignon > basidiomycetes > agaricomycetes > entolomatales > clitopile,
th-representation-1194,clitopile orcellé,th-representation-1193,la nature > champignon > basidiomycetes > agaricomycetes > entolomatales > clitopile > clitopile orcellé,
th-representation-1195,entolome,th-representation-1192,la nature > champignon > basidiomycetes > agaricomycetes > entolomatales > entolome,
th-representation-1196,entolome livide,th-representation-1195,la nature > champignon > basidiomycetes > agaricomycetes > entolomatales > entolome > entolome livide,
th-representation-1197,gomphales,th-representation-1162,la nature > champignon > basidiomycetes > agaricomycetes > gomphales,
th-representation-1198,chanterelle,th-representation-1197,la nature > champignon > basidiomycetes > agaricomycetes > gomphales > chanterelle,
th-representation-1199,phallales,th-representation-1162,la nature > champignon > basidiomycetes > agaricomycetes > phallales,
th-representation-1200,clathre,th-representation-1199,la nature > champignon > basidiomycetes > agaricomycetes > phallales > clathre,
th-representation-1201,clathre rouge,th-representation-1200,la nature > champignon > basidiomycetes > agaricomycetes > phallales > clathre > clathre rouge,
th-representation-1202,russulales,th-representation-1162,la nature > champignon > basidiomycetes > agaricomycetes > russulales,
th-representation-1203,lactaire,th-representation-1202,la nature > champignon > basidiomycetes > agaricomycetes > russulales > lactaire,
th-representation-1204,lactaire taché,th-representation-1203,la nature > champignon > basidiomycetes > agaricomycetes > russulales > lactaire > lactaire taché,
th-representation-1205,russule,th-representation-1202,la nature > champignon > basidiomycetes > agaricomycetes > russulales > russule,
th-representation-1206,tricholomatales,th-representation-1162,la nature > champignon > basidiomycetes > agaricomycetes > tricholomatales,
th-representation-1207,collybie,th-representation-1206,la nature > champignon > basidiomycetes > agaricomycetes > tricholomatales > collybie,
th-representation-1208,collybie de chêne,th-representation-1207,la nature > champignon > basidiomycetes > agaricomycetes > tricholomatales > collybie > collybie de chêne,
th-representation-1209,collybie à pied en fuseau,th-representation-1207,la nature > champignon > basidiomycetes > agaricomycetes > tricholomatales > collybie > collybie à pied en fuseau,
th-representation-1210,hygrophore,th-representation-1206,la nature > champignon > basidiomycetes > agaricomycetes > tricholomatales > hygrophore,
th-representation-1211,hygrophore conique,th-representation-1210,la nature > champignon > basidiomycetes > agaricomycetes > tricholomatales > hygrophore > hygrophore conique,
th-representation-1212,omphale,th-representation-1206,la nature > champignon > basidiomycetes > agaricomycetes > tricholomatales > omphale,
th-representation-1213,omphalia striée,th-representation-1212,la nature > champignon > basidiomycetes > agaricomycetes > tricholomatales > omphale > omphalia striée,
th-representation-1214,pleurote,th-representation-1206,la nature > champignon > basidiomycetes > agaricomycetes > tricholomatales > pleurote,
th-representation-1215,polypore,th-representation-1206,la nature > champignon > basidiomycetes > agaricomycetes > tricholomatales > polypore,
th-representation-1216,l'univers,th-representation-463,la nature > l'univers,
th-representation-1217,astres,th-representation-1216,la nature > l'univers > astres,"pour désigner un astre non mentionné dans cette liste, utiliser le terme adéquat lorsqu'il figure dans une autre liste du thésaurus (sujet mythologique, signe du zodiaque, animal...); par exemple constellation: le lion; planète: Mars myth."
th-representation-1218,astre,th-representation-1217,la nature > l'univers > astres > astre,
th-representation-1219,planète,th-representation-1218,la nature > l'univers > astres > astre > planète,
th-representation-1220,comète,th-representation-1219,la nature > l'univers > astres > astre > planète > comète,
th-representation-1221,la terre,th-representation-1219,la nature > l'univers > astres > astre > planète > la terre,
th-representation-1222,lune,th-representation-1219,la nature > l'univers > astres > astre > planète > lune,
th-representation-1223,croissant de lune,th-representation-1222,la nature > l'univers > astres > astre > planète > lune > croissant de lune,
th-representation-1224,Mars,th-representation-1219,la nature > l'univers > astres > astre > planète > Mars,
th-representation-1225,soleil,th-representation-1218,la nature > l'univers > astres > astre > soleil,
th-representation-1226,étoile,th-representation-1218,la nature > l'univers > astres > astre > étoile,
th-representation-1227,constellation,th-representation-1217,la nature > l'univers > astres > constellation,
th-representation-1228,voie lactée,th-representation-1217,la nature > l'univers > astres > voie lactée,
th-representation-1229,chaos,th-representation-1216,la nature > l'univers > chaos,
th-representation-1230,ciel,th-representation-1216,la nature > l'univers > ciel,
th-representation-1231,nuée,th-representation-1230,la nature > l'univers > ciel > nuée,"représentation conventionnelle, le feston médiéval par exemple"
th-representation-1232,cosmos,th-representation-1216,la nature > l'univers > cosmos,
th-representation-1233,le temps,th-representation-463,la nature > le temps,
th-representation-1234,année,th-representation-1233,la nature > le temps > année,
th-representation-1235,mois,th-representation-1234,la nature > le temps > année > mois,
th-representation-1236,août,th-representation-1235,la nature > le temps > année > mois > août,
th-representation-1237,avril,th-representation-1235,la nature > le temps > année > mois > avril,
th-representation-1238,décembre,th-representation-1235,la nature > le temps > année > mois > décembre,
th-representation-1239,février,th-representation-1235,la nature > le temps > année > mois > février,
th-representation-1240,janvier,th-representation-1235,la nature > le temps > année > mois > janvier,
th-representation-1241,juillet,th-representation-1235,la nature > le temps > année > mois > juillet,
th-representation-1242,juin,th-representation-1235,la nature > le temps > année > mois > juin,
th-representation-1243,les douze mois,th-representation-1235,la nature > le temps > année > mois > les douze mois,
th-representation-1244,mai,th-representation-1235,la nature > le temps > année > mois > mai,
th-representation-1245,mars,th-representation-1235,la nature > le temps > année > mois > mars,
th-representation-1246,novembre,th-representation-1235,la nature > le temps > année > mois > novembre,
th-representation-1247,octobre,th-representation-1235,la nature > le temps > année > mois > octobre,
th-representation-1248,septembre,th-representation-1235,la nature > le temps > année > mois > septembre,
th-representation-1249,saison,th-representation-1234,la nature > le temps > année > saison,
th-representation-1250,automne,th-representation-1249,la nature > le temps > année > saison > automne,
th-representation-1251,hiver,th-representation-1249,la nature > le temps > année > saison > hiver,
th-representation-1252,les saisons,th-representation-1249,la nature > le temps > année > saison > les saisons,
th-representation-1253,printemps,th-representation-1249,la nature > le temps > année > saison > printemps,
th-representation-1254,été,th-representation-1249,la nature > le temps > année > saison > été,
th-representation-1269,heure,th-representation-1233,la nature > le temps > heure,
th-representation-1270,les heures,th-representation-1269,la nature > le temps > heure > les heures,
th-representation-1271,journée,th-representation-1233,la nature > le temps > journée,
th-representation-1272,jour,th-representation-1271,la nature > le temps > journée > jour,
th-representation-1273,effet de soleil,th-representation-1272,la nature > le temps > journée > jour > effet de soleil,distinct de effer de lumière
th-representation-1274,matin,th-representation-1272,la nature > le temps > journée > jour > matin,
th-representation-1275,lever du jour,th-representation-1274,la nature > le temps > journée > jour > matin > lever du jour,
th-representation-1276,midi,th-representation-1272,la nature > le temps > journée > jour > midi,
th-representation-1277,soir,th-representation-1272,la nature > le temps > journée > jour > soir,
th-representation-1278,crépuscule,th-representation-1277,la nature > le temps > journée > jour > soir > crépuscule,
th-representation-1279,nuit,th-representation-1271,la nature > le temps > journée > nuit,
th-representation-1280,clair de lune,th-representation-1279,la nature > le temps > journée > nuit > clair de lune,
th-representation-1281,éternité,th-representation-1233,la nature > le temps > éternité,
th-representation-1282,matière inanimée,th-representation-463,la nature > matière inanimée,
th-representation-1283,ensemble naturel,th-representation-1282,la nature > matière inanimée > ensemble naturel,
th-representation-1284,géographie morphologique,th-representation-1283,la nature > matière inanimée > ensemble naturel > géographie morphologique,
th-representation-1285,berge,th-representation-1284,la nature > matière inanimée > ensemble naturel > géographie morphologique > berge,
th-representation-1286,bord de mer,th-representation-1284,la nature > matière inanimée > ensemble naturel > géographie morphologique > bord de mer,
th-representation-1287,cap,th-representation-1286,la nature > matière inanimée > ensemble naturel > géographie morphologique > bord de mer > cap,
th-representation-1296,détroit,th-representation-1286,la nature > matière inanimée > ensemble naturel > géographie morphologique > bord de mer > détroit,
th-representation-1302,estuaire,th-representation-1286,la nature > matière inanimée > ensemble naturel > géographie morphologique > bord de mer > estuaire,
th-representation-1303,falaise,th-representation-1286,la nature > matière inanimée > ensemble naturel > géographie morphologique > bord de mer > falaise,
th-representation-1304,golfe,th-representation-1286,la nature > matière inanimée > ensemble naturel > géographie morphologique > bord de mer > golfe,
th-representation-1305,lagune,th-representation-1304,la nature > matière inanimée > ensemble naturel > géographie morphologique > bord de mer > golfe > lagune,
th-representation-1306,plage,th-representation-1286,la nature > matière inanimée > ensemble naturel > géographie morphologique > bord de mer > plage,"réservé au bord de mer, sinon utiliser rive 'il se trouve dans une"
th-representation-1307,colline,th-representation-1284,la nature > matière inanimée > ensemble naturel > géographie morphologique > colline,
th-representation-1395,volcan,th-representation-1314,la nature > matière inanimée > ensemble naturel > géographie morphologique > montagne > volcan,
th-representation-1396,plaine,th-representation-1284,la nature > matière inanimée > ensemble naturel > géographie morphologique > plaine,
th-representation-1397,plateau géo,th-representation-1284,la nature > matière inanimée > ensemble naturel > géographie morphologique > plateau géo,
th-representation-1398,rive,th-representation-1284,la nature > matière inanimée > ensemble naturel > géographie morphologique > rive,sauf pour bord de mer
th-representation-1399,rocher,th-representation-1284,la nature > matière inanimée > ensemble naturel > géographie morphologique > rocher,
th-representation-1400,souterrain,th-representation-1284,la nature > matière inanimée > ensemble naturel > géographie morphologique > souterrain,
th-representation-1401,vallée,th-representation-1284,la nature > matière inanimée > ensemble naturel > géographie morphologique > vallée,
th-representation-1402,île,th-representation-1284,la nature > matière inanimée > ensemble naturel > géographie morphologique > île,
th-representation-1403,hydrographie,th-representation-1283,la nature > matière inanimée > ensemble naturel > hydrographie,
th-representation-1404,eau courante,th-representation-1403,la nature > matière inanimée > ensemble naturel > hydrographie > eau courante,
th-representation-1405,chute d'eau,th-representation-1404,la nature > matière inanimée > ensemble naturel > hydrographie > eau courante > chute d'eau,
th-representation-1406,cascade,th-representation-1405,la nature > matière inanimée > ensemble naturel > hydrographie > eau courante > chute d'eau > cascade,
th-representation-1407,cours d'eau,th-representation-1404,la nature > matière inanimée > ensemble naturel > hydrographie > eau courante > cours d'eau,
th-representation-1408,fleuve,th-representation-1407,la nature > matière inanimée > ensemble naturel > hydrographie > eau courante > cours d'eau > fleuve,
th-representation-1481,rivière,th-representation-1407,la nature > matière inanimée > ensemble naturel > hydrographie > eau courante > cours d'eau > rivière,
th-representation-1640,ruisseau,th-representation-1407,la nature > matière inanimée > ensemble naturel > hydrographie > eau courante > cours d'eau > ruisseau,
th-representation-1641,torrent,th-representation-1407,la nature > matière inanimée > ensemble naturel > hydrographie > eau courante > cours d'eau > torrent,
th-representation-1642,geyser,th-representation-1404,la nature > matière inanimée > ensemble naturel > hydrographie > eau courante > geyser,
th-representation-1643,source,th-representation-1404,la nature > matière inanimée > ensemble naturel > hydrographie > eau courante > source,
th-representation-1644,glacier,th-representation-1403,la nature > matière inanimée > ensemble naturel > hydrographie > glacier,
th-representation-1645,iceberg,th-representation-1403,la nature > matière inanimée > ensemble naturel > hydrographie > iceberg,
th-representation-1646,mer,th-representation-1403,la nature > matière inanimée > ensemble naturel > hydrographie > mer,
th-representation-1670,nappe d'eau,th-representation-1403,la nature > matière inanimée > ensemble naturel > hydrographie > nappe d'eau,
th-representation-1671,lac,th-representation-1670,la nature > matière inanimée > ensemble naturel > hydrographie > nappe d'eau > lac,
th-representation-1708,marais,th-representation-1670,la nature > matière inanimée > ensemble naturel > hydrographie > nappe d'eau > marais,
th-representation-1709,mare,th-representation-1670,la nature > matière inanimée > ensemble naturel > hydrographie > nappe d'eau > mare,
th-representation-1710,étang,th-representation-1670,la nature > matière inanimée > ensemble naturel > hydrographie > nappe d'eau > étang,
th-representation-1711,phénomène naturel,th-representation-1282,la nature > matière inanimée > phénomène naturel,
th-representation-1712,explosion,th-representation-1711,la nature > matière inanimée > phénomène naturel > explosion,
th-representation-1713,phénomène astronomique,th-representation-1711,la nature > matière inanimée > phénomène naturel > phénomène astronomique,
th-representation-1714,marée,th-representation-1713,la nature > matière inanimée > phénomène naturel > phénomène astronomique > marée,
th-representation-1715,marée basse,th-representation-1714,la nature > matière inanimée > phénomène naturel > phénomène astronomique > marée > marée basse,
th-representation-1716,marée haute,th-representation-1714,la nature > matière inanimée > phénomène naturel > phénomène astronomique > marée > marée haute,
th-representation-1717,éclipse,th-representation-1713,la nature > matière inanimée > phénomène naturel > phénomène astronomique > éclipse,
th-representation-1718,phénomène géologique,th-representation-1711,la nature > matière inanimée > phénomène naturel > phénomène géologique,
th-representation-1719,raz de marée,th-representation-1718,la nature > matière inanimée > phénomène naturel > phénomène géologique > raz de marée,
th-representation-1720,séisme,th-representation-1718,la nature > matière inanimée > phénomène naturel > phénomène géologique > séisme,
th-representation-1721,éruption,th-representation-1718,la nature > matière inanimée > phénomène naturel > phénomène géologique > éruption,
th-representation-1722,phénomène météorologique,th-representation-1711,la nature > matière inanimée > phénomène naturel > phénomène météorologique,
th-representation-1723,arc-en-ciel,th-representation-1722,la nature > matière inanimée > phénomène naturel > phénomène météorologique > arc-en-ciel,
th-representation-1724,brouillard,th-representation-1722,la nature > matière inanimée > phénomène naturel > phénomène météorologique > brouillard,
th-representation-1725,brume,th-representation-1722,la nature > matière inanimée > phénomène naturel > phénomène météorologique > brume,
th-representation-1726,débâcle,th-representation-1722,la nature > matière inanimée > phénomène naturel > phénomène météorologique > débâcle,
th-representation-1727,gel,th-representation-1722,la nature > matière inanimée > phénomène naturel > phénomène météorologique > gel,
th-representation-1728,grêle,th-representation-1722,la nature > matière inanimée > phénomène naturel > phénomène météorologique > grêle,
th-representation-1729,inondation,th-representation-1722,la nature > matière inanimée > phénomène naturel > phénomène météorologique > inondation,
th-representation-1730,neige,th-representation-1722,la nature > matière inanimée > phénomène naturel > phénomène météorologique > neige,
th-representation-1731,avalanche,th-representation-1730,la nature > matière inanimée > phénomène naturel > phénomène météorologique > neige > avalanche,
th-representation-1732,nuage,th-representation-1722,la nature > matière inanimée > phénomène naturel > phénomène météorologique > nuage,
th-representation-1733,orage,th-representation-1722,la nature > matière inanimée > phénomène naturel > phénomène météorologique > orage,
th-representation-1734,foudre,th-representation-1733,la nature > matière inanimée > phénomène naturel > phénomène météorologique > orage > foudre,
th-representation-1735,pluie,th-representation-1722,la nature > matière inanimée > phénomène naturel > phénomène météorologique > pluie,
th-representation-1736,rosée,th-representation-1722,la nature > matière inanimée > phénomène naturel > phénomène météorologique > rosée,
th-representation-1737,sécheresse,th-representation-1722,la nature > matière inanimée > phénomène naturel > phénomène météorologique > sécheresse,
th-representation-1738,vague,th-representation-1722,la nature > matière inanimée > phénomène naturel > phénomène météorologique > vague,
th-representation-1739,vent,th-representation-1722,la nature > matière inanimée > phénomène naturel > phénomène météorologique > vent,
th-representation-1740,les vents,th-representation-1739,la nature > matière inanimée > phénomène naturel > phénomène météorologique > vent > les vents,
th-representation-1741,tempête,th-representation-1739,la nature > matière inanimée > phénomène naturel > phénomène météorologique > vent > tempête,
th-representation-1742,phénomène thermique,th-representation-1711,la nature > matière inanimée > phénomène naturel > phénomène thermique,
th-representation-1743,chaud,th-representation-1742,la nature > matière inanimée > phénomène naturel > phénomène thermique > chaud,
th-representation-1744,froid,th-representation-1742,la nature > matière inanimée > phénomène naturel > phénomène thermique > froid,
th-representation-1745,température,th-representation-1742,la nature > matière inanimée > phénomène naturel > phénomène thermique > température,
th-representation-1746,sables mouvants,th-representation-1711,la nature > matière inanimée > phénomène naturel > sables mouvants,
th-representation-1747,élément inanimé,th-representation-1282,la nature > matière inanimée > élément inanimé,
th-representation-1748,fossile,th-representation-1747,la nature > matière inanimée > élément inanimé > fossile,
th-representation-1749,les quatre éléments,th-representation-1747,la nature > matière inanimée > élément inanimé > les quatre éléments,
th-representation-1750,air,th-representation-1749,la nature > matière inanimée > élément inanimé > les quatre éléments > air,
th-representation-1751,eau,th-representation-1749,la nature > matière inanimée > élément inanimé > les quatre éléments > eau,
th-representation-1752,glace,th-representation-1751,la nature > matière inanimée > élément inanimé > les quatre éléments > eau > glace,
th-representation-1753,vapeur d'eau,th-representation-1751,la nature > matière inanimée > élément inanimé > les quatre éléments > eau > vapeur d'eau,
th-representation-1754,feu,th-representation-1749,la nature > matière inanimée > élément inanimé > les quatre éléments > feu,
th-representation-1755,flamme,th-representation-1754,la nature > matière inanimée > élément inanimé > les quatre éléments > feu > flamme,
th-representation-1756,fumée,th-representation-1754,la nature > matière inanimée > élément inanimé > les quatre éléments > feu > fumée,
th-representation-1757,incendie,th-representation-1754,la nature > matière inanimée > élément inanimé > les quatre éléments > feu > incendie,
th-representation-1758,gaz,th-representation-1749,la nature > matière inanimée > élément inanimé > les quatre éléments > gaz,
th-representation-1759,terre,th-representation-1749,la nature > matière inanimée > élément inanimé > les quatre éléments > terre,
th-representation-1760,minéral,th-representation-1747,la nature > matière inanimée > élément inanimé > minéral,
th-representation-1761,métal,th-representation-1760,la nature > matière inanimée > élément inanimé > minéral > métal,
th-representation-1762,argent,th-representation-1761,la nature > matière inanimée > élément inanimé > minéral > métal > argent,
th-representation-1763,cuivre,th-representation-1761,la nature > matière inanimée > élément inanimé > minéral > métal > cuivre,
th-representation-1764,fer,th-representation-1761,la nature > matière inanimée > élément inanimé > minéral > métal > fer,
th-representation-1765,mercure métal,th-representation-1761,la nature > matière inanimée > élément inanimé > minéral > métal > mercure métal,
th-representation-1766,or,th-representation-1761,la nature > matière inanimée > élément inanimé > minéral > métal > or,
th-representation-1767,plomb,th-representation-1761,la nature > matière inanimée > élément inanimé > minéral > métal > plomb,
th-representation-1768,étain,th-representation-1761,la nature > matière inanimée > élément inanimé > minéral > métal > étain,
th-representation-1769,roche,th-representation-1760,la nature > matière inanimée > élément inanimé > minéral > roche,
th-representation-1770,agate,th-representation-1769,la nature > matière inanimée > élément inanimé > minéral > roche > agate,
th-representation-1771,ardoise,th-representation-1769,la nature > matière inanimée > élément inanimé > minéral > roche > ardoise,
th-representation-1772,charbon,th-representation-1769,la nature > matière inanimée > élément inanimé > minéral > roche > charbon,
th-representation-1773,cristal de roche,th-representation-1769,la nature > matière inanimée > élément inanimé > minéral > roche > cristal de roche,
th-representation-1774,gemme,th-representation-1769,la nature > matière inanimée > élément inanimé > minéral > roche > gemme,
th-representation-1775,granit,th-representation-1769,la nature > matière inanimée > élément inanimé > minéral > roche > granit,
th-representation-1776,grès,th-representation-1769,la nature > matière inanimée > élément inanimé > minéral > roche > grès,
th-representation-1777,gypse,th-representation-1769,la nature > matière inanimée > élément inanimé > minéral > roche > gypse,
th-representation-1778,houille,th-representation-1769,la nature > matière inanimée > élément inanimé > minéral > roche > houille,
th-representation-1779,lapis-lazuli,th-representation-1769,la nature > matière inanimée > élément inanimé > minéral > roche > lapis-lazuli,
th-representation-1780,marbre,th-representation-1769,la nature > matière inanimée > élément inanimé > minéral > roche > marbre,
th-representation-1781,meulière,th-representation-1769,la nature > matière inanimée > élément inanimé > minéral > roche > meulière,
th-representation-1782,pierre,th-representation-1769,la nature > matière inanimée > élément inanimé > minéral > roche > pierre,morceau de roche de petite dimension
th-representation-1783,porphyre,th-representation-1769,la nature > matière inanimée > élément inanimé > minéral > roche > porphyre,
th-representation-1784,pétrole,th-representation-1769,la nature > matière inanimée > élément inanimé > minéral > roche > pétrole,
th-representation-1785,sable,th-representation-1769,la nature > matière inanimée > élément inanimé > minéral > roche > sable,
th-representation-1786,sel,th-representation-1769,la nature > matière inanimée > élément inanimé > minéral > roche > sel,
th-representation-1787,silex,th-representation-1769,la nature > matière inanimée > élément inanimé > minéral > roche > silex,
th-representation-1788,végétal,th-representation-463,la nature > végétal,
th-representation-1789,espèce végétale,th-representation-1788,la nature > végétal > espèce végétale,
th-representation-1790,algue,th-representation-1789,la nature > végétal > espèce végétale > algue,
th-representation-1791,varech,th-representation-1790,la nature > végétal > espèce végétale > algue > varech,
th-representation-1792,arbre,th-representation-1789,la nature > végétal > espèce végétale > arbre,
th-representation-1793,feuillu,th-representation-1792,la nature > végétal > espèce végétale > arbre > feuillu,
th-representation-1794,acacia,th-representation-1793,la nature > végétal > espèce végétale > arbre > feuillu > acacia,
th-representation-1795,arbre de Judée,th-representation-1793,la nature > végétal > espèce végétale > arbre > feuillu > arbre de Judée,
th-representation-1796,arbre fruitier,th-representation-1793,la nature > végétal > espèce végétale > arbre > feuillu > arbre fruitier,
th-representation-1797,abricotier,th-representation-1796,la nature > végétal > espèce végétale > arbre > feuillu > arbre fruitier > abricotier,
th-representation-1798,amandier,th-representation-1796,la nature > végétal > espèce végétale > arbre > feuillu > arbre fruitier > amandier,
th-representation-1799,arbousier,th-representation-1796,la nature > végétal > espèce végétale > arbre > feuillu > arbre fruitier > arbousier,
th-representation-1800,bananier,th-representation-1796,la nature > végétal > espèce végétale > arbre > feuillu > arbre fruitier > bananier,
th-representation-1801,cacaoyer,th-representation-1796,la nature > végétal > espèce végétale > arbre > feuillu > arbre fruitier > cacaoyer,
th-representation-1802,caroubier,th-representation-1796,la nature > végétal > espèce végétale > arbre > feuillu > arbre fruitier > caroubier,
th-representation-1803,cerisier,th-representation-1796,la nature > végétal > espèce végétale > arbre > feuillu > arbre fruitier > cerisier,
th-representation-1804,châtaignier,th-representation-1796,la nature > végétal > espèce végétale > arbre > feuillu > arbre fruitier > châtaignier,
th-representation-1805,citrus,th-representation-1796,la nature > végétal > espèce végétale > arbre > feuillu > arbre fruitier > citrus,
th-representation-1806,citronnier,th-representation-1805,la nature > végétal > espèce végétale > arbre > feuillu > arbre fruitier > citrus > citronnier,
th-representation-1807,oranger,th-representation-1805,la nature > végétal > espèce végétale > arbre > feuillu > arbre fruitier > citrus > oranger,
th-representation-1808,cédratier,th-representation-1796,la nature > végétal > espèce végétale > arbre > feuillu > arbre fruitier > cédratier,
th-representation-1809,figuier,th-representation-1796,la nature > végétal > espèce végétale > arbre > feuillu > arbre fruitier > figuier,
th-representation-1810,goyavier,th-representation-1796,la nature > végétal > espèce végétale > arbre > feuillu > arbre fruitier > goyavier,
th-representation-1811,grenadier,th-representation-1796,la nature > végétal > espèce végétale > arbre > feuillu > arbre fruitier > grenadier,
th-representation-1812,jambosier,th-representation-1796,la nature > végétal > espèce végétale > arbre > feuillu > arbre fruitier > jambosier,
th-representation-1813,noyer,th-representation-1796,la nature > végétal > espèce végétale > arbre > feuillu > arbre fruitier > noyer,
th-representation-1814,néflier,th-representation-1796,la nature > végétal > espèce végétale > arbre > feuillu > arbre fruitier > néflier,
th-representation-1815,olivier,th-representation-1796,la nature > végétal > espèce végétale > arbre > feuillu > arbre fruitier > olivier,
th-representation-1816,poirier,th-representation-1796,la nature > végétal > espèce végétale > arbre > feuillu > arbre fruitier > poirier,
th-representation-1817,pommier,th-representation-1796,la nature > végétal > espèce végétale > arbre > feuillu > arbre fruitier > pommier,
th-representation-1818,prunier,th-representation-1796,la nature > végétal > espèce végétale > arbre > feuillu > arbre fruitier > prunier,
th-representation-1819,pêcher,th-representation-1796,la nature > végétal > espèce végétale > arbre > feuillu > arbre fruitier > pêcher,
th-representation-1820,aulne,th-representation-1793,la nature > végétal > espèce végétale > arbre > feuillu > aulne,
th-representation-1821,bouleau,th-representation-1793,la nature > végétal > espèce végétale > arbre > feuillu > bouleau,
th-representation-1822,camphrier,th-representation-1793,la nature > végétal > espèce végétale > arbre > feuillu > camphrier,
th-representation-1823,catalpa,th-representation-1793,la nature > végétal > espèce végétale > arbre > feuillu > catalpa,
th-representation-1824,chêne,th-representation-1793,la nature > végétal > espèce végétale > arbre > feuillu > chêne,
th-representation-1825,eucalyptus,th-representation-1793,la nature > végétal > espèce végétale > arbre > feuillu > eucalyptus,
th-representation-1826,frêne,th-representation-1793,la nature > végétal > espèce végétale > arbre > feuillu > frêne,
th-representation-1827,ginkgo biloba,th-representation-1793,la nature > végétal > espèce végétale > arbre > feuillu > ginkgo biloba,
th-representation-1828,hêtre,th-representation-1793,la nature > végétal > espèce végétale > arbre > feuillu > hêtre,
th-representation-1829,marronnier,th-representation-1793,la nature > végétal > espèce végétale > arbre > feuillu > marronnier,
th-representation-1830,mimosa,th-representation-1793,la nature > végétal > espèce végétale > arbre > feuillu > mimosa,
th-representation-1831,mûrier,th-representation-1793,la nature > végétal > espèce végétale > arbre > feuillu > mûrier,
th-representation-1832,orme,th-representation-1793,la nature > végétal > espèce végétale > arbre > feuillu > orme,
th-representation-1833,paulownia,th-representation-1793,la nature > végétal > espèce végétale > arbre > feuillu > paulownia,
th-representation-1834,peuplier,th-representation-1793,la nature > végétal > espèce végétale > arbre > feuillu > peuplier,
th-representation-1835,platane,th-representation-1793,la nature > végétal > espèce végétale > arbre > feuillu > platane,
th-representation-1836,saule,th-representation-1793,la nature > végétal > espèce végétale > arbre > feuillu > saule,
th-representation-1837,saule pleureur,th-representation-1836,la nature > végétal > espèce végétale > arbre > feuillu > saule > saule pleureur,
th-representation-1838,sorbier,th-representation-1793,la nature > végétal > espèce végétale > arbre > feuillu > sorbier,
th-representation-1839,tilleul,th-representation-1793,la nature > végétal > espèce végétale > arbre > feuillu > tilleul,
th-representation-1840,tremble,th-representation-1793,la nature > végétal > espèce végétale > arbre > feuillu > tremble,
th-representation-1841,érable,th-representation-1793,la nature > végétal > espèce végétale > arbre > feuillu > érable,
th-representation-1842,palmier,th-representation-1792,la nature > végétal > espèce végétale > arbre > palmier,
th-representation-1843,aréquier,th-representation-1842,la nature > végétal > espèce végétale > arbre > palmier > aréquier,
th-representation-1844,cocotier,th-representation-1842,la nature > végétal > espèce végétale > arbre > palmier > cocotier,
th-representation-1845,dattier,th-representation-1842,la nature > végétal > espèce végétale > arbre > palmier > dattier,
th-representation-1846,raphia,th-representation-1842,la nature > végétal > espèce végétale > arbre > palmier > raphia,
th-representation-1847,rotin,th-representation-1842,la nature > végétal > espèce végétale > arbre > palmier > rotin,
th-representation-1848,résineux,th-representation-1792,la nature > végétal > espèce végétale > arbre > résineux,
th-representation-1849,cyprès,th-representation-1848,la nature > végétal > espèce végétale > arbre > résineux > cyprès,
th-representation-1850,cèdre,th-representation-1848,la nature > végétal > espèce végétale > arbre > résineux > cèdre,
th-representation-1851,cèdre du Liban,th-representation-1850,la nature > végétal > espèce végétale > arbre > résineux > cèdre > cèdre du Liban,
th-representation-1852,if,th-representation-1848,la nature > végétal > espèce végétale > arbre > résineux > if,
th-representation-1853,pin,th-representation-1848,la nature > végétal > espèce végétale > arbre > résineux > pin,
th-representation-1854,pin maritime,th-representation-1853,la nature > végétal > espèce végétale > arbre > résineux > pin > pin maritime,
th-representation-1855,pin parasol,th-representation-1853,la nature > végétal > espèce végétale > arbre > résineux > pin > pin parasol,
th-representation-1856,sapin,th-representation-1848,la nature > végétal > espèce végétale > arbre > résineux > sapin,
th-representation-1857,arbuste,th-representation-1789,la nature > végétal > espèce végétale > arbuste,
th-representation-1858,aubépine,th-representation-1857,la nature > végétal > espèce végétale > arbuste > aubépine,
th-representation-1859,boule-de-neige,th-representation-1857,la nature > végétal > espèce végétale > arbuste > boule-de-neige,
th-representation-1860,bruyère,th-representation-1857,la nature > végétal > espèce végétale > arbuste > bruyère,
th-representation-1861,buis,th-representation-1857,la nature > végétal > espèce végétale > arbuste > buis,
th-representation-1862,caféier,th-representation-1857,la nature > végétal > espèce végétale > arbuste > caféier,
th-representation-1863,chèvrefeuille,th-representation-1857,la nature > végétal > espèce végétale > arbuste > chèvrefeuille,
th-representation-1864,clématite,th-representation-1857,la nature > végétal > espèce végétale > arbuste > clématite,
th-representation-1865,cognassier du Japon,th-representation-1857,la nature > végétal > espèce végétale > arbuste > cognassier du Japon,
th-representation-1866,cotoneaster,th-representation-1857,la nature > végétal > espèce végétale > arbuste > cotoneaster,
th-representation-1867,cytise,th-representation-1857,la nature > végétal > espèce végétale > arbuste > cytise,
th-representation-1868,frangipanier,th-representation-1857,la nature > végétal > espèce végétale > arbuste > frangipanier,
th-representation-1869,genévrier,th-representation-1857,la nature > végétal > espèce végétale > arbuste > genévrier,
th-representation-1870,genêt,th-representation-1857,la nature > végétal > espèce végétale > arbuste > genêt,
th-representation-1871,hibiscus,th-representation-1857,la nature > végétal > espèce végétale > arbuste > hibiscus,
th-representation-1872,houx,th-representation-1857,la nature > végétal > espèce végétale > arbuste > houx,
th-representation-1873,manioc,th-representation-1857,la nature > végétal > espèce végétale > arbuste > manioc,
th-representation-1874,myrte,th-representation-1857,la nature > végétal > espèce végétale > arbuste > myrte,
th-representation-1875,noisetier,th-representation-1857,la nature > végétal > espèce végétale > arbuste > noisetier,
th-representation-1876,obier,th-representation-1857,la nature > végétal > espèce végétale > arbuste > obier,
th-representation-1877,osmanthus,th-representation-1857,la nature > végétal > espèce végétale > arbuste > osmanthus,
th-representation-1878,passiflore,th-representation-1857,la nature > végétal > espèce végétale > arbuste > passiflore,
th-representation-1879,petit houx,th-representation-1857,la nature > végétal > espèce végétale > arbuste > petit houx,
th-representation-1880,pistachier,th-representation-1857,la nature > végétal > espèce végétale > arbuste > pistachier,
th-representation-1881,rhododendron,th-representation-1857,la nature > végétal > espèce végétale > arbuste > rhododendron,
th-representation-1882,ronce,th-representation-1857,la nature > végétal > espèce végétale > arbuste > ronce,
th-representation-1883,rosier,th-representation-1857,la nature > végétal > espèce végétale > arbuste > rosier,
th-representation-1884,seringa,th-representation-1857,la nature > végétal > espèce végétale > arbuste > seringa,
th-representation-1885,sureau,th-representation-1857,la nature > végétal > espèce végétale > arbuste > sureau,
th-representation-1886,tamaris,th-representation-1857,la nature > végétal > espèce végétale > arbuste > tamaris,
th-representation-1887,troene,th-representation-1857,la nature > végétal > espèce végétale > arbuste > troene,
th-representation-1888,vigne,th-representation-1857,la nature > végétal > espèce végétale > arbuste > vigne,
th-representation-1889,vigne vierge,th-representation-1857,la nature > végétal > espèce végétale > arbuste > vigne vierge,
th-representation-1890,églantier,th-representation-1857,la nature > végétal > espèce végétale > arbuste > églantier,
th-representation-1891,fougère,th-representation-1789,la nature > végétal > espèce végétale > fougère,
th-representation-1892,prêle,th-representation-1891,la nature > végétal > espèce végétale > fougère > prêle,
th-representation-1893,herbe,th-representation-1789,la nature > végétal > espèce végétale > herbe,ensemble des petites plantes herbacées qui constituent le plus souvent le sol ou le fond d'une représentation
th-representation-1894,plante,th-representation-1789,la nature > végétal > espèce végétale > plante,
th-representation-1895,absinthe,th-representation-1894,la nature > végétal > espèce végétale > plante > absinthe,
th-representation-1896,acanthe,th-representation-1894,la nature > végétal > espèce végétale > plante > acanthe,
th-representation-1897,agave,th-representation-1894,la nature > végétal > espèce végétale > plante > agave,
th-representation-1898,aulx,th-representation-1894,la nature > végétal > espèce végétale > plante > aulx,
th-representation-1899,ail,th-representation-1898,la nature > végétal > espèce végétale > plante > aulx > ail,
th-representation-1900,oignon,th-representation-1898,la nature > végétal > espèce végétale > plante > aulx > oignon,
th-representation-1901,échalote,th-representation-1898,la nature > végétal > espèce végétale > plante > aulx > échalote,
th-representation-1902,balisier,th-representation-1894,la nature > végétal > espèce végétale > plante > balisier,
th-representation-1903,bignonia,th-representation-1894,la nature > végétal > espèce végétale > plante > bignonia,
th-representation-1904,bryone,th-representation-1894,la nature > végétal > espèce végétale > plante > bryone,
th-representation-1905,carex,th-representation-1894,la nature > végétal > espèce végétale > plante > carex,
th-representation-1906,chélidoine,th-representation-1894,la nature > végétal > espèce végétale > plante > chélidoine,
th-representation-1907,coloquinte,th-representation-1894,la nature > végétal > espèce végétale > plante > coloquinte,
th-representation-1908,céréale,th-representation-1894,la nature > végétal > espèce végétale > plante > céréale,
th-representation-1909,avoine,th-representation-1908,la nature > végétal > espèce végétale > plante > céréale > avoine,
th-representation-1910,blé,th-representation-1908,la nature > végétal > espèce végétale > plante > céréale > blé,
th-representation-1911,maïs,th-representation-1908,la nature > végétal > espèce végétale > plante > céréale > maïs,
th-representation-1912,millet,th-representation-1908,la nature > végétal > espèce végétale > plante > céréale > millet,
th-representation-1913,panis,th-representation-1908,la nature > végétal > espèce végétale > plante > céréale > panis,
th-representation-1914,riz,th-representation-1908,la nature > végétal > espèce végétale > plante > céréale > riz,
th-representation-1915,sarrasin,th-representation-1908,la nature > végétal > espèce végétale > plante > céréale > sarrasin,
th-representation-1916,seigle,th-representation-1908,la nature > végétal > espèce végétale > plante > céréale > seigle,
th-representation-1917,fraisier,th-representation-1894,la nature > végétal > espèce végétale > plante > fraisier,
th-representation-1918,framboisier,th-representation-1894,la nature > végétal > espèce végétale > plante > framboisier,
th-representation-1919,garance,th-representation-1894,la nature > végétal > espèce végétale > plante > garance,
th-representation-1920,groseillier,th-representation-1894,la nature > végétal > espèce végétale > plante > groseillier,
th-representation-1921,gui,th-representation-1894,la nature > végétal > espèce végétale > plante > gui,
th-representation-1922,guimauve officinale,th-representation-1894,la nature > végétal > espèce végétale > plante > guimauve officinale,
th-representation-1923,gynérium,th-representation-1894,la nature > végétal > espèce végétale > plante > gynérium,
th-representation-1924,jonc,th-representation-1894,la nature > végétal > espèce végétale > plante > jonc,
th-representation-1925,lierre,th-representation-1894,la nature > végétal > espèce végétale > plante > lierre,
th-representation-1926,lotier corniculé,th-representation-1894,la nature > végétal > espèce végétale > plante > lotier corniculé,
th-representation-1927,lunaire,th-representation-1894,la nature > végétal > espèce végétale > plante > lunaire,
th-representation-1928,légume,th-representation-1894,la nature > végétal > espèce végétale > plante > légume,
th-representation-1929,ache,th-representation-1928,la nature > végétal > espèce végétale > plante > légume > ache,
th-representation-1930,artichaut,th-representation-1928,la nature > végétal > espèce végétale > plante > légume > artichaut,
th-representation-1931,asperge,th-representation-1928,la nature > végétal > espèce végétale > plante > légume > asperge,
th-representation-1932,aubergine,th-representation-1928,la nature > végétal > espèce végétale > plante > légume > aubergine,
th-representation-1933,bette,th-representation-1928,la nature > végétal > espèce végétale > plante > légume > bette,
th-representation-1934,betterave,th-representation-1928,la nature > végétal > espèce végétale > plante > légume > betterave,
th-representation-1935,carotte,th-representation-1928,la nature > végétal > espèce végétale > plante > légume > carotte,
th-representation-1936,chou,th-representation-1928,la nature > végétal > espèce végétale > plante > légume > chou,
th-representation-1937,chou-fleur,th-representation-1928,la nature > végétal > espèce végétale > plante > légume > chou-fleur,
th-representation-1938,cresson,th-representation-1928,la nature > végétal > espèce végétale > plante > légume > cresson,
th-representation-1939,cucurbitacée,th-representation-1928,la nature > végétal > espèce végétale > plante > légume > cucurbitacée,
th-representation-1940,concombre,th-representation-1939,la nature > végétal > espèce végétale > plante > légume > cucurbitacée > concombre,
th-representation-1941,cornichon,th-representation-1940,la nature > végétal > espèce végétale > plante > légume > cucurbitacée > concombre > cornichon,
th-representation-1942,courge,th-representation-1939,la nature > végétal > espèce végétale > plante > légume > cucurbitacée > courge,
th-representation-1943,citrouille,th-representation-1942,la nature > végétal > espèce végétale > plante > légume > cucurbitacée > courge > citrouille,
th-representation-1944,potiron,th-representation-1942,la nature > végétal > espèce végétale > plante > légume > cucurbitacée > courge > potiron,
th-representation-1945,courgette,th-representation-1939,la nature > végétal > espèce végétale > plante > légume > cucurbitacée > courgette,
th-representation-1946,céleri,th-representation-1928,la nature > végétal > espèce végétale > plante > légume > céleri,
th-representation-1947,fenouil,th-representation-1928,la nature > végétal > espèce végétale > plante > légume > fenouil,
th-representation-1948,fève,th-representation-1928,la nature > végétal > espèce végétale > plante > légume > fève,
th-representation-1949,haricot,th-representation-1928,la nature > végétal > espèce végétale > plante > légume > haricot,
th-representation-1950,lentille,th-representation-1928,la nature > végétal > espèce végétale > plante > légume > lentille,
th-representation-1951,luzerne,th-representation-1928,la nature > végétal > espèce végétale > plante > légume > luzerne,
th-representation-1952,navet,th-representation-1928,la nature > végétal > espèce végétale > plante > légume > navet,
th-representation-1953,poireau,th-representation-1928,la nature > végétal > espèce végétale > plante > légume > poireau,
th-representation-1954,pois,th-representation-1928,la nature > végétal > espèce végétale > plante > légume > pois,
th-representation-1955,petit pois,th-representation-1954,la nature > végétal > espèce végétale > plante > légume > pois > petit pois,
th-representation-1956,poivron,th-representation-1928,la nature > végétal > espèce végétale > plante > légume > poivron,
th-representation-1957,pomme de terre,th-representation-1928,la nature > végétal > espèce végétale > plante > légume > pomme de terre,
th-representation-1958,radis,th-representation-1928,la nature > végétal > espèce végétale > plante > légume > radis,
th-representation-1959,radis noir,th-representation-1958,la nature > végétal > espèce végétale > plante > légume > radis > radis noir,
th-representation-1960,salsifis,th-representation-1928,la nature > végétal > espèce végétale > plante > légume > salsifis,
th-representation-1961,tomate,th-representation-1928,la nature > végétal > espèce végétale > plante > légume > tomate,
th-representation-1962,épinard,th-representation-1928,la nature > végétal > espèce végétale > plante > légume > épinard,
th-representation-1963,magnolia,th-representation-1894,la nature > végétal > espèce végétale > plante > magnolia,
th-representation-1964,mandragore,th-representation-1894,la nature > végétal > espèce végétale > plante > mandragore,
th-representation-1965,moutarde,th-representation-1894,la nature > végétal > espèce végétale > plante > moutarde,
th-representation-1966,ortie,th-representation-1894,la nature > végétal > espèce végétale > plante > ortie,
th-representation-1967,ortie jaune,th-representation-1894,la nature > végétal > espèce végétale > plante > ortie jaune,
th-representation-1968,pandanus,th-representation-1894,la nature > végétal > espèce végétale > plante > pandanus,
th-representation-1969,papyrus,th-representation-1894,la nature > végétal > espèce végétale > plante > papyrus,
th-representation-1970,philodendron,th-representation-1894,la nature > végétal > espèce végétale > plante > philodendron,
th-representation-1971,physalis,th-representation-1894,la nature > végétal > espèce végétale > plante > physalis,
th-representation-1972,piment,th-representation-1894,la nature > végétal > espèce végétale > plante > piment,
th-representation-1973,plantain,th-representation-1894,la nature > végétal > espèce végétale > plante > plantain,
th-representation-1974,plante aquatique,th-representation-1894,la nature > végétal > espèce végétale > plante > plante aquatique,
th-representation-1975,lotus,th-representation-1974,la nature > végétal > espèce végétale > plante > plante aquatique > lotus,
th-representation-1976,nymphéa,th-representation-1974,la nature > végétal > espèce végétale > plante > plante aquatique > nymphéa,
th-representation-1977,nénuphar,th-representation-1974,la nature > végétal > espèce végétale > plante > plante aquatique > nénuphar,
th-representation-1978,roseau,th-representation-1974,la nature > végétal > espèce végétale > plante > plante aquatique > roseau,
th-representation-1979,plante aromatique,th-representation-1894,la nature > végétal > espèce végétale > plante > plante aromatique,
th-representation-1980,basilic végétal,th-representation-1979,la nature > végétal > espèce végétale > plante > plante aromatique > basilic végétal,
th-representation-1981,ciboulette,th-representation-1979,la nature > végétal > espèce végétale > plante > plante aromatique > ciboulette,
th-representation-1982,hysope,th-representation-1979,la nature > végétal > espèce végétale > plante > plante aromatique > hysope,
th-representation-1983,laurier,th-representation-1979,la nature > végétal > espèce végétale > plante > plante aromatique > laurier,
th-representation-1984,menthe,th-representation-1979,la nature > végétal > espèce végétale > plante > plante aromatique > menthe,
th-representation-1985,mélisse,th-representation-1979,la nature > végétal > espèce végétale > plante > plante aromatique > mélisse,
th-representation-1986,origan,th-representation-1979,la nature > végétal > espèce végétale > plante > plante aromatique > origan,
th-representation-1987,oseille,th-representation-1979,la nature > végétal > espèce végétale > plante > plante aromatique > oseille,
th-representation-1988,persil,th-representation-1979,la nature > végétal > espèce végétale > plante > plante aromatique > persil,
th-representation-1989,romarin,th-representation-1979,la nature > végétal > espèce végétale > plante > plante aromatique > romarin,
th-representation-1990,sarriette,th-representation-1979,la nature > végétal > espèce végétale > plante > plante aromatique > sarriette,
th-representation-1991,serpolet,th-representation-1979,la nature > végétal > espèce végétale > plante > plante aromatique > serpolet,
th-representation-1992,thym,th-representation-1979,la nature > végétal > espèce végétale > plante > plante aromatique > thym,
th-representation-1993,plante fourragère,th-representation-1894,la nature > végétal > espèce végétale > plante > plante fourragère,
th-representation-1994,foin,th-representation-1993,la nature > végétal > espèce végétale > plante > plante fourragère > foin,
th-representation-1995,sainfoin,th-representation-1993,la nature > végétal > espèce végétale > plante > plante fourragère > sainfoin,
th-representation-1996,trèfle,th-representation-1993,la nature > végétal > espèce végétale > plante > plante fourragère > trèfle,
th-representation-1997,plante grasse,th-representation-1894,la nature > végétal > espèce végétale > plante > plante grasse,
th-representation-1998,aloès,th-representation-1997,la nature > végétal > espèce végétale > plante > plante grasse > aloès,
th-representation-1999,cactus,th-representation-1997,la nature > végétal > espèce végétale > plante > plante grasse > cactus,
th-representation-2000,peyotl,th-representation-1999,la nature > végétal > espèce végétale > plante > plante grasse > cactus > peyotl,
th-representation-2001,figuier de Barbarie,th-representation-1997,la nature > végétal > espèce végétale > plante > plante grasse > figuier de Barbarie,
th-representation-2002,orpin,th-representation-1997,la nature > végétal > espèce végétale > plante > plante grasse > orpin,
th-representation-2003,plante industrielle,th-representation-1894,la nature > végétal > espèce végétale > plante > plante industrielle,
th-representation-2004,bambou,th-representation-2003,la nature > végétal > espèce végétale > plante > plante industrielle > bambou,
th-representation-2005,canne à sucre,th-representation-2003,la nature > végétal > espèce végétale > plante > plante industrielle > canne à sucre,
th-representation-2006,chanvre,th-representation-2003,la nature > végétal > espèce végétale > plante > plante industrielle > chanvre,
th-representation-2007,chicorée1,th-representation-2003,la nature > végétal > espèce végétale > plante > plante industrielle > chicorée1,
th-representation-2008,colza,th-representation-2003,la nature > végétal > espèce végétale > plante > plante industrielle > colza,
th-representation-2009,houblon,th-representation-2003,la nature > végétal > espèce végétale > plante > plante industrielle > houblon,
th-representation-2010,lin,th-representation-2003,la nature > végétal > espèce végétale > plante > plante industrielle > lin,
th-representation-2011,navette végétale,th-representation-2003,la nature > végétal > espèce végétale > plante > plante industrielle > navette végétale,
th-representation-2012,osier,th-representation-2003,la nature > végétal > espèce végétale > plante > plante industrielle > osier,
th-representation-2013,tabac,th-representation-2003,la nature > végétal > espèce végétale > plante > plante industrielle > tabac,
th-representation-2014,théier,th-representation-2003,la nature > végétal > espèce végétale > plante > plante industrielle > théier,
th-representation-2015,plante médicinale,th-representation-1894,la nature > végétal > espèce végétale > plante > plante médicinale,
th-representation-2016,bourrache,th-representation-2015,la nature > végétal > espèce végétale > plante > plante médicinale > bourrache,
th-representation-2017,capillaire,th-representation-2015,la nature > végétal > espèce végétale > plante > plante médicinale > capillaire,
th-representation-2018,fumeterre officinale,th-representation-2015,la nature > végétal > espèce végétale > plante > plante médicinale > fumeterre officinale,
th-representation-2019,sauge,th-representation-2015,la nature > végétal > espèce végétale > plante > plante médicinale > sauge,
th-representation-2020,poivrier,th-representation-1894,la nature > végétal > espèce végétale > plante > poivrier,
th-representation-2021,rhubarbe,th-representation-1894,la nature > végétal > espèce végétale > plante > rhubarbe,
th-representation-2022,saxifrage,th-representation-1894,la nature > végétal > espèce végétale > plante > saxifrage,
th-representation-2023,vipérine,th-representation-1894,la nature > végétal > espèce végétale > plante > vipérine,
th-representation-2024,yucca,th-representation-1894,la nature > végétal > espèce végétale > plante > yucca,
th-representation-2025,végétation,th-representation-1788,la nature > végétal > végétation,
th-representation-2026,bocage,th-representation-2025,la nature > végétal > végétation > bocage,
th-representation-2027,bosquet,th-representation-2025,la nature > végétal > végétation > bosquet,
th-representation-2028,buisson,th-representation-2025,la nature > végétal > végétation > buisson,
th-representation-2029,désert,th-representation-2025,la nature > végétal > végétation > désert,
th-representation-2032,forêt,th-representation-2025,la nature > végétal > végétation > forêt,
th-representation-2033,clairière,th-representation-2032,la nature > végétal > végétation > forêt > clairière,
th-representation-2034,lande,th-representation-2025,la nature > végétal > végétation > lande,
th-representation-2035,oasis,th-representation-2025,la nature > végétal > végétation > oasis,
th-representation-2036,prairie,th-representation-2025,la nature > végétal > végétation > prairie,
th-representation-2037,savane,th-representation-2025,la nature > végétal > végétation > savane,
th-representation-2038,steppe,th-representation-2025,la nature > végétal > végétation > steppe,
th-representation-2039,élément végétal,th-representation-1788,la nature > végétal > élément végétal,
th-representation-2040,bois,th-representation-2039,la nature > végétal > élément végétal > bois,
th-representation-2041,bois mort,th-representation-2040,la nature > végétal > élément végétal > bois > bois mort,
th-representation-2042,bouquet,th-representation-2039,la nature > végétal > élément végétal > bouquet,
th-representation-2043,fleur,th-representation-2039,la nature > végétal > élément végétal > fleur,
th-representation-2044,aconit,th-representation-2043,la nature > végétal > élément végétal > fleur > aconit,
th-representation-2045,agapanthe,th-representation-2043,la nature > végétal > élément végétal > fleur > agapanthe,
th-representation-2046,ajonc,th-representation-2043,la nature > végétal > élément végétal > fleur > ajonc,
th-representation-2047,amarante,th-representation-2043,la nature > végétal > élément végétal > fleur > amarante,
th-representation-2048,amaryllis,th-representation-2043,la nature > végétal > élément végétal > fleur > amaryllis,
th-representation-2049,ancolie,th-representation-2043,la nature > végétal > élément végétal > fleur > ancolie,
th-representation-2050,anémone,th-representation-2043,la nature > végétal > élément végétal > fleur > anémone,
th-representation-2051,aristoloche,th-representation-2043,la nature > végétal > élément végétal > fleur > aristoloche,
th-representation-2052,arum,th-representation-2043,la nature > végétal > élément végétal > fleur > arum,
th-representation-2053,asphodèle,th-representation-2043,la nature > végétal > élément végétal > fleur > asphodèle,
th-representation-2054,aster,th-representation-2043,la nature > végétal > élément végétal > fleur > aster,
th-representation-2055,astilbe,th-representation-2043,la nature > végétal > élément végétal > fleur > astilbe,
th-representation-2056,aubriète,th-representation-2043,la nature > végétal > élément végétal > fleur > aubriète,
th-representation-2057,bardane,th-representation-2043,la nature > végétal > élément végétal > fleur > bardane,
th-representation-2058,belladonne,th-representation-2043,la nature > végétal > élément végétal > fleur > belladonne,
th-representation-2059,belle-de-nuit,th-representation-2043,la nature > végétal > élément végétal > fleur > belle-de-nuit,
th-representation-2060,bleuet,th-representation-2043,la nature > végétal > élément végétal > fleur > bleuet,
th-representation-2061,bégonia,th-representation-2043,la nature > végétal > élément végétal > fleur > bégonia,
th-representation-2062,calcéolaire,th-representation-2043,la nature > végétal > élément végétal > fleur > calcéolaire,
th-representation-2063,camomille,th-representation-2043,la nature > végétal > élément végétal > fleur > camomille,
th-representation-2064,campanule,th-representation-2043,la nature > végétal > élément végétal > fleur > campanule,
th-representation-2065,camélia,th-representation-2043,la nature > végétal > élément végétal > fleur > camélia,
th-representation-2066,capucine,th-representation-2043,la nature > végétal > élément végétal > fleur > capucine,
th-representation-2067,centaurée,th-representation-2043,la nature > végétal > élément végétal > fleur > centaurée,
th-representation-2068,chardon,th-representation-2043,la nature > végétal > élément végétal > fleur > chardon,
th-representation-2069,chicorée,th-representation-2043,la nature > végétal > élément végétal > fleur > chicorée,
th-representation-2070,chrysanthème,th-representation-2043,la nature > végétal > élément végétal > fleur > chrysanthème,
th-representation-2071,colchique,th-representation-2043,la nature > végétal > élément végétal > fleur > colchique,
th-representation-2072,coquelicot,th-representation-2043,la nature > végétal > élément végétal > fleur > coquelicot,
th-representation-2073,crocus,th-representation-2043,la nature > végétal > élément végétal > fleur > crocus,
th-representation-2074,crocus sativus,th-representation-2073,la nature > végétal > élément végétal > fleur > crocus > crocus sativus,
th-representation-2075,cyclamen,th-representation-2043,la nature > végétal > élément végétal > fleur > cyclamen,
th-representation-2076,céraiste cotonneux,th-representation-2043,la nature > végétal > élément végétal > fleur > céraiste cotonneux,
th-representation-2077,dahlia,th-representation-2043,la nature > végétal > élément végétal > fleur > dahlia,
th-representation-2078,datura,th-representation-2043,la nature > végétal > élément végétal > fleur > datura,
th-representation-2079,delphinium,th-representation-2043,la nature > végétal > élément végétal > fleur > delphinium,
th-representation-2080,digitale,th-representation-2043,la nature > végétal > élément végétal > fleur > digitale,
th-representation-2081,diélytra,th-representation-2043,la nature > végétal > élément végétal > fleur > diélytra,
th-representation-2082,edelweiss,th-representation-2043,la nature > végétal > élément végétal > fleur > edelweiss,
th-representation-2083,en bouton,th-representation-2043,la nature > végétal > élément végétal > fleur > en bouton,
th-representation-2084,en fleurs,th-representation-2043,la nature > végétal > élément végétal > fleur > en fleurs,"pour les arbres et les arbustes Paysage ( verger, poirier: en fleurs )"
th-representation-2085,euphorbe,th-representation-2043,la nature > végétal > élément végétal > fleur > euphorbe,
th-representation-2086,ficaire,th-representation-2043,la nature > végétal > élément végétal > fleur > ficaire,
th-representation-2087,freesia,th-representation-2043,la nature > végétal > élément végétal > fleur > freesia,
th-representation-2088,fritillaire,th-representation-2043,la nature > végétal > élément végétal > fleur > fritillaire,
th-representation-2089,fritillaire impériale,th-representation-2088,la nature > végétal > élément végétal > fleur > fritillaire > fritillaire impériale,
th-representation-2090,fuchsia,th-representation-2043,la nature > végétal > élément végétal > fleur > fuchsia,
th-representation-2091,gentiane,th-representation-2043,la nature > végétal > élément végétal > fleur > gentiane,
th-representation-2092,giroflée,th-representation-2043,la nature > végétal > élément végétal > fleur > giroflée,
th-representation-2093,glaïeul,th-representation-2043,la nature > végétal > élément végétal > fleur > glaïeul,
th-representation-2094,glycine,th-representation-2043,la nature > végétal > élément végétal > fleur > glycine,
th-representation-2095,géranium,th-representation-2043,la nature > végétal > élément végétal > fleur > géranium,
th-representation-2096,hellébore,th-representation-2043,la nature > végétal > élément végétal > fleur > hellébore,
th-representation-2097,hortensia,th-representation-2043,la nature > végétal > élément végétal > fleur > hortensia,
th-representation-2098,hélianthe,th-representation-2043,la nature > végétal > élément végétal > fleur > hélianthe,
th-representation-2099,héliotrope,th-representation-2043,la nature > végétal > élément végétal > fleur > héliotrope,
th-representation-2100,hémérocalle,th-representation-2043,la nature > végétal > élément végétal > fleur > hémérocalle,
th-representation-2101,hépatique,th-representation-2043,la nature > végétal > élément végétal > fleur > hépatique,
th-representation-2102,immortelle,th-representation-2043,la nature > végétal > élément végétal > fleur > immortelle,
th-representation-2103,inule,th-representation-2043,la nature > végétal > élément végétal > fleur > inule,
th-representation-2104,iris,th-representation-2043,la nature > végétal > élément végétal > fleur > iris,
th-representation-2105,jacinthe,th-representation-2043,la nature > végétal > élément végétal > fleur > jacinthe,
th-representation-2106,jacinthe d'eau,th-representation-2043,la nature > végétal > élément végétal > fleur > jacinthe d'eau,
th-representation-2107,jasmin,th-representation-2043,la nature > végétal > élément végétal > fleur > jasmin,
th-representation-2108,jonquille,th-representation-2043,la nature > végétal > élément végétal > fleur > jonquille,
th-representation-2109,labiée,th-representation-2043,la nature > végétal > élément végétal > fleur > labiée,
th-representation-2110,laitue fleur,th-representation-2043,la nature > végétal > élément végétal > fleur > laitue fleur,
th-representation-2111,lavande,th-representation-2043,la nature > végétal > élément végétal > fleur > lavande,
th-representation-2112,lavatère,th-representation-2043,la nature > végétal > élément végétal > fleur > lavatère,
th-representation-2113,lilas,th-representation-2043,la nature > végétal > élément végétal > fleur > lilas,
th-representation-2114,linaire,th-representation-2043,la nature > végétal > élément végétal > fleur > linaire,
th-representation-2115,liseron,th-representation-2043,la nature > végétal > élément végétal > fleur > liseron,
th-representation-2116,lupin,th-representation-2043,la nature > végétal > élément végétal > fleur > lupin,
th-representation-2117,lys,th-representation-2043,la nature > végétal > élément végétal > fleur > lys,
th-representation-2118,lis martagon,th-representation-2117,la nature > végétal > élément végétal > fleur > lys > lis martagon,
th-representation-2119,malope,th-representation-2043,la nature > végétal > élément végétal > fleur > malope,
th-representation-2120,marguerite,th-representation-2043,la nature > végétal > élément végétal > fleur > marguerite,
th-representation-2121,mauve,th-representation-2043,la nature > végétal > élément végétal > fleur > mauve,
th-representation-2122,millepertuis,th-representation-2043,la nature > végétal > élément végétal > fleur > millepertuis,
th-representation-2123,montbrétia,th-representation-2043,la nature > végétal > élément végétal > fleur > montbrétia,
th-representation-2124,muflier,th-representation-2043,la nature > végétal > élément végétal > fleur > muflier,
th-representation-2125,muguet,th-representation-2043,la nature > végétal > élément végétal > fleur > muguet,
th-representation-2126,muscari,th-representation-2043,la nature > végétal > élément végétal > fleur > muscari,
th-representation-2127,myosotis,th-representation-2043,la nature > végétal > élément végétal > fleur > myosotis,
th-representation-2128,narcisse,th-representation-2043,la nature > végétal > élément végétal > fleur > narcisse,
th-representation-2129,nigelle de Damas,th-representation-2043,la nature > végétal > élément végétal > fleur > nigelle de Damas,
th-representation-2130,oeillet,th-representation-2043,la nature > végétal > élément végétal > fleur > oeillet,
th-representation-2131,oeillet d'Inde,th-representation-2043,la nature > végétal > élément végétal > fleur > oeillet d'Inde,
th-representation-2132,orchidée,th-representation-2043,la nature > végétal > élément végétal > fleur > orchidée,
th-representation-2133,vanillier,th-representation-2132,la nature > végétal > élément végétal > fleur > orchidée > vanillier,
th-representation-2134,pavot,th-representation-2043,la nature > végétal > élément végétal > fleur > pavot,
th-representation-2135,pensée,th-representation-2043,la nature > végétal > élément végétal > fleur > pensée,
th-representation-2136,perce-neige,th-representation-2043,la nature > végétal > élément végétal > fleur > perce-neige,
th-representation-2137,pervenche,th-representation-2043,la nature > végétal > élément végétal > fleur > pervenche,
th-representation-2138,phlox,th-representation-2043,la nature > végétal > élément végétal > fleur > phlox,
th-representation-2139,pissenlit,th-representation-2043,la nature > végétal > élément végétal > fleur > pissenlit,
th-representation-2140,pivoine,th-representation-2043,la nature > végétal > élément végétal > fleur > pivoine,
th-representation-2141,pois de senteur,th-representation-2043,la nature > végétal > élément végétal > fleur > pois de senteur,
th-representation-2142,potentille,th-representation-2043,la nature > végétal > élément végétal > fleur > potentille,
th-representation-2143,primevère,th-representation-2043,la nature > végétal > élément végétal > fleur > primevère,
th-representation-2144,pâquerette,th-representation-2043,la nature > végétal > élément végétal > fleur > pâquerette,
th-representation-2145,pétunia,th-representation-2043,la nature > végétal > élément végétal > fleur > pétunia,
th-representation-2146,reine-marguerite,th-representation-2043,la nature > végétal > élément végétal > fleur > reine-marguerite,
th-representation-2147,renoncule,th-representation-2043,la nature > végétal > élément végétal > fleur > renoncule,
th-representation-2148,rose,th-representation-2043,la nature > végétal > élément végétal > fleur > rose,
th-representation-2149,rose de Noël,th-representation-2043,la nature > végétal > élément végétal > fleur > rose de Noël,
th-representation-2150,rose trémière,th-representation-2043,la nature > végétal > élément végétal > fleur > rose trémière,
th-representation-2151,réséda,th-representation-2043,la nature > végétal > élément végétal > fleur > réséda,
th-representation-2152,saponaire,th-representation-2043,la nature > végétal > élément végétal > fleur > saponaire,
th-representation-2153,scabieuse,th-representation-2043,la nature > végétal > élément végétal > fleur > scabieuse,
th-representation-2154,sceau de Salomon,th-representation-2043,la nature > végétal > élément végétal > fleur > sceau de Salomon,
th-representation-2155,scille,th-representation-2043,la nature > végétal > élément végétal > fleur > scille,
th-representation-2156,silène fleur,th-representation-2043,la nature > végétal > élément végétal > fleur > silène fleur,
th-representation-2157,souci,th-representation-2043,la nature > végétal > élément végétal > fleur > souci,
th-representation-2158,strelitzia,th-representation-2043,la nature > végétal > élément végétal > fleur > strelitzia,
th-representation-2159,tilleul fleur,th-representation-2043,la nature > végétal > élément végétal > fleur > tilleul fleur,
th-representation-2160,tournesol,th-representation-2043,la nature > végétal > élément végétal > fleur > tournesol,
th-representation-2161,tubéreuse,th-representation-2043,la nature > végétal > élément végétal > fleur > tubéreuse,
th-representation-2162,tulipe,th-representation-2043,la nature > végétal > élément végétal > fleur > tulipe,
th-representation-2163,valériane,th-representation-2043,la nature > végétal > élément végétal > fleur > valériane,
th-representation-2164,verveine,th-representation-2043,la nature > végétal > élément végétal > fleur > verveine,
th-representation-2165,violette,th-representation-2043,la nature > végétal > élément végétal > fleur > violette,
th-representation-2166,volubilis,th-representation-2043,la nature > végétal > élément végétal > fleur > volubilis,
th-representation-2167,véronique,th-representation-2043,la nature > végétal > élément végétal > fleur > véronique,
th-representation-2168,zinnia,th-representation-2043,la nature > végétal > élément végétal > fleur > zinnia,
th-representation-2169,églantine,th-representation-2043,la nature > végétal > élément végétal > fleur > églantine,
th-representation-2170,épilobe,th-representation-2043,la nature > végétal > élément végétal > fleur > épilobe,
th-representation-2171,fruit,th-representation-2039,la nature > végétal > élément végétal > fruit,
th-representation-2172,abricot,th-representation-2171,la nature > végétal > élément végétal > fruit > abricot,
th-representation-2173,agrume,th-representation-2171,la nature > végétal > élément végétal > fruit > agrume,
th-representation-2174,bigarade,th-representation-2173,la nature > végétal > élément végétal > fruit > agrume > bigarade,
th-representation-2175,citron,th-representation-2173,la nature > végétal > élément végétal > fruit > agrume > citron,
th-representation-2176,cédrat,th-representation-2173,la nature > végétal > élément végétal > fruit > agrume > cédrat,
th-representation-2177,orange fruit,th-representation-2173,la nature > végétal > élément végétal > fruit > agrume > orange fruit,
th-representation-2178,pamplemousse,th-representation-2173,la nature > végétal > élément végétal > fruit > agrume > pamplemousse,
th-representation-2179,amande,th-representation-2171,la nature > végétal > élément végétal > fruit > amande,
th-representation-2180,ananas,th-representation-2171,la nature > végétal > élément végétal > fruit > ananas,
th-representation-2181,anone,th-representation-2171,la nature > végétal > élément végétal > fruit > anone,
th-representation-2182,avocat fruit,th-representation-2171,la nature > végétal > élément végétal > fruit > avocat fruit,
th-representation-2183,baie fruit,th-representation-2171,la nature > végétal > élément végétal > fruit > baie fruit,
th-representation-2184,arbouse,th-representation-2183,la nature > végétal > élément végétal > fruit > baie fruit > arbouse,
th-representation-2185,cassis fruit,th-representation-2183,la nature > végétal > élément végétal > fruit > baie fruit > cassis fruit,
th-representation-2186,fraise,th-representation-2183,la nature > végétal > élément végétal > fruit > baie fruit > fraise,
th-representation-2187,fraise des bois,th-representation-2186,la nature > végétal > élément végétal > fruit > baie fruit > fraise > fraise des bois,
th-representation-2188,framboise,th-representation-2183,la nature > végétal > élément végétal > fruit > baie fruit > framboise,
th-representation-2189,groseille,th-representation-2183,la nature > végétal > élément végétal > fruit > baie fruit > groseille,
th-representation-2190,myrtille,th-representation-2183,la nature > végétal > élément végétal > fruit > baie fruit > myrtille,
th-representation-2191,mûre,th-representation-2183,la nature > végétal > élément végétal > fruit > baie fruit > mûre,
th-representation-2192,banane,th-representation-2171,la nature > végétal > élément végétal > fruit > banane,
th-representation-2193,cerise,th-representation-2171,la nature > végétal > élément végétal > fruit > cerise,
th-representation-2194,châtaigne,th-representation-2171,la nature > végétal > élément végétal > fruit > châtaigne,
th-representation-2195,coing,th-representation-2171,la nature > végétal > élément végétal > fruit > coing,
th-representation-2196,corossol,th-representation-2171,la nature > végétal > élément végétal > fruit > corossol,
th-representation-2197,datte,th-representation-2171,la nature > végétal > élément végétal > fruit > datte,
th-representation-2198,en fruits,th-representation-2171,la nature > végétal > élément végétal > fruit > en fruits,pour les arbres et les arbustes (fig. 30 et 43)
th-representation-2199,figue,th-representation-2171,la nature > végétal > élément végétal > fruit > figue,
th-representation-2200,figue de Barbarie,th-representation-2171,la nature > végétal > élément végétal > fruit > figue de Barbarie,
th-representation-2201,gland,th-representation-2171,la nature > végétal > élément végétal > fruit > gland,
th-representation-2202,goyave,th-representation-2171,la nature > végétal > élément végétal > fruit > goyave,
th-representation-2203,grenade fruit,th-representation-2171,la nature > végétal > élément végétal > fruit > grenade fruit,
th-representation-2204,kaki,th-representation-2171,la nature > végétal > élément végétal > fruit > kaki,
th-representation-2205,litchi,th-representation-2171,la nature > végétal > élément végétal > fruit > litchi,
th-representation-2206,mangoustan,th-representation-2171,la nature > végétal > élément végétal > fruit > mangoustan,
th-representation-2207,mangue,th-representation-2171,la nature > végétal > élément végétal > fruit > mangue,
th-representation-2208,marron,th-representation-2171,la nature > végétal > élément végétal > fruit > marron,
th-representation-2209,melon,th-representation-2171,la nature > végétal > élément végétal > fruit > melon,
th-representation-2210,noisette,th-representation-2171,la nature > végétal > élément végétal > fruit > noisette,
th-representation-2211,noix,th-representation-2171,la nature > végétal > élément végétal > fruit > noix,
th-representation-2212,noix de coco,th-representation-2171,la nature > végétal > élément végétal > fruit > noix de coco,
th-representation-2213,noix du Brésil,th-representation-2171,la nature > végétal > élément végétal > fruit > noix du Brésil,
th-representation-2214,nèfle,th-representation-2171,la nature > végétal > élément végétal > fruit > nèfle,
th-representation-2215,olive,th-representation-2171,la nature > végétal > élément végétal > fruit > olive,
th-representation-2216,papaye,th-representation-2171,la nature > végétal > élément végétal > fruit > papaye,
th-representation-2217,pastèque,th-representation-2171,la nature > végétal > élément végétal > fruit > pastèque,
th-representation-2218,poire,th-representation-2171,la nature > végétal > élément végétal > fruit > poire,
th-representation-2219,pomme,th-representation-2171,la nature > végétal > élément végétal > fruit > pomme,
th-representation-2220,pomme de pin,th-representation-2171,la nature > végétal > élément végétal > fruit > pomme de pin,
th-representation-2221,prune,th-representation-2171,la nature > végétal > élément végétal > fruit > prune,
th-representation-2222,mirabelle,th-representation-2221,la nature > végétal > élément végétal > fruit > prune > mirabelle,
th-representation-2223,quetsche,th-representation-2221,la nature > végétal > élément végétal > fruit > prune > quetsche,
th-representation-2224,pêche fruit,th-representation-2171,la nature > végétal > élément végétal > fruit > pêche fruit,
th-representation-2225,raisin,th-representation-2171,la nature > végétal > élément végétal > fruit > raisin,
th-representation-2226,gerbe,th-representation-2039,la nature > végétal > élément végétal > gerbe,
th-representation-2227,partie de végétal,th-representation-2039,la nature > végétal > élément végétal > partie de végétal,
th-representation-2228,branche,th-representation-2227,la nature > végétal > élément végétal > partie de végétal > branche,
th-representation-2229,bulbe,th-representation-2227,la nature > végétal > élément végétal > partie de végétal > bulbe,
th-representation-2230,feuille,th-representation-2227,la nature > végétal > élément végétal > partie de végétal > feuille,
th-representation-2231,palme,th-representation-2230,la nature > végétal > élément végétal > partie de végétal > feuille > palme,
th-representation-2232,graine,th-representation-2227,la nature > végétal > élément végétal > partie de végétal > graine,
th-representation-2233,paille,th-representation-2227,la nature > végétal > élément végétal > partie de végétal > paille,
th-representation-2234,pétale,th-representation-2227,la nature > végétal > élément végétal > partie de végétal > pétale,
th-representation-2235,racine,th-representation-2227,la nature > végétal > élément végétal > partie de végétal > racine,
th-representation-2236,tige,th-representation-2227,la nature > végétal > élément végétal > partie de végétal > tige,
th-representation-2237,tronc,th-representation-2227,la nature > végétal > élément végétal > partie de végétal > tronc,
th-representation-2238,épi,th-representation-2227,la nature > végétal > élément végétal > partie de végétal > épi,
th-representation-2239,épine,th-representation-2227,la nature > végétal > élément végétal > partie de végétal > épine,
th-representation-2240,végétal défeuillé,th-representation-2039,la nature > végétal > élément végétal > végétal défeuillé,
th-representation-2241,le corps et la vie matérielle,,le corps et la vie matérielle,
th-representation-2242,activité domestique,th-representation-2241,le corps et la vie matérielle > activité domestique,"activité accomplie par un particulier pour ses besoins personnels. Exemple: Scène { femme, filage, activité domestique } mais Scène { atelier: intérieur, machine, filage }"
th-representation-2243,activité ménagère,th-representation-2241,le corps et la vie matérielle > activité ménagère,activité qui concerne la tenue d'un intérieur
th-representation-2244,entretien du linge,th-representation-2243,le corps et la vie matérielle > activité ménagère > entretien du linge,
th-representation-2245,lessive,th-representation-2244,le corps et la vie matérielle > activité ménagère > entretien du linge > lessive,"inclut blanchissage, étendage, séchage"
th-representation-2246,repassage,th-representation-2244,le corps et la vie matérielle > activité ménagère > entretien du linge > repassage,
th-representation-2247,ménage,th-representation-2243,le corps et la vie matérielle > activité ménagère > ménage,
th-representation-2248,travaux d'aiguille,th-representation-2243,le corps et la vie matérielle > activité ménagère > travaux d'aiguille,
th-representation-2249,couture,th-representation-2248,le corps et la vie matérielle > activité ménagère > travaux d'aiguille > couture,
th-representation-2250,architecture,th-representation-2241,le corps et la vie matérielle > architecture,"Les descripteurs concernant les destinations de l'architecture sont répartis dans les différentes classes du thesaurus, Seuls sont regroupés ici les descripteurs des élérnents communs à tous les édifices, Dans la plupart des cas, les descripteurs sant conformes au Vocabulaire de l'architecture de M. Jean-Marie Pérouse de Montclos."
th-representation-2251,baie,th-representation-2250,le corps et la vie matérielle > architecture > baie,
th-representation-2252,arcade,th-representation-2251,le corps et la vie matérielle > architecture > baie > arcade,
th-representation-2253,arcature,th-representation-2252,le corps et la vie matérielle > architecture > baie > arcade > arcature,
th-representation-2254,fenêtre,th-representation-2251,le corps et la vie matérielle > architecture > baie > fenêtre,
th-representation-2255,portail,th-representation-2251,le corps et la vie matérielle > architecture > baie > portail,
th-representation-2256,porte,th-representation-2251,le corps et la vie matérielle > architecture > baie > porte,
th-representation-2257,soupirail,th-representation-2251,le corps et la vie matérielle > architecture > baie > soupirail,
th-representation-2258,bâtiment,th-representation-2250,le corps et la vie matérielle > architecture > bâtiment,
th-representation-2259,immeuble,th-representation-2258,le corps et la vie matérielle > architecture > bâtiment > immeuble,
th-representation-2260,tour,th-representation-2258,le corps et la vie matérielle > architecture > bâtiment > tour,
th-representation-2261,charpente,th-representation-2250,le corps et la vie matérielle > architecture > charpente,
th-representation-2262,clôture,th-representation-2250,le corps et la vie matérielle > architecture > clôture,
th-representation-2263,balustrade,th-representation-2262,le corps et la vie matérielle > architecture > clôture > balustrade,
th-representation-2264,balustre,th-representation-2263,le corps et la vie matérielle > architecture > clôture > balustrade > balustre,
th-representation-2265,grille,th-representation-2262,le corps et la vie matérielle > architecture > clôture > grille,
th-representation-2266,palissade,th-representation-2262,le corps et la vie matérielle > architecture > clôture > palissade,
th-representation-2267,couverture,th-representation-2250,le corps et la vie matérielle > architecture > couverture,
th-representation-2268,couverture en terrasse,th-representation-2267,le corps et la vie matérielle > architecture > couverture > couverture en terrasse,
th-representation-2269,toit,th-representation-2267,le corps et la vie matérielle > architecture > couverture > toit,
th-representation-2270,couvrement,th-representation-2250,le corps et la vie matérielle > architecture > couvrement,
th-representation-2271,arc architectural,th-representation-2270,le corps et la vie matérielle > architecture > couvrement > arc architectural,
th-representation-2272,arc brisé,th-representation-2271,le corps et la vie matérielle > architecture > couvrement > arc architectural > arc brisé,
th-representation-2273,arc en accolade,th-representation-2271,le corps et la vie matérielle > architecture > couvrement > arc architectural > arc en accolade,
th-representation-2274,arc en anse de panier,th-representation-2271,le corps et la vie matérielle > architecture > couvrement > arc architectural > arc en anse de panier,
th-representation-2275,arc en plein cintre,th-representation-2271,le corps et la vie matérielle > architecture > couvrement > arc architectural > arc en plein cintre,
th-representation-2276,arc outrepassé,th-representation-2271,le corps et la vie matérielle > architecture > couvrement > arc architectural > arc outrepassé,
th-representation-2277,arc polylobé,th-representation-2271,le corps et la vie matérielle > architecture > couvrement > arc architectural > arc polylobé,
th-representation-2278,arc trilobé,th-representation-2277,le corps et la vie matérielle > architecture > couvrement > arc architectural > arc polylobé > arc trilobé,
th-representation-2279,arc à clef pendante,th-representation-2271,le corps et la vie matérielle > architecture > couvrement > arc architectural > arc à clef pendante,
th-representation-2280,plafond,th-representation-2270,le corps et la vie matérielle > architecture > couvrement > plafond,
th-representation-2281,voûte,th-representation-2270,le corps et la vie matérielle > architecture > couvrement > voûte,
th-representation-2282,coupole,th-representation-2281,le corps et la vie matérielle > architecture > couvrement > voûte > coupole,
th-representation-2283,espace libre,th-representation-2250,le corps et la vie matérielle > architecture > espace libre,
th-representation-2284,cour,th-representation-2283,le corps et la vie matérielle > architecture > espace libre > cour,
th-representation-2285,terrasse,th-representation-2283,le corps et la vie matérielle > architecture > espace libre > terrasse,
th-representation-2286,façade,th-representation-2250,le corps et la vie matérielle > architecture > façade,
th-representation-2287,mur,th-representation-2250,le corps et la vie matérielle > architecture > mur,
th-representation-2288,pan-de-bois,th-representation-2287,le corps et la vie matérielle > architecture > mur > pan-de-bois,"ensemble des pièces de charpente assemblées dans un même plan, à utiliser pour colombage"
th-representation-2289,partie d'édifice,th-representation-2250,le corps et la vie matérielle > architecture > partie d'édifice,
th-representation-2290,ascenseur,th-representation-2289,le corps et la vie matérielle > architecture > partie d'édifice > ascenseur,
th-representation-2291,balcon,th-representation-2289,le corps et la vie matérielle > architecture > partie d'édifice > balcon,
th-representation-2292,escalier,th-representation-2289,le corps et la vie matérielle > architecture > partie d'édifice > escalier,
th-representation-2293,galerie,th-representation-2289,le corps et la vie matérielle > architecture > partie d'édifice > galerie,
th-representation-2294,portique,th-representation-2293,le corps et la vie matérielle > architecture > partie d'édifice > galerie > portique,
th-representation-2295,pièce,th-representation-2289,le corps et la vie matérielle > architecture > partie d'édifice > pièce,
th-representation-2296,cave,th-representation-2295,le corps et la vie matérielle > architecture > partie d'édifice > pièce > cave,pièce en sous-sol servant de magasin
th-representation-2297,loggia,th-representation-2295,le corps et la vie matérielle > architecture > partie d'édifice > pièce > loggia,
th-representation-2298,salle,th-representation-2295,le corps et la vie matérielle > architecture > partie d'édifice > pièce > salle,
th-representation-2299,porche,th-representation-2289,le corps et la vie matérielle > architecture > partie d'édifice > porche,
th-representation-2300,véranda,th-representation-2289,le corps et la vie matérielle > architecture > partie d'édifice > véranda,"pièce ou galerie au rez-de-chaussée, entièrement vitrée"
th-representation-2301,sol,th-representation-2250,le corps et la vie matérielle > architecture > sol,
th-representation-2302,parquet,th-representation-2301,le corps et la vie matérielle > architecture > sol > parquet,
th-representation-2303,pavement,th-representation-2301,le corps et la vie matérielle > architecture > sol > pavement,
th-representation-2304,édicule des eaux,th-representation-2250,le corps et la vie matérielle > architecture > édicule des eaux,
th-representation-2305,bassin d'eau,th-representation-2304,le corps et la vie matérielle > architecture > édicule des eaux > bassin d'eau,
th-representation-2306,château d'eau,th-representation-2304,le corps et la vie matérielle > architecture > édicule des eaux > château d'eau,
th-representation-2307,fontaine,th-representation-2304,le corps et la vie matérielle > architecture > édicule des eaux > fontaine,
th-representation-2308,jet d'eau,th-representation-2307,le corps et la vie matérielle > architecture > édicule des eaux > fontaine > jet d'eau,
th-representation-2309,lavoir,th-representation-2304,le corps et la vie matérielle > architecture > édicule des eaux > lavoir,
th-representation-2310,pièce d'eau,th-representation-2304,le corps et la vie matérielle > architecture > édicule des eaux > pièce d'eau,
th-representation-2311,puits,th-representation-2304,le corps et la vie matérielle > architecture > édicule des eaux > puits,
th-representation-2312,élément d'architecture,th-representation-2250,le corps et la vie matérielle > architecture > élément d'architecture,
th-representation-2313,ornement et accessoire d'architecture,th-representation-2312,le corps et la vie matérielle > architecture > élément d'architecture > ornement et accessoire d'architecture,
th-representation-2314,acrotère,th-representation-2313,le corps et la vie matérielle > architecture > élément d'architecture > ornement et accessoire d'architecture > acrotère,
th-representation-2315,archivolte,th-representation-2313,le corps et la vie matérielle > architecture > élément d'architecture > ornement et accessoire d'architecture > archivolte,
th-representation-2316,candélabre,th-representation-2313,le corps et la vie matérielle > architecture > élément d'architecture > ornement et accessoire d'architecture > candélabre,
th-representation-2317,corps de moulure,th-representation-2313,le corps et la vie matérielle > architecture > élément d'architecture > ornement et accessoire d'architecture > corps de moulure,
th-representation-2318,corniche,th-representation-2317,le corps et la vie matérielle > architecture > élément d'architecture > ornement et accessoire d'architecture > corps de moulure > corniche,
th-representation-2319,entablement,th-representation-2317,le corps et la vie matérielle > architecture > élément d'architecture > ornement et accessoire d'architecture > corps de moulure > entablement,
th-representation-2320,crochet,th-representation-2313,le corps et la vie matérielle > architecture > élément d'architecture > ornement et accessoire d'architecture > crochet,
th-representation-2321,dais architectural,th-representation-2313,le corps et la vie matérielle > architecture > élément d'architecture > ornement et accessoire d'architecture > dais architectural,
th-representation-2322,décor d'architecture,th-representation-2313,le corps et la vie matérielle > architecture > élément d'architecture > ornement et accessoire d'architecture > décor d'architecture,
th-representation-2323,frise,th-representation-2313,le corps et la vie matérielle > architecture > élément d'architecture > ornement et accessoire d'architecture > frise,
th-representation-2324,fronton,th-representation-2313,le corps et la vie matérielle > architecture > élément d'architecture > ornement et accessoire d'architecture > fronton,
th-representation-2325,gargouille,th-representation-2313,le corps et la vie matérielle > architecture > élément d'architecture > ornement et accessoire d'architecture > gargouille,
th-representation-2326,lambris,th-representation-2313,le corps et la vie matérielle > architecture > élément d'architecture > ornement et accessoire d'architecture > lambris,
th-representation-2327,moulure,th-representation-2313,le corps et la vie matérielle > architecture > élément d'architecture > ornement et accessoire d'architecture > moulure,
th-representation-2328,niche architecturale,th-representation-2313,le corps et la vie matérielle > architecture > élément d'architecture > ornement et accessoire d'architecture > niche architecturale,
th-representation-2329,pinacle,th-representation-2313,le corps et la vie matérielle > architecture > élément d'architecture > ornement et accessoire d'architecture > pinacle,
th-representation-2330,souche de cheminée,th-representation-2313,le corps et la vie matérielle > architecture > élément d'architecture > ornement et accessoire d'architecture > souche de cheminée,ouvrage de maçonnerie renfermant un ou plusieurs conduits de cheminée et s'élevant au-dessus du toit
th-representation-2331,volute,th-representation-2313,le corps et la vie matérielle > architecture > élément d'architecture > ornement et accessoire d'architecture > volute,
th-representation-2332,support vertical,th-representation-2312,le corps et la vie matérielle > architecture > élément d'architecture > support vertical,
th-representation-2333,base,th-representation-2332,le corps et la vie matérielle > architecture > élément d'architecture > support vertical > base,
th-representation-2334,chapiteau,th-representation-2332,le corps et la vie matérielle > architecture > élément d'architecture > support vertical > chapiteau,
th-representation-2335,chapiteau composite,th-representation-2334,le corps et la vie matérielle > architecture > élément d'architecture > support vertical > chapiteau > chapiteau composite,
th-representation-2336,chapiteau corinthien,th-representation-2334,le corps et la vie matérielle > architecture > élément d'architecture > support vertical > chapiteau > chapiteau corinthien,
th-representation-2337,chapiteau dorique,th-representation-2334,le corps et la vie matérielle > architecture > élément d'architecture > support vertical > chapiteau > chapiteau dorique,
th-representation-2338,chapiteau ionique,th-representation-2334,le corps et la vie matérielle > architecture > élément d'architecture > support vertical > chapiteau > chapiteau ionique,
th-representation-2339,chapiteau toscan,th-representation-2334,le corps et la vie matérielle > architecture > élément d'architecture > support vertical > chapiteau > chapiteau toscan,
th-representation-2340,colonne,th-representation-2332,le corps et la vie matérielle > architecture > élément d'architecture > support vertical > colonne,
th-representation-2341,colonnade,th-representation-2340,le corps et la vie matérielle > architecture > élément d'architecture > support vertical > colonne > colonnade,
th-representation-2342,fût,th-representation-2340,le corps et la vie matérielle > architecture > élément d'architecture > support vertical > colonne > fût,
th-representation-2343,pilastre,th-representation-2332,le corps et la vie matérielle > architecture > élément d'architecture > support vertical > pilastre,
th-representation-2344,pilier,th-representation-2332,le corps et la vie matérielle > architecture > élément d'architecture > support vertical > pilier,
th-representation-2345,socle,th-representation-2332,le corps et la vie matérielle > architecture > élément d'architecture > support vertical > socle,
th-representation-2346,soubassement,th-representation-2332,le corps et la vie matérielle > architecture > élément d'architecture > support vertical > soubassement,
th-representation-2347,support anthropomorphe,th-representation-2332,le corps et la vie matérielle > architecture > élément d'architecture > support vertical > support anthropomorphe,
th-representation-2348,atlante,th-representation-2347,le corps et la vie matérielle > architecture > élément d'architecture > support vertical > support anthropomorphe > atlante,
th-representation-2349,cariatide,th-representation-2347,le corps et la vie matérielle > architecture > élément d'architecture > support vertical > support anthropomorphe > cariatide,
th-representation-2350,architecture d'habitation,th-representation-2241,le corps et la vie matérielle > architecture d'habitation,
th-representation-2351,communs et dépendances,th-representation-2350,le corps et la vie matérielle > architecture d'habitation > communs et dépendances,
th-representation-2352,communs,th-representation-2351,le corps et la vie matérielle > architecture d'habitation > communs et dépendances > communs,
th-representation-2353,jardin,th-representation-2351,le corps et la vie matérielle > architecture d'habitation > communs et dépendances > jardin,"Désigne Le jardin d'agrément, à distinguer de jerdin potager. Pour les jardins publics, noter jardin: cadre urbain."
th-representation-2354,décor de jardin,th-representation-2353,le corps et la vie matérielle > architecture d'habitation > communs et dépendances > jardin > décor de jardin,"par exemple treillage, tonnelle"
th-representation-2355,vase de jardin,th-representation-2354,le corps et la vie matérielle > architecture d'habitation > communs et dépendances > jardin > décor de jardin > vase de jardin,
th-representation-2356,fabrique de jardin,th-representation-2353,le corps et la vie matérielle > architecture d'habitation > communs et dépendances > jardin > fabrique de jardin,
th-representation-2357,kiosque,th-representation-2356,le corps et la vie matérielle > architecture d'habitation > communs et dépendances > jardin > fabrique de jardin > kiosque,
th-representation-2358,parc,th-representation-2351,le corps et la vie matérielle > architecture d'habitation > communs et dépendances > parc,
th-representation-2359,pièce d'habitation,th-representation-2350,le corps et la vie matérielle > architecture d'habitation > pièce d'habitation,
th-representation-2360,chambre,th-representation-2359,le corps et la vie matérielle > architecture d'habitation > pièce d'habitation > chambre,
th-representation-2361,cuisine,th-representation-2359,le corps et la vie matérielle > architecture d'habitation > pièce d'habitation > cuisine,
th-representation-2362,grenier de demeure,th-representation-2359,le corps et la vie matérielle > architecture d'habitation > pièce d'habitation > grenier de demeure,
th-representation-2363,salle de bains,th-representation-2359,le corps et la vie matérielle > architecture d'habitation > pièce d'habitation > salle de bains,
th-representation-2364,cabinet de toilette,th-representation-2363,le corps et la vie matérielle > architecture d'habitation > pièce d'habitation > salle de bains > cabinet de toilette,
th-representation-2365,salle à manger,th-representation-2359,le corps et la vie matérielle > architecture d'habitation > pièce d'habitation > salle à manger,
th-representation-2366,salon,th-representation-2359,le corps et la vie matérielle > architecture d'habitation > pièce d'habitation > salon,
th-representation-2367,édifice d'habitation,th-representation-2350,le corps et la vie matérielle > architecture d'habitation > édifice d'habitation,
th-representation-2368,abri,th-representation-2367,le corps et la vie matérielle > architecture d'habitation > édifice d'habitation > abri,
th-representation-2369,abri troglodytique,th-representation-2368,le corps et la vie matérielle > architecture d'habitation > édifice d'habitation > abri > abri troglodytique,abri aménagé dans la terre ou le roc
th-representation-2370,cabane,th-representation-2368,le corps et la vie matérielle > architecture d'habitation > édifice d'habitation > abri > cabane,
th-representation-2371,igloo,th-representation-2370,le corps et la vie matérielle > architecture d'habitation > édifice d'habitation > abri > cabane > igloo,
th-representation-2372,caverne,th-representation-2368,le corps et la vie matérielle > architecture d'habitation > édifice d'habitation > abri > caverne,abri naturel dans la terre ou le roc
th-representation-2373,hutte,th-representation-2368,le corps et la vie matérielle > architecture d'habitation > édifice d'habitation > abri > hutte,
th-representation-2374,tente,th-representation-2368,le corps et la vie matérielle > architecture d'habitation > édifice d'habitation > abri > tente,
th-representation-2375,demeure,th-representation-2367,le corps et la vie matérielle > architecture d'habitation > édifice d'habitation > demeure,
th-representation-2376,chalet,th-representation-2375,le corps et la vie matérielle > architecture d'habitation > édifice d'habitation > demeure > chalet,
th-representation-2377,chaumière,th-representation-2375,le corps et la vie matérielle > architecture d'habitation > édifice d'habitation > demeure > chaumière,toute demeure recouverte de chaume
th-representation-2378,château,th-representation-2375,le corps et la vie matérielle > architecture d'habitation > édifice d'habitation > demeure > château,
th-representation-2379,hôtel particulier,th-representation-2375,le corps et la vie matérielle > architecture d'habitation > édifice d'habitation > demeure > hôtel particulier,
th-representation-2380,maison,th-representation-2375,le corps et la vie matérielle > architecture d'habitation > édifice d'habitation > demeure > maison,
th-representation-2381,manoir,th-representation-2375,le corps et la vie matérielle > architecture d'habitation > édifice d'habitation > demeure > manoir,
th-representation-2382,palais,th-representation-2375,le corps et la vie matérielle > architecture d'habitation > édifice d'habitation > demeure > palais,résidence somptueuse située dans une ville
th-representation-2383,décor d'ameublement,th-representation-2241,le corps et la vie matérielle > décor d'ameublement,
th-representation-2384,nappe,th-representation-2383,le corps et la vie matérielle > décor d'ameublement > nappe,
th-representation-2385,objet d'ornement,th-representation-2383,le corps et la vie matérielle > décor d'ameublement > objet d'ornement,
th-representation-2386,bibelot,th-representation-2385,le corps et la vie matérielle > décor d'ameublement > objet d'ornement > bibelot,
th-representation-2387,cadre,th-representation-2385,le corps et la vie matérielle > décor d'ameublement > objet d'ornement > cadre,
th-representation-2388,coussin,th-representation-2385,le corps et la vie matérielle > décor d'ameublement > objet d'ornement > coussin,
th-representation-2389,vase,th-representation-2385,le corps et la vie matérielle > décor d'ameublement > objet d'ornement > vase,
th-representation-2390,revêtement mural,th-representation-2383,le corps et la vie matérielle > décor d'ameublement > revêtement mural,
th-representation-2391,rideau,th-representation-2383,le corps et la vie matérielle > décor d'ameublement > rideau,
th-representation-2392,tapis,th-representation-2383,le corps et la vie matérielle > décor d'ameublement > tapis,tapis de sol ou tapis de table
th-representation-2393,tenture,th-representation-2383,le corps et la vie matérielle > décor d'ameublement > tenture,
th-representation-2394,habillement,th-representation-2241,le corps et la vie matérielle > habillement,
th-representation-2395,accessoire du costume,th-representation-2394,le corps et la vie matérielle > habillement > accessoire du costume,
th-representation-2396,bandeau,th-representation-2395,le corps et la vie matérielle > habillement > accessoire du costume > bandeau,
th-representation-2397,masque,th-representation-2395,le corps et la vie matérielle > habillement > accessoire du costume > masque,
th-representation-2398,ombrelle,th-representation-2395,le corps et la vie matérielle > habillement > accessoire du costume > ombrelle,
th-representation-2399,parapluie,th-representation-2395,le corps et la vie matérielle > habillement > accessoire du costume > parapluie,
th-representation-2400,parure,th-representation-2395,le corps et la vie matérielle > habillement > accessoire du costume > parure,
th-representation-2401,bijou,th-representation-2400,le corps et la vie matérielle > habillement > accessoire du costume > parure > bijou,
th-representation-2402,bague,th-representation-2401,le corps et la vie matérielle > habillement > accessoire du costume > parure > bijou > bague,
th-representation-2403,boucle d'oreille,th-representation-2401,le corps et la vie matérielle > habillement > accessoire du costume > parure > bijou > boucle d'oreille,
th-representation-2404,bracelet,th-representation-2401,le corps et la vie matérielle > habillement > accessoire du costume > parure > bijou > bracelet,
th-representation-2405,collier,th-representation-2401,le corps et la vie matérielle > habillement > accessoire du costume > parure > bijou > collier,
th-representation-2406,diadème,th-representation-2401,le corps et la vie matérielle > habillement > accessoire du costume > parure > bijou > diadème,
th-representation-2407,perruque,th-representation-2395,le corps et la vie matérielle > habillement > accessoire du costume > perruque,
th-representation-2408,éventail,th-representation-2395,le corps et la vie matérielle > habillement > accessoire du costume > éventail,
th-representation-2409,déshabillage,th-representation-2394,le corps et la vie matérielle > habillement > déshabillage,
th-representation-2410,habillage,th-representation-2394,le corps et la vie matérielle > habillement > habillage,
th-representation-2411,vêtement,th-representation-2394,le corps et la vie matérielle > habillement > vêtement,"sens très large, ne pas utiliserà la place de habit"
th-representation-2412,blouse,th-representation-2411,le corps et la vie matérielle > habillement > vêtement > blouse,vêtement des paysans recouvrant les autres vêtements
th-representation-2413,cape,th-representation-2411,le corps et la vie matérielle > habillement > vêtement > cape,
th-representation-2414,ceinture,th-representation-2411,le corps et la vie matérielle > habillement > vêtement > ceinture,
th-representation-2415,chaussure,th-representation-2411,le corps et la vie matérielle > habillement > vêtement > chaussure,
th-representation-2416,botte,th-representation-2415,le corps et la vie matérielle > habillement > vêtement > chaussure > botte,
th-representation-2417,chausson,th-representation-2415,le corps et la vie matérielle > habillement > vêtement > chaussure > chausson,
th-representation-2418,sabot,th-representation-2415,le corps et la vie matérielle > habillement > vêtement > chaussure > sabot,
th-representation-2419,sandale,th-representation-2415,le corps et la vie matérielle > habillement > vêtement > chaussure > sandale,
th-representation-2420,châle,th-representation-2411,le corps et la vie matérielle > habillement > vêtement > châle,
th-representation-2421,col,th-representation-2411,le corps et la vie matérielle > habillement > vêtement > col,
th-representation-2422,couvre-chef,th-representation-2411,le corps et la vie matérielle > habillement > vêtement > couvre-chef,
th-representation-2423,bonnet,th-representation-2422,le corps et la vie matérielle > habillement > vêtement > couvre-chef > bonnet,
th-representation-2424,béret,th-representation-2422,le corps et la vie matérielle > habillement > vêtement > couvre-chef > béret,
th-representation-2425,casquette,th-representation-2422,le corps et la vie matérielle > habillement > vêtement > couvre-chef > casquette,
th-representation-2426,chapeau,th-representation-2422,le corps et la vie matérielle > habillement > vêtement > couvre-chef > chapeau,
th-representation-2427,chapeau haut-de forme,th-representation-2426,le corps et la vie matérielle > habillement > vêtement > couvre-chef > chapeau > chapeau haut-de forme,
th-representation-2428,coiffe,th-representation-2422,le corps et la vie matérielle > habillement > vêtement > couvre-chef > coiffe,"mantille, fichu, foulard, toute coiffe régionale"
th-representation-2429,turban,th-representation-2422,le corps et la vie matérielle > habillement > vêtement > couvre-chef > turban,
th-representation-2430,cravate,th-representation-2411,le corps et la vie matérielle > habillement > vêtement > cravate,
th-representation-2431,culotte,th-representation-2411,le corps et la vie matérielle > habillement > vêtement > culotte,couvre le corps de la ceinture aux genoux
th-representation-2432,foulard,th-representation-2411,le corps et la vie matérielle > habillement > vêtement > foulard,
th-representation-2433,gant,th-representation-2411,le corps et la vie matérielle > habillement > vêtement > gant,
th-representation-2434,habit,th-representation-2411,le corps et la vie matérielle > habillement > vêtement > habit,"sens large, tout costume masculin"
th-representation-2435,costume traditionnel,th-representation-2434,le corps et la vie matérielle > habillement > vêtement > habit > costume traditionnel,
th-representation-2436,haillons,th-representation-2411,le corps et la vie matérielle > habillement > vêtement > haillons,
th-representation-2437,jupe,th-representation-2411,le corps et la vie matérielle > habillement > vêtement > jupe,
th-representation-2438,maillot de bain,th-representation-2411,le corps et la vie matérielle > habillement > vêtement > maillot de bain,
th-representation-2439,manteau,th-representation-2411,le corps et la vie matérielle > habillement > vêtement > manteau,"sens large, avec ou sans manche (cape, capote, pardessus.)"
th-representation-2440,pagne,th-representation-2411,le corps et la vie matérielle > habillement > vêtement > pagne,
th-representation-2441,pantalon,th-representation-2411,le corps et la vie matérielle > habillement > vêtement > pantalon,culotte longue
th-representation-2442,robe,th-representation-2411,le corps et la vie matérielle > habillement > vêtement > robe,costume féminin recouvrant le corps
th-representation-2443,sous-vêtement,th-representation-2411,le corps et la vie matérielle > habillement > vêtement > sous-vêtement,
th-representation-2444,tablier,th-representation-2411,le corps et la vie matérielle > habillement > vêtement > tablier,
th-representation-2445,tenue d'intérieur,th-representation-2411,le corps et la vie matérielle > habillement > vêtement > tenue d'intérieur,
th-representation-2446,tenue de soirée,th-representation-2411,le corps et la vie matérielle > habillement > vêtement > tenue de soirée,
th-representation-2447,tunique,th-representation-2411,le corps et la vie matérielle > habillement > vêtement > tunique,"vêtement ample, d'une seule pièce"
th-representation-2448,uniforme,th-representation-2411,le corps et la vie matérielle > habillement > vêtement > uniforme,
th-representation-2449,veste,th-representation-2411,le corps et la vie matérielle > habillement > vêtement > veste,
th-representation-2450,écharpe,th-representation-2411,le corps et la vie matérielle > habillement > vêtement > écharpe,
th-representation-2451,hygiène corporelle,th-representation-2241,le corps et la vie matérielle > hygiène corporelle,
th-representation-2452,meuble d'hygiène,th-representation-2451,le corps et la vie matérielle > hygiène corporelle > meuble d'hygiène,
th-representation-2453,baignoire,th-representation-2452,le corps et la vie matérielle > hygiène corporelle > meuble d'hygiène > baignoire,
th-representation-2454,fontaine lavabo,th-representation-2452,le corps et la vie matérielle > hygiène corporelle > meuble d'hygiène > fontaine lavabo,
th-representation-2455,siège d'aisances,th-representation-2452,le corps et la vie matérielle > hygiène corporelle > meuble d'hygiène > siège d'aisances,
th-representation-2456,élément de meuble d'hygiène,th-representation-2452,le corps et la vie matérielle > hygiène corporelle > meuble d'hygiène > élément de meuble d'hygiène,
th-representation-2457,robinet,th-representation-2456,le corps et la vie matérielle > hygiène corporelle > meuble d'hygiène > élément de meuble d'hygiène > robinet,
th-representation-2458,objet d'hygiène,th-representation-2451,le corps et la vie matérielle > hygiène corporelle > objet d'hygiène,
th-representation-2459,instrument d'hygiène,th-representation-2458,le corps et la vie matérielle > hygiène corporelle > objet d'hygiène > instrument d'hygiène,
th-representation-2460,récipient d'hygiène,th-representation-2458,le corps et la vie matérielle > hygiène corporelle > objet d'hygiène > récipient d'hygiène,
th-representation-2461,soin du corps,th-representation-2451,le corps et la vie matérielle > hygiène corporelle > soin du corps,
th-representation-2462,coiffure,th-representation-2461,le corps et la vie matérielle > hygiène corporelle > soin du corps > coiffure,arrangement ou soin des cheveux (mais non couvre-chef)
th-representation-2463,hygiène,th-representation-2461,le corps et la vie matérielle > hygiène corporelle > soin du corps > hygiène,
th-representation-2464,rasage,th-representation-2463,le corps et la vie matérielle > hygiène corporelle > soin du corps > hygiène > rasage,
th-representation-2465,toilette,th-representation-2463,le corps et la vie matérielle > hygiène corporelle > soin du corps > hygiène > toilette,
th-representation-2466,bain,th-representation-2465,le corps et la vie matérielle > hygiène corporelle > soin du corps > hygiène > toilette > bain,
th-representation-2467,douche,th-representation-2465,le corps et la vie matérielle > hygiène corporelle > soin du corps > hygiène > toilette > douche,
th-representation-2468,maquillage,th-representation-2461,le corps et la vie matérielle > hygiène corporelle > soin du corps > maquillage,
th-representation-2469,parfum,th-representation-2461,le corps et la vie matérielle > hygiène corporelle > soin du corps > parfum,
th-representation-2470,l'allumage,th-representation-2241,le corps et la vie matérielle > l'allumage,
th-representation-2471,allumage,th-representation-2470,le corps et la vie matérielle > l'allumage > allumage,
th-representation-2472,allumette,th-representation-2470,le corps et la vie matérielle > l'allumage > allumette,
th-representation-2473,briquet,th-representation-2470,le corps et la vie matérielle > l'allumage > briquet,
th-representation-2474,le chauffage,th-representation-2241,le corps et la vie matérielle > le chauffage,
th-representation-2475,appareil de chauffage,th-representation-2474,le corps et la vie matérielle > le chauffage > appareil de chauffage,
th-representation-2476,bassinoire,th-representation-2475,le corps et la vie matérielle > le chauffage > appareil de chauffage > bassinoire,
th-representation-2477,brasero,th-representation-2475,le corps et la vie matérielle > le chauffage > appareil de chauffage > brasero,
th-representation-2478,chaufferette,th-representation-2475,le corps et la vie matérielle > le chauffage > appareil de chauffage > chaufferette,
th-representation-2479,poêle,th-representation-2475,le corps et la vie matérielle > le chauffage > appareil de chauffage > poêle,
th-representation-2480,radiateur,th-representation-2475,le corps et la vie matérielle > le chauffage > appareil de chauffage > radiateur,
th-representation-2481,chauffage,th-representation-2474,le corps et la vie matérielle > le chauffage > chauffage,production de chaleur
th-representation-2482,cheminée,th-representation-2474,le corps et la vie matérielle > le chauffage > cheminée,
th-representation-2483,chenet,th-representation-2482,le corps et la vie matérielle > le chauffage > cheminée > chenet,
th-representation-2484,plaque de cheminée,th-representation-2482,le corps et la vie matérielle > le chauffage > cheminée > plaque de cheminée,
th-representation-2485,âtre,th-representation-2474,le corps et la vie matérielle > le chauffage > âtre,partie de la cheminée où l'on fait le feu
th-representation-2486,linge de maison,th-representation-2241,le corps et la vie matérielle > linge de maison,
th-representation-2487,mobilier,th-representation-2241,le corps et la vie matérielle > mobilier,
th-representation-2488,lit,th-representation-2487,le corps et la vie matérielle > mobilier > lit,
th-representation-2489,berceau,th-representation-2488,le corps et la vie matérielle > mobilier > lit > berceau,
th-representation-2490,lit de jour,th-representation-2487,le corps et la vie matérielle > mobilier > lit de jour,
th-representation-2491,meuble,th-representation-2487,le corps et la vie matérielle > mobilier > meuble,désigne les pièces de mobilier ne pouvant être décrites par un autre spécifique de mobilier
th-representation-2492,meuble cloison,th-representation-2487,le corps et la vie matérielle > mobilier > meuble cloison,
th-representation-2493,meuble d'élévation,th-representation-2487,le corps et la vie matérielle > mobilier > meuble d'élévation,
th-representation-2494,estrade,th-representation-2493,le corps et la vie matérielle > mobilier > meuble d'élévation > estrade,
th-representation-2495,échelle,th-representation-2493,le corps et la vie matérielle > mobilier > meuble d'élévation > échelle,
th-representation-2496,meuble de maintien,th-representation-2487,le corps et la vie matérielle > mobilier > meuble de maintien,"par exemple, meuble utilisé par les enfants qui commencent à marcher"
th-representation-2497,meuble de protection,th-representation-2487,le corps et la vie matérielle > mobilier > meuble de protection,
th-representation-2498,dais,th-representation-2497,le corps et la vie matérielle > mobilier > meuble de protection > dais,
th-representation-2499,paravent,th-representation-2497,le corps et la vie matérielle > mobilier > meuble de protection > paravent,
th-representation-2500,écran à feu,th-representation-2497,le corps et la vie matérielle > mobilier > meuble de protection > écran à feu,
th-representation-2501,meuble de rangement,th-representation-2487,le corps et la vie matérielle > mobilier > meuble de rangement,
th-representation-2502,armoire,th-representation-2501,le corps et la vie matérielle > mobilier > meuble de rangement > armoire,
th-representation-2503,buffet,th-representation-2502,le corps et la vie matérielle > mobilier > meuble de rangement > armoire > buffet,
th-representation-2504,coffre,th-representation-2501,le corps et la vie matérielle > mobilier > meuble de rangement > coffre,
th-representation-2505,commode,th-representation-2501,le corps et la vie matérielle > mobilier > meuble de rangement > commode,
th-representation-2506,établi,th-representation-2501,le corps et la vie matérielle > mobilier > meuble de rangement > établi,
th-representation-2507,étagère,th-representation-2501,le corps et la vie matérielle > mobilier > meuble de rangement > étagère,
th-representation-2508,placard,th-representation-2507,le corps et la vie matérielle > mobilier > meuble de rangement > étagère > placard,
th-representation-2509,meuble pour animal familier,th-representation-2487,le corps et la vie matérielle > mobilier > meuble pour animal familier,
th-representation-2510,aquarium,th-representation-2509,le corps et la vie matérielle > mobilier > meuble pour animal familier > aquarium,
th-representation-2511,cage,th-representation-2509,le corps et la vie matérielle > mobilier > meuble pour animal familier > cage,
th-representation-2512,niche,th-representation-2509,le corps et la vie matérielle > mobilier > meuble pour animal familier > niche,
th-representation-2513,miroir,th-representation-2487,le corps et la vie matérielle > mobilier > miroir,"sens large, inclut toutes les glaces"
th-representation-2514,pupitre,th-representation-2487,le corps et la vie matérielle > mobilier > pupitre,
th-representation-2515,siège,th-representation-2487,le corps et la vie matérielle > mobilier > siège,
th-representation-2516,chaise,th-representation-2515,le corps et la vie matérielle > mobilier > siège > chaise,
th-representation-2517,fauteuil,th-representation-2515,le corps et la vie matérielle > mobilier > siège > fauteuil,
th-representation-2518,siège à plusieurs places,th-representation-2515,le corps et la vie matérielle > mobilier > siège > siège à plusieurs places,
th-representation-2519,banc,th-representation-2518,le corps et la vie matérielle > mobilier > siège > siège à plusieurs places > banc,
th-representation-2520,canapé,th-representation-2518,le corps et la vie matérielle > mobilier > siège > siège à plusieurs places > canapé,
th-representation-2521,tabouret,th-representation-2515,le corps et la vie matérielle > mobilier > siège > tabouret,valable pour tout repose-pied ou siège sans bras ni dossier trône-ce descripteur d'utilisation d'un siège
th-representation-2522,trône,th-representation-2515,le corps et la vie matérielle > mobilier > siège > trône,
th-representation-2523,table,th-representation-2487,le corps et la vie matérielle > mobilier > table,
th-representation-2524,nourriture,th-representation-2241,le corps et la vie matérielle > nourriture,
th-representation-2525,aliment,th-representation-2524,le corps et la vie matérielle > nourriture > aliment,
th-representation-2526,aliment liquide,th-representation-2525,le corps et la vie matérielle > nourriture > aliment > aliment liquide,
th-representation-2527,alcool,th-representation-2526,le corps et la vie matérielle > nourriture > aliment > aliment liquide > alcool,
th-representation-2528,bière,th-representation-2526,le corps et la vie matérielle > nourriture > aliment > aliment liquide > bière,
th-representation-2529,café,th-representation-2526,le corps et la vie matérielle > nourriture > aliment > aliment liquide > café,
th-representation-2530,chocolat,th-representation-2526,le corps et la vie matérielle > nourriture > aliment > aliment liquide > chocolat,
th-representation-2531,cidre,th-representation-2526,le corps et la vie matérielle > nourriture > aliment > aliment liquide > cidre,
th-representation-2532,huile,th-representation-2526,le corps et la vie matérielle > nourriture > aliment > aliment liquide > huile,
th-representation-2533,lait,th-representation-2526,le corps et la vie matérielle > nourriture > aliment > aliment liquide > lait,
th-representation-2534,soupe,th-representation-2526,le corps et la vie matérielle > nourriture > aliment > aliment liquide > soupe,
th-representation-2535,thé,th-representation-2526,le corps et la vie matérielle > nourriture > aliment > aliment liquide > thé,
th-representation-2536,vin,th-representation-2526,le corps et la vie matérielle > nourriture > aliment > aliment liquide > vin,
th-representation-2537,vin de Champagne,th-representation-2536,le corps et la vie matérielle > nourriture > aliment > aliment liquide > vin > vin de Champagne,
th-representation-2538,vinaigre,th-representation-2526,le corps et la vie matérielle > nourriture > aliment > aliment liquide > vinaigre,
th-representation-2539,aliment solide,th-representation-2525,le corps et la vie matérielle > nourriture > aliment > aliment solide,
th-representation-2540,beurre,th-representation-2539,le corps et la vie matérielle > nourriture > aliment > aliment solide > beurre,
th-representation-2541,charcuterie,th-representation-2539,le corps et la vie matérielle > nourriture > aliment > aliment solide > charcuterie,
th-representation-2542,condiment,th-representation-2539,le corps et la vie matérielle > nourriture > aliment > aliment solide > condiment,
th-representation-2543,confiserie,th-representation-2539,le corps et la vie matérielle > nourriture > aliment > aliment solide > confiserie,
th-representation-2544,confiture,th-representation-2539,le corps et la vie matérielle > nourriture > aliment > aliment solide > confiture,
th-representation-2545,crème glacée,th-representation-2539,le corps et la vie matérielle > nourriture > aliment > aliment solide > crème glacée,
th-representation-2546,crêpe,th-representation-2539,le corps et la vie matérielle > nourriture > aliment > aliment solide > crêpe,
th-representation-2547,farine,th-representation-2539,le corps et la vie matérielle > nourriture > aliment > aliment solide > farine,
th-representation-2548,fromage,th-representation-2539,le corps et la vie matérielle > nourriture > aliment > aliment solide > fromage,
th-representation-2549,oeuf,th-representation-2539,le corps et la vie matérielle > nourriture > aliment > aliment solide > oeuf,
th-representation-2550,pain,th-representation-2539,le corps et la vie matérielle > nourriture > aliment > aliment solide > pain,
th-representation-2551,pâte,th-representation-2539,le corps et la vie matérielle > nourriture > aliment > aliment solide > pâte,
th-representation-2552,pâtisserie,th-representation-2539,le corps et la vie matérielle > nourriture > aliment > aliment solide > pâtisserie,
th-representation-2553,gâteau,th-representation-2552,le corps et la vie matérielle > nourriture > aliment > aliment solide > pâtisserie > gâteau,
th-representation-2554,salade,th-representation-2539,le corps et la vie matérielle > nourriture > aliment > aliment solide > salade,
th-representation-2555,sucre,th-representation-2539,le corps et la vie matérielle > nourriture > aliment > aliment solide > sucre,
th-representation-2556,viande,th-representation-2539,le corps et la vie matérielle > nourriture > aliment > aliment solide > viande,
th-representation-2557,volaille,th-representation-2556,le corps et la vie matérielle > nourriture > aliment > aliment solide > viande > volaille,viande des animaux de basse-cour
th-representation-2558,épice,th-representation-2539,le corps et la vie matérielle > nourriture > aliment > aliment solide > épice,
th-representation-2559,conservation des aliments,th-representation-2524,le corps et la vie matérielle > nourriture > conservation des aliments,
th-representation-2560,consommation des aliments,th-representation-2524,le corps et la vie matérielle > nourriture > consommation des aliments,
th-representation-2561,allaitement,th-representation-2560,le corps et la vie matérielle > nourriture > consommation des aliments > allaitement,"sens large, allaitement naturel ou artificiel"
th-representation-2562,banquet,th-representation-2560,le corps et la vie matérielle > nourriture > consommation des aliments > banquet,
th-representation-2563,boisson,th-representation-2560,le corps et la vie matérielle > nourriture > consommation des aliments > boisson,
th-representation-2564,beuverie,th-representation-2563,le corps et la vie matérielle > nourriture > consommation des aliments > boisson > beuverie,
th-representation-2565,collation,th-representation-2560,le corps et la vie matérielle > nourriture > consommation des aliments > collation,
th-representation-2566,repas,th-representation-2560,le corps et la vie matérielle > nourriture > consommation des aliments > repas,
th-representation-2567,matériel de cuisine,th-representation-2524,le corps et la vie matérielle > nourriture > matériel de cuisine,
th-representation-2568,instrument de cuisine,th-representation-2567,le corps et la vie matérielle > nourriture > matériel de cuisine > instrument de cuisine,
th-representation-2569,broche,th-representation-2568,le corps et la vie matérielle > nourriture > matériel de cuisine > instrument de cuisine > broche,
th-representation-2570,gril,th-representation-2568,le corps et la vie matérielle > nourriture > matériel de cuisine > instrument de cuisine > gril,
th-representation-2571,moulin à café,th-representation-2568,le corps et la vie matérielle > nourriture > matériel de cuisine > instrument de cuisine > moulin à café,
th-representation-2572,passoire,th-representation-2568,le corps et la vie matérielle > nourriture > matériel de cuisine > instrument de cuisine > passoire,
th-representation-2573,meuble de cuisine,th-representation-2567,le corps et la vie matérielle > nourriture > matériel de cuisine > meuble de cuisine,
th-representation-2574,cuisinière,th-representation-2573,le corps et la vie matérielle > nourriture > matériel de cuisine > meuble de cuisine > cuisinière,
th-representation-2575,potager,th-representation-2573,le corps et la vie matérielle > nourriture > matériel de cuisine > meuble de cuisine > potager,
th-representation-2576,réchaud,th-representation-2573,le corps et la vie matérielle > nourriture > matériel de cuisine > meuble de cuisine > réchaud,
th-representation-2577,récipient de cuisine,th-representation-2567,le corps et la vie matérielle > nourriture > matériel de cuisine > récipient de cuisine,
th-representation-2578,bouilloire,th-representation-2577,le corps et la vie matérielle > nourriture > matériel de cuisine > récipient de cuisine > bouilloire,
th-representation-2579,casserole,th-representation-2577,le corps et la vie matérielle > nourriture > matériel de cuisine > récipient de cuisine > casserole,
th-representation-2580,marmite,th-representation-2577,le corps et la vie matérielle > nourriture > matériel de cuisine > récipient de cuisine > marmite,
th-representation-2581,poêle à frire,th-representation-2577,le corps et la vie matérielle > nourriture > matériel de cuisine > récipient de cuisine > poêle à frire,
th-representation-2582,terrine,th-representation-2577,le corps et la vie matérielle > nourriture > matériel de cuisine > récipient de cuisine > terrine,
th-representation-2583,matériel pour la consommation,th-representation-2524,le corps et la vie matérielle > nourriture > matériel pour la consommation,
th-representation-2584,accessoire de la table,th-representation-2583,le corps et la vie matérielle > nourriture > matériel pour la consommation > accessoire de la table,
th-representation-2585,instrument pour la consommation,th-representation-2583,le corps et la vie matérielle > nourriture > matériel pour la consommation > instrument pour la consommation,
th-representation-2586,couvert,th-representation-2585,le corps et la vie matérielle > nourriture > matériel pour la consommation > instrument pour la consommation > couvert,
th-representation-2587,récipient pour la consommation,th-representation-2583,le corps et la vie matérielle > nourriture > matériel pour la consommation > récipient pour la consommation,
th-representation-2588,récipient pour la boisson,th-representation-2587,le corps et la vie matérielle > nourriture > matériel pour la consommation > récipient pour la consommation > récipient pour la boisson,
th-representation-2589,bol,th-representation-2588,le corps et la vie matérielle > nourriture > matériel pour la consommation > récipient pour la consommation > récipient pour la boisson > bol,
th-representation-2590,cafetière,th-representation-2588,le corps et la vie matérielle > nourriture > matériel pour la consommation > récipient pour la consommation > récipient pour la boisson > cafetière,
th-representation-2591,chocolatière,th-representation-2588,le corps et la vie matérielle > nourriture > matériel pour la consommation > récipient pour la consommation > récipient pour la boisson > chocolatière,
th-representation-2592,fontaine de table,th-representation-2588,le corps et la vie matérielle > nourriture > matériel pour la consommation > récipient pour la consommation > récipient pour la boisson > fontaine de table,
th-representation-2593,gobelet,th-representation-2588,le corps et la vie matérielle > nourriture > matériel pour la consommation > récipient pour la consommation > récipient pour la boisson > gobelet,récipient à boire sans pied
th-representation-2594,tasse,th-representation-2588,le corps et la vie matérielle > nourriture > matériel pour la consommation > récipient pour la consommation > récipient pour la boisson > tasse,
th-representation-2595,théière,th-representation-2588,le corps et la vie matérielle > nourriture > matériel pour la consommation > récipient pour la consommation > récipient pour la boisson > théière,
th-representation-2596,verre à pied,th-representation-2588,le corps et la vie matérielle > nourriture > matériel pour la consommation > récipient pour la consommation > récipient pour la boisson > verre à pied,récipient à boire avec pied quel que soit son matériau
th-representation-2597,vaisselle,th-representation-2587,le corps et la vie matérielle > nourriture > matériel pour la consommation > récipient pour la consommation > vaisselle,
th-representation-2598,assiette,th-representation-2597,le corps et la vie matérielle > nourriture > matériel pour la consommation > récipient pour la consommation > vaisselle > assiette,
th-representation-2599,plat,th-representation-2597,le corps et la vie matérielle > nourriture > matériel pour la consommation > récipient pour la consommation > vaisselle > plat,
th-representation-2600,rafraîchissoir,th-representation-2597,le corps et la vie matérielle > nourriture > matériel pour la consommation > récipient pour la consommation > vaisselle > rafraîchissoir,
th-representation-2601,saupoudreuse,th-representation-2597,le corps et la vie matérielle > nourriture > matériel pour la consommation > récipient pour la consommation > vaisselle > saupoudreuse,
th-representation-2602,service à déjeuner,th-representation-2597,le corps et la vie matérielle > nourriture > matériel pour la consommation > récipient pour la consommation > vaisselle > service à déjeuner,
th-representation-2603,service à thé,th-representation-2597,le corps et la vie matérielle > nourriture > matériel pour la consommation > récipient pour la consommation > vaisselle > service à thé,
th-representation-2604,soupière,th-representation-2597,le corps et la vie matérielle > nourriture > matériel pour la consommation > récipient pour la consommation > vaisselle > soupière,
th-representation-2605,surtout,th-representation-2597,le corps et la vie matérielle > nourriture > matériel pour la consommation > récipient pour la consommation > vaisselle > surtout,
th-representation-2606,écuelle,th-representation-2597,le corps et la vie matérielle > nourriture > matériel pour la consommation > récipient pour la consommation > vaisselle > écuelle,
th-representation-2607,préparation des aliments,th-representation-2524,le corps et la vie matérielle > nourriture > préparation des aliments,
th-representation-2608,cuisson,th-representation-2607,le corps et la vie matérielle > nourriture > préparation des aliments > cuisson,
th-representation-2609,objet à fonctions diverses,th-representation-2241,le corps et la vie matérielle > objet à fonctions diverses,"Les descripteurs des objets qui ont des usages spécifiques sont répartis dans les différentes classes du thesaurus. Certains objets peuvent étre utilisés pour des usages variés, relevant de la vie matérielle, du jeu, de l'artisanat, de l'agriculture, de la vie religieuse etc. Les principaux sont regroupés ici. L'utilisation d'un descripteur adéquat permet de préciser leur sens dans une représentation."
th-representation-2610,instrument,th-representation-2609,le corps et la vie matérielle > objet à fonctions diverses > instrument,
th-representation-2611,appareil,th-representation-2610,le corps et la vie matérielle > objet à fonctions diverses > instrument > appareil,dispositif actionné à la main ou par une autre source d'énergie pour remplir une fonction spécifique
th-representation-2612,balai,th-representation-2610,le corps et la vie matérielle > objet à fonctions diverses > instrument > balai,
th-representation-2613,brosse,th-representation-2610,le corps et la vie matérielle > objet à fonctions diverses > instrument > brosse,
th-representation-2614,bâton,th-representation-2610,le corps et la vie matérielle > objet à fonctions diverses > instrument > bâton,"peut être utilisé comme signe du pouvoir, comme moyen de transport, voire comme arme (né pas confondre avec canne, instrument de traitement)"
th-representation-2615,chevalet,th-representation-2610,le corps et la vie matérielle > objet à fonctions diverses > instrument > chevalet,
th-representation-2616,ciseaux,th-representation-2610,le corps et la vie matérielle > objet à fonctions diverses > instrument > ciseaux,
th-representation-2617,clé,th-representation-2610,le corps et la vie matérielle > objet à fonctions diverses > instrument > clé,
th-representation-2618,couteau,th-representation-2610,le corps et la vie matérielle > objet à fonctions diverses > instrument > couteau,
th-representation-2619,cuillère,th-representation-2610,le corps et la vie matérielle > objet à fonctions diverses > instrument > cuillère,
th-representation-2620,fouet,th-representation-2610,le corps et la vie matérielle > objet à fonctions diverses > instrument > fouet,
th-representation-2621,hache,th-representation-2610,le corps et la vie matérielle > objet à fonctions diverses > instrument > hache,
th-representation-2622,marteau,th-representation-2610,le corps et la vie matérielle > objet à fonctions diverses > instrument > marteau,
th-representation-2623,palette,th-representation-2610,le corps et la vie matérielle > objet à fonctions diverses > instrument > palette,
th-representation-2624,peigne,th-representation-2610,le corps et la vie matérielle > objet à fonctions diverses > instrument > peigne,
th-representation-2625,pelle,th-representation-2610,le corps et la vie matérielle > objet à fonctions diverses > instrument > pelle,
th-representation-2626,pince,th-representation-2610,le corps et la vie matérielle > objet à fonctions diverses > instrument > pince,
th-representation-2627,pinceau,th-representation-2610,le corps et la vie matérielle > objet à fonctions diverses > instrument > pinceau,
th-representation-2628,pioche,th-representation-2610,le corps et la vie matérielle > objet à fonctions diverses > instrument > pioche,
th-representation-2629,soufflet,th-representation-2610,le corps et la vie matérielle > objet à fonctions diverses > instrument > soufflet,
th-representation-2630,tamis,th-representation-2610,le corps et la vie matérielle > objet à fonctions diverses > instrument > tamis,
th-representation-2631,tenailles,th-representation-2610,le corps et la vie matérielle > objet à fonctions diverses > instrument > tenailles,
th-representation-2632,objets divers,th-representation-2609,le corps et la vie matérielle > objet à fonctions diverses > objets divers,
th-representation-2633,anneau,th-representation-2632,le corps et la vie matérielle > objet à fonctions diverses > objets divers > anneau,
th-representation-2634,boule,th-representation-2632,le corps et la vie matérielle > objet à fonctions diverses > objets divers > boule,
th-representation-2635,brûle-parfum,th-representation-2632,le corps et la vie matérielle > objet à fonctions diverses > objets divers > brûle-parfum,
th-representation-2636,chaîne,th-representation-2632,le corps et la vie matérielle > objet à fonctions diverses > objets divers > chaîne,
th-representation-2637,filet,th-representation-2632,le corps et la vie matérielle > objet à fonctions diverses > objets divers > filet,
th-representation-2638,guirlande,th-representation-2632,le corps et la vie matérielle > objet à fonctions diverses > objets divers > guirlande,
th-representation-2639,lien,th-representation-2632,le corps et la vie matérielle > objet à fonctions diverses > objets divers > lien,
th-representation-2640,modèle réduit,th-representation-2632,le corps et la vie matérielle > objet à fonctions diverses > objets divers > modèle réduit,
th-representation-2641,objet,th-representation-2632,le corps et la vie matérielle > objet à fonctions diverses > objets divers > objet,
th-representation-2642,pièce mécanique,th-representation-2632,le corps et la vie matérielle > objet à fonctions diverses > objets divers > pièce mécanique,
th-representation-2643,planche,th-representation-2632,le corps et la vie matérielle > objet à fonctions diverses > objets divers > planche,
th-representation-2644,roue,th-representation-2632,le corps et la vie matérielle > objet à fonctions diverses > objets divers > roue,
th-representation-2645,réveil,th-representation-2632,le corps et la vie matérielle > objet à fonctions diverses > objets divers > réveil,
th-representation-2646,sac,th-representation-2632,le corps et la vie matérielle > objet à fonctions diverses > objets divers > sac,"sens large, par exemple, sac à main est noté sac 'avcessoire du costume"
th-representation-2647,bourse,th-representation-2646,le corps et la vie matérielle > objet à fonctions diverses > objets divers > sac > bourse,
th-representation-2648,support,th-representation-2632,le corps et la vie matérielle > objet à fonctions diverses > objets divers > support,
th-representation-2649,voile,th-representation-2632,le corps et la vie matérielle > objet à fonctions diverses > objets divers > voile,pièce d'étoffe servant habituellement à cacher
th-representation-2650,étui,th-representation-2632,le corps et la vie matérielle > objet à fonctions diverses > objets divers > étui,
th-representation-2651,récipient,th-representation-2609,le corps et la vie matérielle > objet à fonctions diverses > récipient,
th-representation-2652,aiguière,th-representation-2651,le corps et la vie matérielle > objet à fonctions diverses > récipient > aiguière,
th-representation-2653,bassin,th-representation-2651,le corps et la vie matérielle > objet à fonctions diverses > récipient > bassin,
th-representation-2654,bouteille,th-representation-2651,le corps et la vie matérielle > objet à fonctions diverses > récipient > bouteille,"goulot étroit, sans anse (flacon, carafe...)"
th-representation-2655,boîte,th-representation-2651,le corps et la vie matérielle > objet à fonctions diverses > récipient > boîte,
th-representation-2656,corbeille,th-representation-2651,le corps et la vie matérielle > objet à fonctions diverses > récipient > corbeille,
th-representation-2657,mortier,th-representation-2651,le corps et la vie matérielle > objet à fonctions diverses > récipient > mortier,
th-representation-2658,moule,th-representation-2651,le corps et la vie matérielle > objet à fonctions diverses > récipient > moule,
th-representation-2659,panier,th-representation-2651,le corps et la vie matérielle > objet à fonctions diverses > récipient > panier,
th-representation-2660,pot,th-representation-2651,le corps et la vie matérielle > objet à fonctions diverses > récipient > pot,"avec anse (cruche, broc...)"
th-representation-2661,poubelle,th-representation-2651,le corps et la vie matérielle > objet à fonctions diverses > récipient > poubelle,
th-representation-2662,seau,th-representation-2651,le corps et la vie matérielle > objet à fonctions diverses > récipient > seau,
th-representation-2663,tonneau,th-representation-2651,le corps et la vie matérielle > objet à fonctions diverses > récipient > tonneau,
th-representation-2664,tube,th-representation-2651,le corps et la vie matérielle > objet à fonctions diverses > récipient > tube,
th-representation-2665,égouttoir,th-representation-2651,le corps et la vie matérielle > objet à fonctions diverses > récipient > égouttoir,
th-representation-2666,opérations matérielles diverses,th-representation-2241,le corps et la vie matérielle > opérations matérielles diverses,
th-representation-2667,briser,th-representation-2666,le corps et la vie matérielle > opérations matérielles diverses > briser,
th-representation-2668,cacher,th-representation-2666,le corps et la vie matérielle > opérations matérielles diverses > cacher,
th-representation-2669,couper,th-representation-2666,le corps et la vie matérielle > opérations matérielles diverses > couper,
th-representation-2670,désigner,th-representation-2666,le corps et la vie matérielle > opérations matérielles diverses > désigner,
th-representation-2671,jeter,th-representation-2666,le corps et la vie matérielle > opérations matérielles diverses > jeter,
th-representation-2672,puiser,th-representation-2666,le corps et la vie matérielle > opérations matérielles diverses > puiser,
th-representation-2673,ramasser,th-representation-2666,le corps et la vie matérielle > opérations matérielles diverses > ramasser,
th-representation-2674,trouver,th-representation-2666,le corps et la vie matérielle > opérations matérielles diverses > trouver,
th-representation-2675,verser,th-representation-2666,le corps et la vie matérielle > opérations matérielles diverses > verser,
th-representation-2676,produit fabriqué,th-representation-2241,le corps et la vie matérielle > produit fabriqué,
th-representation-2677,alliage,th-representation-2676,le corps et la vie matérielle > produit fabriqué > alliage,
th-representation-2678,bronze,th-representation-2677,le corps et la vie matérielle > produit fabriqué > alliage > bronze,
th-representation-2679,brique,th-representation-2676,le corps et la vie matérielle > produit fabriqué > brique,
th-representation-2680,caoutchouc,th-representation-2676,le corps et la vie matérielle > produit fabriqué > caoutchouc,
th-representation-2681,cuir,th-representation-2676,le corps et la vie matérielle > produit fabriqué > cuir,
th-representation-2682,céramique,th-representation-2676,le corps et la vie matérielle > produit fabriqué > céramique,
th-representation-2683,dinanderie,th-representation-2676,le corps et la vie matérielle > produit fabriqué > dinanderie,
th-representation-2684,ferronnerie,th-representation-2676,le corps et la vie matérielle > produit fabriqué > ferronnerie,
th-representation-2685,fourrure,th-representation-2676,le corps et la vie matérielle > produit fabriqué > fourrure,
th-representation-2686,ivoire,th-representation-2676,le corps et la vie matérielle > produit fabriqué > ivoire,
th-representation-2687,matière plastique,th-representation-2676,le corps et la vie matérielle > produit fabriqué > matière plastique,
th-representation-2688,mosaïque,th-representation-2676,le corps et la vie matérielle > produit fabriqué > mosaïque,
th-representation-2689,orfèvrerie,th-representation-2676,le corps et la vie matérielle > produit fabriqué > orfèvrerie,
th-representation-2690,papier,th-representation-2676,le corps et la vie matérielle > produit fabriqué > papier,
th-representation-2691,produit chimique,th-representation-2676,le corps et la vie matérielle > produit fabriqué > produit chimique,
th-representation-2692,quincaillerie,th-representation-2676,le corps et la vie matérielle > produit fabriqué > quincaillerie,
th-representation-2693,serrurerie,th-representation-2676,le corps et la vie matérielle > produit fabriqué > serrurerie,
th-representation-2694,textile,th-representation-2676,le corps et la vie matérielle > produit fabriqué > textile,
th-representation-2695,broderie,th-representation-2694,le corps et la vie matérielle > produit fabriqué > textile > broderie,
th-representation-2696,dentelle,th-representation-2694,le corps et la vie matérielle > produit fabriqué > textile > dentelle,
th-representation-2697,passementerie,th-representation-2694,le corps et la vie matérielle > produit fabriqué > textile > passementerie,
th-representation-2698,tapisserie,th-representation-2694,le corps et la vie matérielle > produit fabriqué > textile > tapisserie,
th-representation-2699,tissu,th-representation-2694,le corps et la vie matérielle > produit fabriqué > textile > tissu,
th-representation-2700,cotonnade,th-representation-2699,le corps et la vie matérielle > produit fabriqué > textile > tissu > cotonnade,
th-representation-2701,effet de tissu,th-representation-2699,le corps et la vie matérielle > produit fabriqué > textile > tissu > effet de tissu,
th-representation-2702,draperie,th-representation-2701,le corps et la vie matérielle > produit fabriqué > textile > tissu > effet de tissu > draperie,
th-representation-2703,lainage,th-representation-2699,le corps et la vie matérielle > produit fabriqué > textile > tissu > lainage,
th-representation-2704,soierie,th-representation-2699,le corps et la vie matérielle > produit fabriqué > textile > tissu > soierie,
th-representation-2705,toile,th-representation-2699,le corps et la vie matérielle > produit fabriqué > textile > tissu > toile,
th-representation-2706,vannerie,th-representation-2676,le corps et la vie matérielle > produit fabriqué > vannerie,
th-representation-2707,verrerie,th-representation-2676,le corps et la vie matérielle > produit fabriqué > verrerie,
th-representation-2708,vitrail,th-representation-2676,le corps et la vie matérielle > produit fabriqué > vitrail,
th-representation-2709,émail,th-representation-2676,le corps et la vie matérielle > produit fabriqué > émail,
th-representation-2710,santé physique,th-representation-2241,le corps et la vie matérielle > santé physique,
th-representation-2711,altération de la santé physique,th-representation-2710,le corps et la vie matérielle > santé physique > altération de la santé physique,
th-representation-2712,blessé,th-representation-2711,le corps et la vie matérielle > santé physique > altération de la santé physique > blessé,
th-representation-2713,brûlé,th-representation-2711,le corps et la vie matérielle > santé physique > altération de la santé physique > brûlé,
th-representation-2714,difforme,th-representation-2711,le corps et la vie matérielle > santé physique > altération de la santé physique > difforme,"N'a pas les proportions naturelles du corps humain, mais ne présente aucune altération morphologique ou fonctionnelle. Ne pas confondre avec les êtres humains imaginaires (cyclope, sirène)."
th-representation-2715,infirme,th-representation-2711,le corps et la vie matérielle > santé physique > altération de la santé physique > infirme,"l'infirmité est l'état, congénital ou non, de celui qui est privé d'une fonction (sourd, aveugle, manchot...)"
th-representation-2716,aveugle,th-representation-2715,le corps et la vie matérielle > santé physique > altération de la santé physique > infirme > aveugle,
th-representation-2717,muet,th-representation-2715,le corps et la vie matérielle > santé physique > altération de la santé physique > infirme > muet,
th-representation-2718,mutilé,th-representation-2715,le corps et la vie matérielle > santé physique > altération de la santé physique > infirme > mutilé,
th-representation-2719,paralysé,th-representation-2715,le corps et la vie matérielle > santé physique > altération de la santé physique > infirme > paralysé,
th-representation-2720,sourd,th-representation-2715,le corps et la vie matérielle > santé physique > altération de la santé physique > infirme > sourd,
th-representation-2721,ivresse,th-representation-2711,le corps et la vie matérielle > santé physique > altération de la santé physique > ivresse,
th-representation-2722,maigreur,th-representation-2711,le corps et la vie matérielle > santé physique > altération de la santé physique > maigreur,
th-representation-2723,maladie,th-representation-2711,le corps et la vie matérielle > santé physique > altération de la santé physique > maladie,
th-representation-2724,lèpre,th-representation-2723,le corps et la vie matérielle > santé physique > altération de la santé physique > maladie > lèpre,
th-representation-2725,épidémie,th-representation-2723,le corps et la vie matérielle > santé physique > altération de la santé physique > maladie > épidémie,
th-representation-2726,choléra,th-representation-2725,le corps et la vie matérielle > santé physique > altération de la santé physique > maladie > épidémie > choléra,
th-representation-2727,peste,th-representation-2725,le corps et la vie matérielle > santé physique > altération de la santé physique > maladie > épidémie > peste,
th-representation-2728,obésité,th-representation-2711,le corps et la vie matérielle > santé physique > altération de la santé physique > obésité,
th-representation-2729,toxicomane,th-representation-2711,le corps et la vie matérielle > santé physique > altération de la santé physique > toxicomane,
th-representation-2730,évanouissement,th-representation-2711,le corps et la vie matérielle > santé physique > altération de la santé physique > évanouissement,
th-representation-2731,architecture sanitaire,th-representation-2710,le corps et la vie matérielle > santé physique > architecture sanitaire,
th-representation-2732,hospice,th-representation-2731,le corps et la vie matérielle > santé physique > architecture sanitaire > hospice,
th-representation-2733,hôpital,th-representation-2731,le corps et la vie matérielle > santé physique > architecture sanitaire > hôpital,
th-representation-2734,infirmerie,th-representation-2731,le corps et la vie matérielle > santé physique > architecture sanitaire > infirmerie,
th-representation-2735,thermes,th-representation-2731,le corps et la vie matérielle > santé physique > architecture sanitaire > thermes,
th-representation-2736,urinoir,th-representation-2731,le corps et la vie matérielle > santé physique > architecture sanitaire > urinoir,
th-representation-2737,convalescence,th-representation-2710,le corps et la vie matérielle > santé physique > convalescence,
th-representation-2738,guérison,th-representation-2710,le corps et la vie matérielle > santé physique > guérison,
th-representation-2739,profession de la santé,th-representation-2710,le corps et la vie matérielle > santé physique > profession de la santé,
th-representation-2740,charlatan,th-representation-2739,le corps et la vie matérielle > santé physique > profession de la santé > charlatan,
th-representation-2741,pharmacien,th-representation-2739,le corps et la vie matérielle > santé physique > profession de la santé > pharmacien,
th-representation-2742,praticien,th-representation-2739,le corps et la vie matérielle > santé physique > profession de la santé > praticien,"sens général, s'étend à tous ceux qui pratiquent la médecine professionnellement (chirurgien, dentiste...)"
th-representation-2743,chirurgien,th-representation-2742,le corps et la vie matérielle > santé physique > profession de la santé > praticien > chirurgien,
th-representation-2744,dentiste,th-representation-2742,le corps et la vie matérielle > santé physique > profession de la santé > praticien > dentiste,
th-representation-2745,gynécologue,th-representation-2742,le corps et la vie matérielle > santé physique > profession de la santé > praticien > gynécologue,
th-representation-2746,infirmier,th-representation-2742,le corps et la vie matérielle > santé physique > profession de la santé > praticien > infirmier,
th-representation-2747,médecin,th-representation-2742,le corps et la vie matérielle > santé physique > profession de la santé > praticien > médecin,
th-representation-2748,sage-femme,th-representation-2742,le corps et la vie matérielle > santé physique > profession de la santé > praticien > sage-femme,
th-representation-2749,vétérinaire,th-representation-2742,le corps et la vie matérielle > santé physique > profession de la santé > praticien > vétérinaire,
th-representation-2750,santé,th-representation-2710,le corps et la vie matérielle > santé physique > santé,
th-representation-2751,traitement médical,th-representation-2710,le corps et la vie matérielle > santé physique > traitement médical,
th-representation-2752,instrument de traitement,th-representation-2751,le corps et la vie matérielle > santé physique > traitement médical > instrument de traitement,
th-representation-2753,béquille,th-representation-2752,le corps et la vie matérielle > santé physique > traitement médical > instrument de traitement > béquille,
th-representation-2754,canne,th-representation-2752,le corps et la vie matérielle > santé physique > traitement médical > instrument de traitement > canne,
th-representation-2755,lunettes,th-representation-2752,le corps et la vie matérielle > santé physique > traitement médical > instrument de traitement > lunettes,
th-representation-2756,monocle,th-representation-2755,le corps et la vie matérielle > santé physique > traitement médical > instrument de traitement > lunettes > monocle,
th-representation-2757,prothèse,th-representation-2752,le corps et la vie matérielle > santé physique > traitement médical > instrument de traitement > prothèse,
th-representation-2758,soin,th-representation-2751,le corps et la vie matérielle > santé physique > traitement médical > soin,traitement effectué par un non-praticien
th-representation-2759,thérapeutique,th-representation-2751,le corps et la vie matérielle > santé physique > traitement médical > thérapeutique,traitement effectué par un praticien
th-representation-2760,chirurgie,th-representation-2759,le corps et la vie matérielle > santé physique > traitement médical > thérapeutique > chirurgie,
th-representation-2761,cure,th-representation-2759,le corps et la vie matérielle > santé physique > traitement médical > thérapeutique > cure,"sens large: régime, cure thermale."
th-representation-2762,médecine,th-representation-2759,le corps et la vie matérielle > santé physique > traitement médical > thérapeutique > médecine,
th-representation-2763,pharmacie,th-representation-2759,le corps et la vie matérielle > santé physique > traitement médical > thérapeutique > pharmacie,
th-representation-2764,pratique paramédicale,th-representation-2759,le corps et la vie matérielle > santé physique > traitement médical > thérapeutique > pratique paramédicale,
th-representation-2765,usage du tabac,th-representation-2241,le corps et la vie matérielle > usage du tabac,
th-representation-2766,fumeur,th-representation-2765,le corps et la vie matérielle > usage du tabac > fumeur,
th-representation-2767,objet pour le tabac,th-representation-2765,le corps et la vie matérielle > usage du tabac > objet pour le tabac,
th-representation-2768,cendrier,th-representation-2767,le corps et la vie matérielle > usage du tabac > objet pour le tabac > cendrier,
th-representation-2769,pipe,th-representation-2767,le corps et la vie matérielle > usage du tabac > objet pour le tabac > pipe,
th-representation-2770,tabatière,th-representation-2767,le corps et la vie matérielle > usage du tabac > objet pour le tabac > tabatière,
th-representation-2771,éclairage artificiel,th-representation-2241,le corps et la vie matérielle > éclairage artificiel,
th-representation-2772,chandelle,th-representation-2771,le corps et la vie matérielle > éclairage artificiel > chandelle,"valable pour bougie, flambeau"
th-representation-2773,luminaire,th-representation-2771,le corps et la vie matérielle > éclairage artificiel > luminaire,
th-representation-2774,chandelier,th-representation-2773,le corps et la vie matérielle > éclairage artificiel > luminaire > chandelier,"support (bougeoir, candélabre, torchère)"
th-representation-2775,lampe,th-representation-2773,le corps et la vie matérielle > éclairage artificiel > luminaire > lampe,
th-representation-2776,lampe à huile,th-representation-2775,le corps et la vie matérielle > éclairage artificiel > luminaire > lampe > lampe à huile,
th-representation-2777,lanterne,th-representation-2773,le corps et la vie matérielle > éclairage artificiel > luminaire > lanterne,
th-representation-2778,lustre,th-representation-2773,le corps et la vie matérielle > éclairage artificiel > luminaire > lustre,
th-representation-2779,réverbère,th-representation-2773,le corps et la vie matérielle > éclairage artificiel > luminaire > réverbère,
th-representation-2780,torche,th-representation-2773,le corps et la vie matérielle > éclairage artificiel > luminaire > torche,
th-representation-2781,éclairage,th-representation-2771,le corps et la vie matérielle > éclairage artificiel > éclairage,production artificielle de lumière
th-representation-2782,état matériel,th-representation-2241,le corps et la vie matérielle > état matériel,
th-representation-2783,ancienneté,th-representation-2782,le corps et la vie matérielle > état matériel > ancienneté,
th-representation-2784,bon ordre,th-representation-2782,le corps et la vie matérielle > état matériel > bon ordre,
th-representation-2785,désordre,th-representation-2782,le corps et la vie matérielle > état matériel > désordre,
th-representation-2786,détritus,th-representation-2782,le corps et la vie matérielle > état matériel > détritus,
th-representation-2787,détérioration,th-representation-2782,le corps et la vie matérielle > état matériel > détérioration,
th-representation-2788,débris,th-representation-2787,le corps et la vie matérielle > état matériel > détérioration > débris,
th-representation-2789,ruines,th-representation-2787,le corps et la vie matérielle > état matériel > détérioration > ruines,
th-representation-2790,nouveauté,th-representation-2782,le corps et la vie matérielle > état matériel > nouveauté,
th-representation-2791,propreté,th-representation-2782,le corps et la vie matérielle > état matériel > propreté,
th-representation-2792,saleté,th-representation-2782,le corps et la vie matérielle > état matériel > saleté,
th-representation-2793,être humain,th-representation-2241,le corps et la vie matérielle > être humain,
th-representation-2794,le corps humain,th-representation-2793,le corps et la vie matérielle > être humain > le corps humain,
th-representation-2795,corps,th-representation-2794,le corps et la vie matérielle > être humain > le corps humain > corps,"s'il s'agit d'une étude anatomique académique, noter par exemple Figure { femme, corps: nu }; s'il s'agit d'une étude scientifique, comme une planche anatomique, noter par exemple Représentation scientifique { corps, biologie }"
th-representation-2796,corps dévêtu,th-representation-2794,le corps et la vie matérielle > être humain > le corps humain > corps dévêtu,
th-representation-2797,nu,th-representation-2796,le corps et la vie matérielle > être humain > le corps humain > corps dévêtu > nu,nu intégral
th-representation-2798,nudité,th-representation-2796,le corps et la vie matérielle > être humain > le corps humain > corps dévêtu > nudité,nudité partielle (sein: nudité)
th-representation-2799,fonction du corps,th-representation-2794,le corps et la vie matérielle > être humain > le corps humain > fonction du corps,
th-representation-2800,accident corporel,th-representation-2799,le corps et la vie matérielle > être humain > le corps humain > fonction du corps > accident corporel,
th-representation-2801,chute,th-representation-2800,le corps et la vie matérielle > être humain > le corps humain > fonction du corps > accident corporel > chute,
th-representation-2802,expression du corps,th-representation-2799,le corps et la vie matérielle > être humain > le corps humain > fonction du corps > expression du corps,attitude ou position n'ayant apparemment d'autre finalité que la recherche plastique
th-representation-2803,expression du visage,th-representation-2799,le corps et la vie matérielle > être humain > le corps humain > fonction du corps > expression du visage,
th-representation-2804,bâillement,th-representation-2803,le corps et la vie matérielle > être humain > le corps humain > fonction du corps > expression du visage > bâillement,
th-representation-2805,grimace,th-representation-2803,le corps et la vie matérielle > être humain > le corps humain > fonction du corps > expression du visage > grimace,
th-representation-2806,larmes,th-representation-2803,le corps et la vie matérielle > être humain > le corps humain > fonction du corps > expression du visage > larmes,
th-representation-2807,rire,th-representation-2803,le corps et la vie matérielle > être humain > le corps humain > fonction du corps > expression du visage > rire,
th-representation-2808,sourire,th-representation-2803,le corps et la vie matérielle > être humain > le corps humain > fonction du corps > expression du visage > sourire,
th-representation-2809,fin de la vie,th-representation-2799,le corps et la vie matérielle > être humain > le corps humain > fonction du corps > fin de la vie,
th-representation-2810,cessation de la vie,th-representation-2809,le corps et la vie matérielle > être humain > le corps humain > fonction du corps > fin de la vie > cessation de la vie,
th-representation-2811,agonie,th-representation-2810,le corps et la vie matérielle > être humain > le corps humain > fonction du corps > fin de la vie > cessation de la vie > agonie,
th-representation-2812,cadavre,th-representation-2810,le corps et la vie matérielle > être humain > le corps humain > fonction du corps > fin de la vie > cessation de la vie > cadavre,
th-representation-2813,mort,th-representation-2810,le corps et la vie matérielle > être humain > le corps humain > fonction du corps > fin de la vie > cessation de la vie > mort,"Employer toujours le descripteur le plus fin, surtout cadavre et non mort pour la représentation d'un personnage mort, Le terme mort est utilisé pour la reprétentation du trépas et les allégories,"
th-representation-2814,forme de mort,th-representation-2813,le corps et la vie matérielle > être humain > le corps humain > fonction du corps > fin de la vie > cessation de la vie > mort > forme de mort,
th-representation-2815,asphyxie,th-representation-2814,le corps et la vie matérielle > être humain > le corps humain > fonction du corps > fin de la vie > cessation de la vie > mort > forme de mort > asphyxie,
th-representation-2816,empoisonnement,th-representation-2814,le corps et la vie matérielle > être humain > le corps humain > fonction du corps > fin de la vie > cessation de la vie > mort > forme de mort > empoisonnement,
th-representation-2817,lapidation,th-representation-2814,le corps et la vie matérielle > être humain > le corps humain > fonction du corps > fin de la vie > cessation de la vie > mort > forme de mort > lapidation,
th-representation-2818,mort par arme à feu,th-representation-2814,le corps et la vie matérielle > être humain > le corps humain > fonction du corps > fin de la vie > cessation de la vie > mort > forme de mort > mort par arme à feu,
th-representation-2819,mort par coup,th-representation-2814,le corps et la vie matérielle > être humain > le corps humain > fonction du corps > fin de la vie > cessation de la vie > mort > forme de mort > mort par coup,
th-representation-2820,mort par le fer,th-representation-2814,le corps et la vie matérielle > être humain > le corps humain > fonction du corps > fin de la vie > cessation de la vie > mort > forme de mort > mort par le fer,
th-representation-2821,décollation,th-representation-2820,le corps et la vie matérielle > être humain > le corps humain > fonction du corps > fin de la vie > cessation de la vie > mort > forme de mort > mort par le fer > décollation,
th-representation-2822,mort par le feu,th-representation-2814,le corps et la vie matérielle > être humain > le corps humain > fonction du corps > fin de la vie > cessation de la vie > mort > forme de mort > mort par le feu,
th-representation-2823,noyade,th-representation-2814,le corps et la vie matérielle > être humain > le corps humain > fonction du corps > fin de la vie > cessation de la vie > mort > forme de mort > noyade,
th-representation-2824,pendaison,th-representation-2814,le corps et la vie matérielle > être humain > le corps humain > fonction du corps > fin de la vie > cessation de la vie > mort > forme de mort > pendaison,
th-representation-2825,strangulation,th-representation-2814,le corps et la vie matérielle > être humain > le corps humain > fonction du corps > fin de la vie > cessation de la vie > mort > forme de mort > strangulation,
th-representation-2826,écartèlement,th-representation-2814,le corps et la vie matérielle > être humain > le corps humain > fonction du corps > fin de la vie > cessation de la vie > mort > forme de mort > écartèlement,
th-representation-2827,écorchement,th-representation-2814,le corps et la vie matérielle > être humain > le corps humain > fonction du corps > fin de la vie > cessation de la vie > mort > forme de mort > écorchement,
th-representation-2828,suicide,th-representation-2813,le corps et la vie matérielle > être humain > le corps humain > fonction du corps > fin de la vie > cessation de la vie > mort > suicide,
th-representation-2829,crémation,th-representation-2809,le corps et la vie matérielle > être humain > le corps humain > fonction du corps > fin de la vie > crémation,
th-representation-2830,ensevelissement,th-representation-2809,le corps et la vie matérielle > être humain > le corps humain > fonction du corps > fin de la vie > ensevelissement,"action non rituelle de mise en linceul, en tombeau, en terre (par exemple, coudre un cadavre dans un linceul, enterrer les morts sur un champ de bataille, mettre en bière.)"
th-representation-2831,objet funéraire,th-representation-2809,le corps et la vie matérielle > être humain > le corps humain > fonction du corps > fin de la vie > objet funéraire,
th-representation-2832,cercueil,th-representation-2831,le corps et la vie matérielle > être humain > le corps humain > fonction du corps > fin de la vie > objet funéraire > cercueil,
th-representation-2833,sarcophage,th-representation-2832,le corps et la vie matérielle > être humain > le corps humain > fonction du corps > fin de la vie > objet funéraire > cercueil > sarcophage,
th-representation-2834,linceul,th-representation-2831,le corps et la vie matérielle > être humain > le corps humain > fonction du corps > fin de la vie > objet funéraire > linceul,
th-representation-2835,urne funéraire,th-representation-2831,le corps et la vie matérielle > être humain > le corps humain > fonction du corps > fin de la vie > objet funéraire > urne funéraire,
th-representation-2836,le repos,th-representation-2799,le corps et la vie matérielle > être humain > le corps humain > fonction du corps > le repos,
th-representation-2837,coucher,th-representation-2836,le corps et la vie matérielle > être humain > le corps humain > fonction du corps > le repos > coucher,
th-representation-2838,lever,th-representation-2836,le corps et la vie matérielle > être humain > le corps humain > fonction du corps > le repos > lever,
th-representation-2839,repos,th-representation-2836,le corps et la vie matérielle > être humain > le corps humain > fonction du corps > le repos > repos,état de délassement éveillé
th-representation-2840,sommeil,th-representation-2836,le corps et la vie matérielle > être humain > le corps humain > fonction du corps > le repos > sommeil,
th-representation-2841,songe,th-representation-2840,le corps et la vie matérielle > être humain > le corps humain > fonction du corps > le repos > sommeil > songe,
th-representation-2842,motricité,th-representation-2799,le corps et la vie matérielle > être humain > le corps humain > fonction du corps > motricité,
th-representation-2843,adresse,th-representation-2842,le corps et la vie matérielle > être humain > le corps humain > fonction du corps > motricité > adresse,
th-representation-2844,course,th-representation-2842,le corps et la vie matérielle > être humain > le corps humain > fonction du corps > motricité > course,
th-representation-2845,grimper,th-representation-2842,le corps et la vie matérielle > être humain > le corps humain > fonction du corps > motricité > grimper,
th-representation-2846,la marche,th-representation-2842,le corps et la vie matérielle > être humain > le corps humain > fonction du corps > motricité > la marche,
th-representation-2847,maladresse,th-representation-2842,le corps et la vie matérielle > être humain > le corps humain > fonction du corps > motricité > maladresse,
th-representation-2848,saut,th-representation-2842,le corps et la vie matérielle > être humain > le corps humain > fonction du corps > motricité > saut,
th-representation-2849,reproduction humaine,th-representation-2799,le corps et la vie matérielle > être humain > le corps humain > fonction du corps > reproduction humaine,
th-representation-2850,grossesse,th-representation-2849,le corps et la vie matérielle > être humain > le corps humain > fonction du corps > reproduction humaine > grossesse,
th-representation-2851,naissance,th-representation-2849,le corps et la vie matérielle > être humain > le corps humain > fonction du corps > reproduction humaine > naissance,
th-representation-2852,accouchement,th-representation-2851,le corps et la vie matérielle > être humain > le corps humain > fonction du corps > reproduction humaine > naissance > accouchement,
th-representation-2853,relations sexuelles,th-representation-2849,le corps et la vie matérielle > être humain > le corps humain > fonction du corps > reproduction humaine > relations sexuelles,
th-representation-2854,sens,th-representation-2799,le corps et la vie matérielle > être humain > le corps humain > fonction du corps > sens,
th-representation-2855,goût,th-representation-2854,le corps et la vie matérielle > être humain > le corps humain > fonction du corps > sens > goût,
th-representation-2856,les sens,th-representation-2854,le corps et la vie matérielle > être humain > le corps humain > fonction du corps > sens > les sens,
th-representation-2857,odorat,th-representation-2854,le corps et la vie matérielle > être humain > le corps humain > fonction du corps > sens > odorat,
th-representation-2858,arôme,th-representation-2857,le corps et la vie matérielle > être humain > le corps humain > fonction du corps > sens > odorat > arôme,
th-representation-2859,puanteur,th-representation-2857,le corps et la vie matérielle > être humain > le corps humain > fonction du corps > sens > odorat > puanteur,
th-representation-2860,ouïe,th-representation-2854,le corps et la vie matérielle > être humain > le corps humain > fonction du corps > sens > ouïe,
th-representation-2861,silence,th-representation-2860,le corps et la vie matérielle > être humain > le corps humain > fonction du corps > sens > ouïe > silence,
th-representation-2862,son,th-representation-2860,le corps et la vie matérielle > être humain > le corps humain > fonction du corps > sens > ouïe > son,
th-representation-2863,bruit,th-representation-2862,le corps et la vie matérielle > être humain > le corps humain > fonction du corps > sens > ouïe > son > bruit,
th-representation-2864,voix,th-representation-2862,le corps et la vie matérielle > être humain > le corps humain > fonction du corps > sens > ouïe > son > voix,
th-representation-2865,cri,th-representation-2864,le corps et la vie matérielle > être humain > le corps humain > fonction du corps > sens > ouïe > son > voix > cri,
th-representation-2866,toucher,th-representation-2854,le corps et la vie matérielle > être humain > le corps humain > fonction du corps > sens > toucher,
th-representation-2867,vue,th-representation-2854,le corps et la vie matérielle > être humain > le corps humain > fonction du corps > sens > vue,
th-representation-2868,couleur,th-representation-2867,le corps et la vie matérielle > être humain > le corps humain > fonction du corps > sens > vue > couleur,
th-representation-2869,survie,th-representation-2799,le corps et la vie matérielle > être humain > le corps humain > fonction du corps > survie,
th-representation-2870,immortalité,th-representation-2869,le corps et la vie matérielle > être humain > le corps humain > fonction du corps > survie > immortalité,
th-representation-2871,vie,th-representation-2799,le corps et la vie matérielle > être humain > le corps humain > fonction du corps > vie,
th-representation-2872,élimination,th-representation-2799,le corps et la vie matérielle > être humain > le corps humain > fonction du corps > élimination,
th-representation-2873,crachat,th-representation-2872,le corps et la vie matérielle > être humain > le corps humain > fonction du corps > élimination > crachat,
th-representation-2874,défécation,th-representation-2872,le corps et la vie matérielle > être humain > le corps humain > fonction du corps > élimination > défécation,
th-representation-2875,miction,th-representation-2872,le corps et la vie matérielle > être humain > le corps humain > fonction du corps > élimination > miction,action d'uriner
th-representation-2876,pet,th-representation-2872,le corps et la vie matérielle > être humain > le corps humain > fonction du corps > élimination > pet,
th-representation-2877,souffle,th-representation-2872,le corps et la vie matérielle > être humain > le corps humain > fonction du corps > élimination > souffle,
th-representation-2878,sudation,th-representation-2872,le corps et la vie matérielle > être humain > le corps humain > fonction du corps > élimination > sudation,
th-representation-2879,vomissement,th-representation-2872,le corps et la vie matérielle > être humain > le corps humain > fonction du corps > élimination > vomissement,
th-representation-2880,marque corporelle,th-representation-2794,le corps et la vie matérielle > être humain > le corps humain > marque corporelle,
th-representation-2881,scarification,th-representation-2880,le corps et la vie matérielle > être humain > le corps humain > marque corporelle > scarification,
th-representation-2882,tatouage,th-representation-2880,le corps et la vie matérielle > être humain > le corps humain > marque corporelle > tatouage,
th-representation-2883,partie du corps,th-representation-2794,le corps et la vie matérielle > être humain > le corps humain > partie du corps,
th-representation-2884,dos,th-representation-2883,le corps et la vie matérielle > être humain > le corps humain > partie du corps > dos,
th-representation-2885,fesses,th-representation-2883,le corps et la vie matérielle > être humain > le corps humain > partie du corps > fesses,
th-representation-2886,membre,th-representation-2883,le corps et la vie matérielle > être humain > le corps humain > partie du corps > membre,
th-representation-2887,bras,th-representation-2886,le corps et la vie matérielle > être humain > le corps humain > partie du corps > membre > bras,
th-representation-2888,main,th-representation-2887,le corps et la vie matérielle > être humain > le corps humain > partie du corps > membre > bras > main,
th-representation-2889,doigt,th-representation-2888,le corps et la vie matérielle > être humain > le corps humain > partie du corps > membre > bras > main > doigt,
th-representation-2890,jambe,th-representation-2886,le corps et la vie matérielle > être humain > le corps humain > partie du corps > membre > jambe,
th-representation-2891,pied,th-representation-2890,le corps et la vie matérielle > être humain > le corps humain > partie du corps > membre > jambe > pied,
th-representation-2892,peau,th-representation-2883,le corps et la vie matérielle > être humain > le corps humain > partie du corps > peau,
th-representation-2893,sexe,th-representation-2883,le corps et la vie matérielle > être humain > le corps humain > partie du corps > sexe,
th-representation-2894,sexe féminin,th-representation-2893,le corps et la vie matérielle > être humain > le corps humain > partie du corps > sexe > sexe féminin,
th-representation-2895,sexe masculin,th-representation-2893,le corps et la vie matérielle > être humain > le corps humain > partie du corps > sexe > sexe masculin,
th-representation-2896,torse,th-representation-2883,le corps et la vie matérielle > être humain > le corps humain > partie du corps > torse,
th-representation-2897,sein,th-representation-2896,le corps et la vie matérielle > être humain > le corps humain > partie du corps > torse > sein,
th-representation-2898,tête,th-representation-2883,le corps et la vie matérielle > être humain > le corps humain > partie du corps > tête,
th-representation-2899,barbe,th-representation-2898,le corps et la vie matérielle > être humain > le corps humain > partie du corps > tête > barbe,
th-representation-2900,moustache,th-representation-2899,le corps et la vie matérielle > être humain > le corps humain > partie du corps > tête > barbe > moustache,
th-representation-2901,bouche,th-representation-2898,le corps et la vie matérielle > être humain > le corps humain > partie du corps > tête > bouche,
th-representation-2902,dent,th-representation-2901,le corps et la vie matérielle > être humain > le corps humain > partie du corps > tête > bouche > dent,
th-representation-2903,langue,th-representation-2901,le corps et la vie matérielle > être humain > le corps humain > partie du corps > tête > bouche > langue,
th-representation-2904,cheveux,th-representation-2898,le corps et la vie matérielle > être humain > le corps humain > partie du corps > tête > cheveux,
th-representation-2905,nez,th-representation-2898,le corps et la vie matérielle > être humain > le corps humain > partie du corps > tête > nez,
th-representation-2906,oeil,th-representation-2898,le corps et la vie matérielle > être humain > le corps humain > partie du corps > tête > oeil,
th-representation-2907,oreille,th-representation-2898,le corps et la vie matérielle > être humain > le corps humain > partie du corps > tête > oreille,
th-representation-2908,ventre,th-representation-2883,le corps et la vie matérielle > être humain > le corps humain > partie du corps > ventre,
th-representation-2909,élément interne du corps,th-representation-2794,le corps et la vie matérielle > être humain > le corps humain > élément interne du corps,
th-representation-2910,coeur,th-representation-2909,le corps et la vie matérielle > être humain > le corps humain > élément interne du corps > coeur,
th-representation-2911,muscle,th-representation-2909,le corps et la vie matérielle > être humain > le corps humain > élément interne du corps > muscle,
th-representation-2912,os,th-representation-2909,le corps et la vie matérielle > être humain > le corps humain > élément interne du corps > os,
th-representation-2913,crâne,th-representation-2912,le corps et la vie matérielle > être humain > le corps humain > élément interne du corps > os > crâne,
th-representation-2914,squelette,th-representation-2912,le corps et la vie matérielle > être humain > le corps humain > élément interne du corps > os > squelette,
th-representation-2915,sang,th-representation-2909,le corps et la vie matérielle > être humain > le corps humain > élément interne du corps > sang,
th-representation-2916,viscères,th-representation-2909,le corps et la vie matérielle > être humain > le corps humain > élément interne du corps > viscères,
th-representation-2917,race,th-representation-2793,le corps et la vie matérielle > être humain > race,utilisé lorsque le caractère racial est insolite ou a une signification particulière
th-representation-2918,Blanc,th-representation-2917,le corps et la vie matérielle > être humain > race > Blanc,
th-representation-2919,Jaune,th-representation-2917,le corps et la vie matérielle > être humain > race > Jaune,
th-representation-2920,Noir,th-representation-2917,le corps et la vie matérielle > être humain > race > Noir,
th-representation-2921,Rouge,th-representation-2917,le corps et la vie matérielle > être humain > race > Rouge,
th-representation-2922,stature,th-representation-2793,le corps et la vie matérielle > être humain > stature,
th-representation-2923,géant,th-representation-2922,le corps et la vie matérielle > être humain > stature > géant,
th-representation-2924,nain,th-representation-2922,le corps et la vie matérielle > être humain > stature > nain,
th-representation-2925,âge et sexe,th-representation-2793,le corps et la vie matérielle > être humain > âge et sexe,"Utiliser régulièrement les spécifiques de Age et sexe pour analyser figure et portrait, et dans les cas où la nature d'une scène l'impose. Attention, femme et homme désignent les personnes adultes, d'âge mûr, et non toutes les personnes du sexe féminin ou du sexe masculin (une femme âgée est décrite par vieille et non par femme: vieille)."
th-representation-2926,asexué,th-representation-2925,le corps et la vie matérielle > être humain > âge et sexe > asexué,
th-representation-2927,eunuque,th-representation-2925,le corps et la vie matérielle > être humain > âge et sexe > eunuque,
th-representation-2928,hermaphrodite,th-representation-2925,le corps et la vie matérielle > être humain > âge et sexe > hermaphrodite,
th-representation-2929,personnage,th-representation-2925,le corps et la vie matérielle > être humain > âge et sexe > personnage,"utilisé pour les petits personnages non caractérisés, ceux des paysages animés par exernple"
th-representation-2930,âge de la vie,th-representation-2925,le corps et la vie matérielle > être humain > âge et sexe > âge de la vie,
th-representation-2931,enfance,th-representation-2930,le corps et la vie matérielle > être humain > âge et sexe > âge de la vie > enfance,
th-representation-2932,enfant,th-representation-2931,le corps et la vie matérielle > être humain > âge et sexe > âge de la vie > enfance > enfant,
th-representation-2933,fille,th-representation-2932,le corps et la vie matérielle > être humain > âge et sexe > âge de la vie > enfance > enfant > fille,
th-representation-2934,fillette,th-representation-2933,le corps et la vie matérielle > être humain > âge et sexe > âge de la vie > enfance > enfant > fille > fillette,
th-representation-2935,garçon,th-representation-2932,le corps et la vie matérielle > être humain > âge et sexe > âge de la vie > enfance > enfant > garçon,
th-representation-2936,nourrisson,th-representation-2931,le corps et la vie matérielle > être humain > âge et sexe > âge de la vie > enfance > nourrisson,
th-representation-2937,foetus,th-representation-2930,le corps et la vie matérielle > être humain > âge et sexe > âge de la vie > foetus,
th-representation-2938,jeunesse,th-representation-2930,le corps et la vie matérielle > être humain > âge et sexe > âge de la vie > jeunesse,
th-representation-2939,jeunes gens,th-representation-2938,le corps et la vie matérielle > être humain > âge et sexe > âge de la vie > jeunesse > jeunes gens,
th-representation-2940,jeune fille,th-representation-2939,le corps et la vie matérielle > être humain > âge et sexe > âge de la vie > jeunesse > jeunes gens > jeune fille,
th-representation-2941,jeune homme,th-representation-2939,le corps et la vie matérielle > être humain > âge et sexe > âge de la vie > jeunesse > jeunes gens > jeune homme,
th-representation-2942,les âges de la vie,th-representation-2930,le corps et la vie matérielle > être humain > âge et sexe > âge de la vie > les âges de la vie,
th-representation-2943,maturité,th-representation-2930,le corps et la vie matérielle > être humain > âge et sexe > âge de la vie > maturité,
th-representation-2944,femme,th-representation-2943,le corps et la vie matérielle > être humain > âge et sexe > âge de la vie > maturité > femme,
th-representation-2945,homme,th-representation-2943,le corps et la vie matérielle > être humain > âge et sexe > âge de la vie > maturité > homme,
th-representation-2946,vieillesse,th-representation-2930,le corps et la vie matérielle > être humain > âge et sexe > âge de la vie > vieillesse,
th-representation-2947,vieillard,th-representation-2946,le corps et la vie matérielle > être humain > âge et sexe > âge de la vie > vieillesse > vieillard,
th-representation-2948,vieille,th-representation-2946,le corps et la vie matérielle > être humain > âge et sexe > âge de la vie > vieillesse > vieille,
th-representation-3220,ornement,,ornement,"La description de l'ornement pose de nombreux problèrnes qui sont loin d'être résolus. Ils tiennent à la diversité des domaines, à la multiplicité des terminologies spécifiques, vôire à l'absence de terminologie définie. Cette liste ouverte ne préjuge en rien des choix à venir."
th-representation-3221,agrafe orn,th-representation-3220,ornement > agrafe orn,
th-representation-3222,aile orn,th-representation-3220,ornement > aile orn,
th-representation-3223,alérion,th-representation-3220,ornement > alérion,
th-representation-3224,anneau orn,th-representation-3220,ornement > anneau orn,
th-representation-3225,annille,th-representation-3220,ornement > annille,
th-representation-3226,arabesque,th-representation-3220,ornement > arabesque,
th-representation-3227,arceau orn,th-representation-3220,ornement > arceau orn,
th-representation-3228,baguette orn,th-representation-3220,ornement > baguette orn,
th-representation-3229,bande orn,th-representation-3220,ornement > bande orn,
th-representation-3230,besant,th-representation-3220,ornement > besant,
th-representation-3231,billette,th-representation-3220,ornement > billette,
th-representation-3232,bordure orn,th-representation-3220,ornement > bordure orn,
th-representation-3233,bossette,th-representation-3220,ornement > bossette,
th-representation-3234,boucle orn,th-representation-3220,ornement > boucle orn,
th-representation-3235,boule orn,th-representation-3220,ornement > boule orn,
th-representation-3236,bille orn,th-representation-3235,ornement > boule orn > bille orn,
th-representation-3237,bourrelet orn,th-representation-3220,ornement > bourrelet orn,
th-representation-3238,bouton orn,th-representation-3220,ornement > bouton orn,
th-representation-3239,brindille,th-representation-3220,ornement > brindille,
th-representation-3240,bucrane,th-representation-3220,ornement > bucrane,
th-representation-3241,cabochon orn,th-representation-3220,ornement > cabochon orn,
th-representation-3242,cachemire orn,th-representation-3220,ornement > cachemire orn,
th-representation-3243,caisson orn,th-representation-3220,ornement > caisson orn,
th-representation-3244,cannelure,th-representation-3220,ornement > cannelure,
th-representation-3245,carreau orn,th-representation-3220,ornement > carreau orn,
th-representation-3246,cartouche orn,th-representation-3220,ornement > cartouche orn,
th-representation-3247,chevron,th-representation-3220,ornement > chevron,
th-representation-3248,coeur orn,th-representation-3220,ornement > coeur orn,
th-representation-3249,compartimenté,th-representation-3220,ornement > compartimenté,
th-representation-3250,console orn,th-representation-3220,ornement > console orn,
th-representation-3251,contre-courbe,th-representation-3220,ornement > contre-courbe,
th-representation-3252,coquille,th-representation-3220,ornement > coquille,
th-representation-3253,corde orn,th-representation-3220,ornement > corde orn,
th-representation-3254,cordelette orn,th-representation-3220,ornement > cordelette orn,
th-representation-3255,cordelière orn,th-representation-3220,ornement > cordelière orn,
th-representation-3256,cordon orn,th-representation-3220,ornement > cordon orn,
th-representation-3257,croisette,th-representation-3220,ornement > croisette,
th-representation-3258,crossette,th-representation-3220,ornement > crossette,
th-representation-3259,cuir orn,th-representation-3220,ornement > cuir orn,
th-representation-3260,côte orn,th-representation-3220,ornement > côte orn,
th-representation-3261,dard orn,th-representation-3220,ornement > dard orn,
th-representation-3262,dauphin orn,th-representation-3220,ornement > dauphin orn,
th-representation-3263,dentelure,th-representation-3220,ornement > dentelure,
th-representation-3264,denticule,th-representation-3220,ornement > denticule,
th-representation-3265,dents-de-loup,th-representation-3220,ornement > dents-de-loup,
th-representation-3266,dents-de-scie,th-representation-3220,ornement > dents-de-scie,
th-representation-3267,découpure,th-representation-3220,ornement > découpure,
th-representation-3268,en encadrement,th-representation-3220,ornement > en encadrement,
th-representation-3269,en frise,th-representation-3220,ornement > en frise,
th-representation-3270,en écoinçon,th-representation-3220,ornement > en écoinçon,
th-representation-3271,engainé,th-representation-3220,ornement > engainé,
th-representation-3272,engoulant,th-representation-3220,ornement > engoulant,
th-representation-3273,engrêlure,th-representation-3220,ornement > engrêlure,
th-representation-3274,entrelacs,th-representation-3220,ornement > entrelacs,
th-representation-3275,fasce,th-representation-3220,ornement > fasce,
th-representation-3276,fausse grecque,th-representation-3220,ornement > fausse grecque,
th-representation-3277,fenestrage,th-representation-3220,ornement > fenestrage,
th-representation-3278,fer de lance orn,th-representation-3220,ornement > fer de lance orn,
th-representation-3279,ferronnerie orn,th-representation-3220,ornement > ferronnerie orn,
th-representation-3280,feston,th-representation-3220,ornement > feston,
th-representation-3281,feuillage orn,th-representation-3220,ornement > feuillage orn,
th-representation-3282,feuille orn,th-representation-3220,ornement > feuille orn,
th-representation-3283,feuille d'acanthe,th-representation-3282,ornement > feuille orn > feuille d'acanthe,
th-representation-3284,feuille d'eau,th-representation-3282,ornement > feuille orn > feuille d'eau,
th-representation-3285,feuille de chou frisé,th-representation-3282,ornement > feuille orn > feuille de chou frisé,
th-representation-3286,feuille de chêne,th-representation-3282,ornement > feuille orn > feuille de chêne,
th-representation-3287,feuille de vigne,th-representation-3282,ornement > feuille orn > feuille de vigne,
th-representation-3288,feuille saz,th-representation-3282,ornement > feuille orn > feuille saz,
th-representation-3289,filet orn,th-representation-3220,ornement > filet orn,
th-representation-3290,filigrane,th-representation-3220,ornement > filigrane,
th-representation-3291,fleur orn,th-representation-3220,ornement > fleur orn,
th-representation-3292,fleur de lys,th-representation-3291,ornement > fleur orn > fleur de lys,
th-representation-3293,fleurette,th-representation-3291,ornement > fleur orn > fleurette,
th-representation-3294,fleuron,th-representation-3220,ornement > fleuron,
th-representation-3295,flower ball,th-representation-3220,ornement > flower ball,
th-representation-3296,flèche orn,th-representation-3220,ornement > flèche orn,
th-representation-3297,frette,th-representation-3220,ornement > frette,
th-representation-3298,fuseau orn,th-representation-3220,ornement > fuseau orn,
th-representation-3299,galon orn,th-representation-3220,ornement > galon orn,
th-representation-3300,gland orn,th-representation-3220,ornement > gland orn,
th-representation-3301,globule,th-representation-3220,ornement > globule,
th-representation-3302,godron,th-representation-3220,ornement > godron,
th-representation-3303,gorge orn,th-representation-3220,ornement > gorge orn,
th-representation-3304,grain orn,th-representation-3220,ornement > grain orn,
th-representation-3305,grecque orn,th-representation-3220,ornement > grecque orn,
th-representation-3306,grotesque,th-representation-3220,ornement > grotesque,
th-representation-3307,grènetis,th-representation-3220,ornement > grènetis,
th-representation-3308,guillochis,th-representation-3220,ornement > guillochis,
th-representation-3309,guirlande orn,th-representation-3220,ornement > guirlande orn,
th-representation-3310,hachures,th-representation-3220,ornement > hachures,
th-representation-3311,lambel,th-representation-3220,ornement > lambel,
th-representation-3312,lambrequin,th-representation-3220,ornement > lambrequin,
th-representation-3313,lancette,th-representation-3220,ornement > lancette,
th-representation-3314,lettrine orn,th-representation-3220,ornement > lettrine orn,
th-representation-3315,ligne,th-representation-3220,ornement > ligne,
th-representation-3316,ligne ondulée,th-representation-3220,ornement > ligne ondulée,
th-representation-3317,lobe orn,th-representation-3220,ornement > lobe orn,
th-representation-3318,lunule,th-representation-3220,ornement > lunule,
th-representation-3319,marbrure,th-representation-3220,ornement > marbrure,
th-representation-3320,mascaron,th-representation-3220,ornement > mascaron,
th-representation-3321,mouchet,th-representation-3220,ornement > mouchet,
th-representation-3322,mouchette,th-representation-3220,ornement > mouchette,
th-representation-3323,mufle orn,th-representation-3220,ornement > mufle orn,
th-representation-3324,médaillon orn,th-representation-3220,ornement > médaillon orn,
th-representation-3325,métope orn,th-representation-3220,ornement > métope orn,
th-representation-3326,natte orn,th-representation-3220,ornement > natte orn,
th-representation-3327,nervure,th-representation-3220,ornement > nervure,
th-representation-3328,niche orn,th-representation-3220,ornement > niche orn,
th-representation-3329,noeud orn,th-representation-3220,ornement > noeud orn,
th-representation-3330,ocelle,th-representation-3220,ornement > ocelle,
th-representation-3331,oeil de perdrix,th-representation-3220,ornement > oeil de perdrix,
th-representation-3332,ornement à forme animale,th-representation-3220,ornement > ornement à forme animale,
th-representation-3333,ornement à forme architecturale,th-representation-3220,ornement > ornement à forme architecturale,
th-representation-3334,ornement à forme d'objet,th-representation-3220,ornement > ornement à forme d'objet,
th-representation-3335,ornement à forme géométrique,th-representation-3220,ornement > ornement à forme géométrique,
th-representation-3336,ornement à forme minérale,th-representation-3220,ornement > ornement à forme minérale,
th-representation-3337,ornement à forme végétale,th-representation-3220,ornement > ornement à forme végétale,
th-representation-3338,ove,th-representation-3220,ornement > ove,
th-representation-3339,palmette,th-representation-3220,ornement > palmette,
th-representation-3340,demi-palmette,th-representation-3339,ornement > palmette > demi-palmette,
th-representation-3341,pampille orn,th-representation-3220,ornement > pampille orn,
th-representation-3342,pampre orn,th-representation-3220,ornement > pampre orn,
th-representation-3343,patère orn,th-representation-3220,ornement > patère orn,
th-representation-3344,perle orn,th-representation-3220,ornement > perle orn,
th-representation-3345,picot,th-representation-3220,ornement > picot,
th-representation-3346,pirouette orn,th-representation-3220,ornement > pirouette orn,
th-representation-3347,plis de serviette,th-representation-3220,ornement > plis de serviette,
th-representation-3348,plume de paon orn,th-representation-3220,ornement > plume de paon orn,
th-representation-3349,point,th-representation-3220,ornement > point,
th-representation-3350,pointe de diamant,th-representation-3220,ornement > pointe de diamant,
th-representation-3351,pointillé,th-representation-3220,ornement > pointillé,
th-representation-3352,pois orn,th-representation-3220,ornement > pois orn,
th-representation-3353,poste orn,th-representation-3220,ornement > poste orn,
th-representation-3354,protomé,th-representation-3220,ornement > protomé,
th-representation-3355,quadrillé,th-representation-3220,ornement > quadrillé,
th-representation-3356,quadrilobe,th-representation-3220,ornement > quadrilobe,
th-representation-3357,quatrefeuille,th-representation-3220,ornement > quatrefeuille,
th-representation-3358,quintefeuille,th-representation-3220,ornement > quintefeuille,
th-representation-3359,rainure orn,th-representation-3220,ornement > rainure orn,
th-representation-3360,rais de coeur,th-representation-3220,ornement > rais de coeur,
th-representation-3361,rayon,th-representation-3220,ornement > rayon,
th-representation-3362,rayure,th-representation-3220,ornement > rayure,
th-representation-3363,rinceau,th-representation-3220,ornement > rinceau,
th-representation-3364,rocaille orn,th-representation-3220,ornement > rocaille orn,
th-representation-3365,rosace orn,th-representation-3220,ornement > rosace orn,
th-representation-3366,rose orn,th-representation-3220,ornement > rose orn,
th-representation-3367,rosette orn,th-representation-3220,ornement > rosette orn,
th-representation-3368,rostre orn,th-representation-3220,ornement > rostre orn,
th-representation-3369,rouelle,th-representation-3220,ornement > rouelle,
th-representation-3370,ruban orn,th-representation-3220,ornement > ruban orn,
th-representation-3371,réseau orn,th-representation-3220,ornement > réseau orn,
th-representation-3372,scotie,th-representation-3220,ornement > scotie,
th-representation-3373,semis orn,th-representation-3220,ornement > semis orn,
th-representation-3374,sillon orn,th-representation-3220,ornement > sillon orn,
th-representation-3375,soleil orn,th-representation-3220,ornement > soleil orn,
th-representation-3376,spirale,th-representation-3220,ornement > spirale,
th-representation-3377,strie,th-representation-3220,ornement > strie,
th-representation-3378,strigile orn,th-representation-3220,ornement > strigile orn,
th-representation-3379,terme orn,th-representation-3220,ornement > terme orn,
th-representation-3380,tore orn,th-representation-3220,ornement > tore orn,
th-representation-3381,torsade,th-representation-3220,ornement > torsade,
th-representation-3382,trait,th-representation-3220,ornement > trait,
th-representation-3383,treillage orn,th-representation-3220,ornement > treillage orn,
th-representation-3384,treillis orn,th-representation-3220,ornement > treillis orn,
th-representation-3385,trilobé,th-representation-3220,ornement > trilobé,
th-representation-3386,triscèle,th-representation-3220,ornement > triscèle,
th-representation-3387,triskèle,th-representation-3220,ornement > triskèle,
th-representation-3388,trophée,th-representation-3220,ornement > trophée,
th-representation-3389,trophée d'armes,th-representation-3388,ornement > trophée > trophée d'armes,
th-representation-3390,trèfle orn,th-representation-3220,ornement > trèfle orn,
th-representation-3391,vannerie orn,th-representation-3220,ornement > vannerie orn,
th-representation-3392,virgule orn,th-representation-3220,ornement > virgule orn,
th-representation-3393,vrille orn,th-representation-3220,ornement > vrille orn,
th-representation-3394,zigzag,th-representation-3220,ornement > zigzag,
th-representation-3395,écailles orn,th-representation-3220,ornement > écailles orn,
th-representation-3396,étoile orn,th-representation-3220,ornement > étoile orn,
th-representation-3397,étoile de David,th-representation-3396,ornement > étoile orn > étoile de David,
th-representation-3398,étoile à cinq branches,th-representation-3220,ornement > étoile à cinq branches,
th-representation-3571,société et vie sociale,,société et vie sociale,
th-representation-3572,architecture commémorative votive funéraire,th-representation-3571,société et vie sociale > architecture commémorative votive funéraire,
th-representation-3573,arc monumental,th-representation-3572,société et vie sociale > architecture commémorative votive funéraire > arc monumental,
th-representation-3574,arc de triomphe,th-representation-3573,société et vie sociale > architecture commémorative votive funéraire > arc monumental > arc de triomphe,
th-representation-3575,colonne commémorative,th-representation-3572,société et vie sociale > architecture commémorative votive funéraire > colonne commémorative,
th-representation-3576,ensemble funéraire,th-representation-3572,société et vie sociale > architecture commémorative votive funéraire > ensemble funéraire,
th-representation-3577,catacombes,th-representation-3576,société et vie sociale > architecture commémorative votive funéraire > ensemble funéraire > catacombes,
th-representation-3578,cimetière,th-representation-3576,société et vie sociale > architecture commémorative votive funéraire > ensemble funéraire > cimetière,
th-representation-3579,lanterne des morts,th-representation-3572,société et vie sociale > architecture commémorative votive funéraire > lanterne des morts,
th-representation-3580,monument aux morts,th-representation-3572,société et vie sociale > architecture commémorative votive funéraire > monument aux morts,
th-representation-3581,monument commémoratif,th-representation-3572,société et vie sociale > architecture commémorative votive funéraire > monument commémoratif,
th-representation-3582,mégalithe,th-representation-3572,société et vie sociale > architecture commémorative votive funéraire > mégalithe,
th-representation-3583,dolmen,th-representation-3582,société et vie sociale > architecture commémorative votive funéraire > mégalithe > dolmen,
th-representation-3584,menhir,th-representation-3582,société et vie sociale > architecture commémorative votive funéraire > mégalithe > menhir,
th-representation-3585,obélisque monumental,th-representation-3572,société et vie sociale > architecture commémorative votive funéraire > obélisque monumental,
th-representation-3586,ossuaire,th-representation-3572,société et vie sociale > architecture commémorative votive funéraire > ossuaire,
th-representation-3587,pyramide,th-representation-3572,société et vie sociale > architecture commémorative votive funéraire > pyramide,
th-representation-3588,stèle,th-representation-3572,société et vie sociale > architecture commémorative votive funéraire > stèle,
th-representation-3589,tombeau,th-representation-3572,société et vie sociale > architecture commémorative votive funéraire > tombeau,
th-representation-3590,architecture urbaine,th-representation-3571,société et vie sociale > architecture urbaine,
th-representation-3591,cadre urbain,th-representation-3590,société et vie sociale > architecture urbaine > cadre urbain,représentation d'architecture urbaine non déterminée
th-representation-3592,hameau,th-representation-3590,société et vie sociale > architecture urbaine > hameau,
th-representation-3593,quartier,th-representation-3590,société et vie sociale > architecture urbaine > quartier,
th-representation-3594,avenue,th-representation-3593,société et vie sociale > architecture urbaine > quartier > avenue,
th-representation-3595,boulevard,th-representation-3593,société et vie sociale > architecture urbaine > quartier > boulevard,
th-representation-3596,place,th-representation-3593,société et vie sociale > architecture urbaine > quartier > place,
th-representation-3597,rue,th-representation-3593,société et vie sociale > architecture urbaine > quartier > rue,
th-representation-3598,village,th-representation-3590,société et vie sociale > architecture urbaine > village,
th-representation-3599,ville,th-representation-3590,société et vie sociale > architecture urbaine > ville,descripteur utilisé pour les vues d'ensemble de ville
th-representation-3600,divertissement et sport,th-representation-3571,société et vie sociale > divertissement et sport,"Selon le point de vue auquel on se place, une même activité peut être considérée comme un jeu, un sport ou un divertissement. Il convient d'utiliser les descripteurs en les complétant les uns par les autres selon la signification de la représentation."
th-representation-3601,activité sportive,th-representation-3600,société et vie sociale > divertissement et sport > activité sportive,
th-representation-3602,architecture d'activité sportive,th-representation-3601,société et vie sociale > divertissement et sport > activité sportive > architecture d'activité sportive,"les termes doivent être pris dans un sens très large, stade étant valable pour tous les espaces en plein air (terrain de football, court de tennis...) etgymnase pour les espaces couverts"
th-representation-3603,gymnase,th-representation-3602,société et vie sociale > divertissement et sport > activité sportive > architecture d'activité sportive > gymnase,
th-representation-3604,hippodrome,th-representation-3602,société et vie sociale > divertissement et sport > activité sportive > architecture d'activité sportive > hippodrome,
th-representation-3605,piscine,th-representation-3602,société et vie sociale > divertissement et sport > activité sportive > architecture d'activité sportive > piscine,
th-representation-3606,stade,th-representation-3602,société et vie sociale > divertissement et sport > activité sportive > architecture d'activité sportive > stade,
th-representation-3607,profession du sport,th-representation-3601,société et vie sociale > divertissement et sport > activité sportive > profession du sport,
th-representation-3608,arbitre,th-representation-3607,société et vie sociale > divertissement et sport > activité sportive > profession du sport > arbitre,
th-representation-3609,entraîneur,th-representation-3607,société et vie sociale > divertissement et sport > activité sportive > profession du sport > entraîneur,
th-representation-3610,sportif professionnel,th-representation-3607,société et vie sociale > divertissement et sport > activité sportive > profession du sport > sportif professionnel,
th-representation-3611,sport,th-representation-3601,société et vie sociale > divertissement et sport > activité sportive > sport,
th-representation-3612,alpinisme,th-representation-3611,société et vie sociale > divertissement et sport > activité sportive > sport > alpinisme,
th-representation-3613,athlétisme,th-representation-3611,société et vie sociale > divertissement et sport > activité sportive > sport > athlétisme,
th-representation-3614,cyclisme,th-representation-3611,société et vie sociale > divertissement et sport > activité sportive > sport > cyclisme,
th-representation-3615,gymnastique,th-representation-3611,société et vie sociale > divertissement et sport > activité sportive > sport > gymnastique,
th-representation-3616,jeu sportif,th-representation-3611,société et vie sociale > divertissement et sport > activité sportive > sport > jeu sportif,
th-representation-3617,jeu de balle,th-representation-3616,société et vie sociale > divertissement et sport > activité sportive > sport > jeu sportif > jeu de balle,
th-representation-3618,golf,th-representation-3617,société et vie sociale > divertissement et sport > activité sportive > sport > jeu sportif > jeu de balle > golf,
th-representation-3619,tennis,th-representation-3617,société et vie sociale > divertissement et sport > activité sportive > sport > jeu sportif > jeu de balle > tennis,
th-representation-3620,jeu de ballon,th-representation-3616,société et vie sociale > divertissement et sport > activité sportive > sport > jeu sportif > jeu de ballon,
th-representation-3621,basket-ball,th-representation-3620,société et vie sociale > divertissement et sport > activité sportive > sport > jeu sportif > jeu de ballon > basket-ball,
th-representation-3622,football,th-representation-3620,société et vie sociale > divertissement et sport > activité sportive > sport > jeu sportif > jeu de ballon > football,
th-representation-3623,rugby,th-representation-3620,société et vie sociale > divertissement et sport > activité sportive > sport > jeu sportif > jeu de ballon > rugby,
th-representation-3624,sport d'hiver,th-representation-3611,société et vie sociale > divertissement et sport > activité sportive > sport > sport d'hiver,
th-representation-3625,hockey sur glace,th-representation-3624,société et vie sociale > divertissement et sport > activité sportive > sport > sport d'hiver > hockey sur glace,
th-representation-3626,luge,th-representation-3624,société et vie sociale > divertissement et sport > activité sportive > sport > sport d'hiver > luge,
th-representation-3627,patinage,th-representation-3624,société et vie sociale > divertissement et sport > activité sportive > sport > sport d'hiver > patinage,
th-representation-3628,sport de combat,th-representation-3611,société et vie sociale > divertissement et sport > activité sportive > sport > sport de combat,
th-representation-3629,boxe,th-representation-3628,société et vie sociale > divertissement et sport > activité sportive > sport > sport de combat > boxe,
th-representation-3630,escrime,th-representation-3628,société et vie sociale > divertissement et sport > activité sportive > sport > sport de combat > escrime,
th-representation-3631,lutte,th-representation-3628,société et vie sociale > divertissement et sport > activité sportive > sport > sport de combat > lutte,
th-representation-3632,sport de force,th-representation-3611,société et vie sociale > divertissement et sport > activité sportive > sport > sport de force,
th-representation-3633,sport nautique,th-representation-3611,société et vie sociale > divertissement et sport > activité sportive > sport > sport nautique,
th-representation-3634,aviron,th-representation-3633,société et vie sociale > divertissement et sport > activité sportive > sport > sport nautique > aviron,
th-representation-3635,joute nautique,th-representation-3633,société et vie sociale > divertissement et sport > activité sportive > sport > sport nautique > joute nautique,
th-representation-3636,natation,th-representation-3633,société et vie sociale > divertissement et sport > activité sportive > sport > sport nautique > natation,
th-representation-3637,équitation,th-representation-3611,société et vie sociale > divertissement et sport > activité sportive > sport > équitation,
th-representation-3638,divertissement,th-representation-3600,société et vie sociale > divertissement et sport > divertissement,
th-representation-3639,attraction foraine,th-representation-3638,société et vie sociale > divertissement et sport > divertissement > attraction foraine,
th-representation-3640,baignade,th-representation-3638,société et vie sociale > divertissement et sport > divertissement > baignade,
th-representation-3641,balançoire,th-representation-3638,société et vie sociale > divertissement et sport > divertissement > balançoire,
th-representation-3642,casino,th-representation-3638,société et vie sociale > divertissement et sport > divertissement > casino,
th-representation-3643,danse,th-representation-3638,société et vie sociale > divertissement et sport > divertissement > danse,
th-representation-3644,bal,th-representation-3643,société et vie sociale > divertissement et sport > divertissement > danse > bal,
th-representation-3645,déguisement,th-representation-3638,société et vie sociale > divertissement et sport > divertissement > déguisement,"ne pas confondre le déguisement de divertissement avec les représentations de genre à l'antique, en bergère..."
th-representation-3646,farce,th-representation-3638,société et vie sociale > divertissement et sport > divertissement > farce,
th-representation-3647,feu d'artifice,th-representation-3638,société et vie sociale > divertissement et sport > divertissement > feu d'artifice,
th-representation-3648,fête,th-representation-3638,société et vie sociale > divertissement et sport > divertissement > fête,
th-representation-3649,fête champêtre,th-representation-3648,société et vie sociale > divertissement et sport > divertissement > fête > fête champêtre,
th-representation-3650,kermesse,th-representation-3648,société et vie sociale > divertissement et sport > divertissement > fête > kermesse,
th-representation-3651,manège,th-representation-3638,société et vie sociale > divertissement et sport > divertissement > manège,
th-representation-3652,partie de campagne,th-representation-3638,société et vie sociale > divertissement et sport > divertissement > partie de campagne,
th-representation-3653,promenade,th-representation-3638,société et vie sociale > divertissement et sport > divertissement > promenade,
th-representation-3654,instrument de jeu,th-representation-3600,société et vie sociale > divertissement et sport > instrument de jeu,
th-representation-3655,balle,th-representation-3654,société et vie sociale > divertissement et sport > instrument de jeu > balle,
th-representation-3656,ballon,th-representation-3654,société et vie sociale > divertissement et sport > instrument de jeu > ballon,
th-representation-3657,cerceau,th-representation-3654,société et vie sociale > divertissement et sport > instrument de jeu > cerceau,
th-representation-3658,cerf-volant,th-representation-3654,société et vie sociale > divertissement et sport > instrument de jeu > cerf-volant,
th-representation-3659,cheval de bois,th-representation-3654,société et vie sociale > divertissement et sport > instrument de jeu > cheval de bois,
th-representation-3660,corde à sauter,th-representation-3654,société et vie sociale > divertissement et sport > instrument de jeu > corde à sauter,
th-representation-3661,jouet,th-representation-3654,société et vie sociale > divertissement et sport > instrument de jeu > jouet,
th-representation-3662,poupée,th-representation-3654,société et vie sociale > divertissement et sport > instrument de jeu > poupée,
th-representation-3663,toupie,th-representation-3654,société et vie sociale > divertissement et sport > instrument de jeu > toupie,
th-representation-3664,jeu,th-representation-3600,société et vie sociale > divertissement et sport > jeu,
th-representation-3665,jeu corporel,th-representation-3664,société et vie sociale > divertissement et sport > jeu > jeu corporel,
th-representation-3666,jeu d'adresse,th-representation-3665,société et vie sociale > divertissement et sport > jeu > jeu corporel > jeu d'adresse,
th-representation-3667,jeu de billes,th-representation-3666,société et vie sociale > divertissement et sport > jeu > jeu corporel > jeu d'adresse > jeu de billes,
th-representation-3668,billard,th-representation-3667,société et vie sociale > divertissement et sport > jeu > jeu corporel > jeu d'adresse > jeu de billes > billard,
th-representation-3669,jeu de boules,th-representation-3666,société et vie sociale > divertissement et sport > jeu > jeu corporel > jeu d'adresse > jeu de boules,
th-representation-3670,bilboquet,th-representation-3669,société et vie sociale > divertissement et sport > jeu > jeu corporel > jeu d'adresse > jeu de boules > bilboquet,
th-representation-3671,croquet,th-representation-3669,société et vie sociale > divertissement et sport > jeu > jeu corporel > jeu d'adresse > jeu de boules > croquet,
th-representation-3672,pétanque,th-representation-3669,société et vie sociale > divertissement et sport > jeu > jeu corporel > jeu d'adresse > jeu de boules > pétanque,
th-representation-3673,quilles,th-representation-3669,société et vie sociale > divertissement et sport > jeu > jeu corporel > jeu d'adresse > jeu de boules > quilles,
th-representation-3674,jeu de bulles,th-representation-3666,société et vie sociale > divertissement et sport > jeu > jeu corporel > jeu d'adresse > jeu de bulles,
th-representation-3675,jeu de construction,th-representation-3666,société et vie sociale > divertissement et sport > jeu > jeu corporel > jeu d'adresse > jeu de construction,
th-representation-3676,jeu de tir,th-representation-3666,société et vie sociale > divertissement et sport > jeu > jeu corporel > jeu d'adresse > jeu de tir,
th-representation-3677,saut à la corde,th-representation-3666,société et vie sociale > divertissement et sport > jeu > jeu corporel > jeu d'adresse > saut à la corde,
th-representation-3678,jeu de poursuite,th-representation-3665,société et vie sociale > divertissement et sport > jeu > jeu corporel > jeu de poursuite,
th-representation-3679,jeu de hasard,th-representation-3664,société et vie sociale > divertissement et sport > jeu > jeu de hasard,
th-representation-3680,jeu de dés,th-representation-3679,société et vie sociale > divertissement et sport > jeu > jeu de hasard > jeu de dés,
th-representation-3681,dé,th-representation-3680,société et vie sociale > divertissement et sport > jeu > jeu de hasard > jeu de dés > dé,
th-representation-3682,loterie,th-representation-3679,société et vie sociale > divertissement et sport > jeu > jeu de hasard > loterie,
th-representation-3683,jeu de société,th-representation-3664,société et vie sociale > divertissement et sport > jeu > jeu de société,
th-representation-3684,jeu d'intelligence,th-representation-3683,société et vie sociale > divertissement et sport > jeu > jeu de société > jeu d'intelligence,
th-representation-3685,jeu de cartes,th-representation-3683,société et vie sociale > divertissement et sport > jeu > jeu de société > jeu de cartes,
th-representation-3686,carte à jouer,th-representation-3685,société et vie sociale > divertissement et sport > jeu > jeu de société > jeu de cartes > carte à jouer,
th-representation-3687,jeu de dominos,th-representation-3683,société et vie sociale > divertissement et sport > jeu > jeu de société > jeu de dominos,
th-representation-3688,jeu de papiers,th-representation-3683,société et vie sociale > divertissement et sport > jeu > jeu de société > jeu de papiers,
th-representation-3689,jeu de patience,th-representation-3683,société et vie sociale > divertissement et sport > jeu > jeu de société > jeu de patience,
th-representation-3690,jeu de pions,th-representation-3683,société et vie sociale > divertissement et sport > jeu > jeu de société > jeu de pions,
th-representation-3691,jeu d'échecs,th-representation-3690,société et vie sociale > divertissement et sport > jeu > jeu de société > jeu de pions > jeu d'échecs,
th-representation-3692,jeu de go,th-representation-3690,société et vie sociale > divertissement et sport > jeu > jeu de société > jeu de pions > jeu de go,
th-representation-3693,phase du jeu,th-representation-3600,société et vie sociale > divertissement et sport > phase du jeu,
th-representation-3694,engagement,th-representation-3693,société et vie sociale > divertissement et sport > phase du jeu > engagement,
th-representation-3695,marquage,th-representation-3693,société et vie sociale > divertissement et sport > phase du jeu > marquage,
th-representation-3696,pénalisation,th-representation-3693,société et vie sociale > divertissement et sport > phase du jeu > pénalisation,
th-representation-3697,instruction,th-representation-3571,société et vie sociale > instruction,
th-representation-3698,architecture scolaire,th-representation-3697,société et vie sociale > instruction > architecture scolaire,
th-representation-3699,université,th-representation-3698,société et vie sociale > instruction > architecture scolaire > université,
th-representation-3700,école,th-representation-3698,société et vie sociale > instruction > architecture scolaire > école,
th-representation-3701,enseignement,th-representation-3697,société et vie sociale > instruction > enseignement,toute activité montrant une relation ensei-
th-representation-3702,enseignement pratique,th-representation-3701,société et vie sociale > instruction > enseignement > enseignement pratique,
th-representation-3703,enseignement théorique,th-representation-3701,société et vie sociale > instruction > enseignement > enseignement théorique,
th-representation-3704,profession de l'éducation,th-representation-3697,société et vie sociale > instruction > profession de l'éducation,
th-representation-3705,enseignant,th-representation-3704,société et vie sociale > instruction > profession de l'éducation > enseignant,
th-representation-3706,maître d'école,th-representation-3705,société et vie sociale > instruction > profession de l'éducation > enseignant > maître d'école,
th-representation-3707,professeur,th-representation-3705,société et vie sociale > instruction > profession de l'éducation > enseignant > professeur,
th-representation-3708,élève,th-representation-3697,société et vie sociale > instruction > élève,
th-representation-3709,étudiant,th-representation-3697,société et vie sociale > instruction > étudiant,
th-representation-3710,relation sociale,th-representation-3571,société et vie sociale > relation sociale,
th-representation-3711,extension de la relation sociale,th-representation-3710,société et vie sociale > relation sociale > extension de la relation sociale,
th-representation-3712,international,th-representation-3711,société et vie sociale > relation sociale > extension de la relation sociale > international,
th-representation-3713,local,th-representation-3711,société et vie sociale > relation sociale > extension de la relation sociale > local,
th-representation-3714,national,th-representation-3711,société et vie sociale > relation sociale > extension de la relation sociale > national,
th-representation-3715,régional,th-representation-3711,société et vie sociale > relation sociale > extension de la relation sociale > régional,
th-representation-3716,issue de la relation sociale,th-representation-3710,société et vie sociale > relation sociale > issue de la relation sociale,
th-representation-3717,succès,th-representation-3716,société et vie sociale > relation sociale > issue de la relation sociale > succès,
th-representation-3718,échec,th-representation-3716,société et vie sociale > relation sociale > issue de la relation sociale > échec,
th-representation-3719,mode de relation sociale,th-representation-3710,société et vie sociale > relation sociale > mode de relation sociale,
th-representation-3720,relation par action,th-representation-3719,société et vie sociale > relation sociale > mode de relation sociale > relation par action,
th-representation-3721,abandon,th-representation-3720,société et vie sociale > relation sociale > mode de relation sociale > relation par action > abandon,
th-representation-3722,fuite,th-representation-3720,société et vie sociale > relation sociale > mode de relation sociale > relation par action > fuite,
th-representation-3723,manifestation,th-representation-3720,société et vie sociale > relation sociale > mode de relation sociale > relation par action > manifestation,au sens de démonstration publique collective
th-representation-3724,mendicité,th-representation-3720,société et vie sociale > relation sociale > mode de relation sociale > relation par action > mendicité,
th-representation-3725,refus,th-representation-3720,société et vie sociale > relation sociale > mode de relation sociale > relation par action > refus,
th-representation-3726,relation agressive,th-representation-3720,société et vie sociale > relation sociale > mode de relation sociale > relation par action > relation agressive,
th-representation-3727,agression,th-representation-3726,société et vie sociale > relation sociale > mode de relation sociale > relation par action > relation agressive > agression,peut être utilisé pour les attaques d'animaux par l'homme (hors contexte de chasse)
th-representation-3728,attentat,th-representation-3726,société et vie sociale > relation sociale > mode de relation sociale > relation par action > relation agressive > attentat,
th-representation-3729,meurtre,th-representation-3728,société et vie sociale > relation sociale > mode de relation sociale > relation par action > relation agressive > attentat > meurtre,
th-representation-3730,complot,th-representation-3726,société et vie sociale > relation sociale > mode de relation sociale > relation par action > relation agressive > complot,
th-representation-3731,enlèvement,th-representation-3726,société et vie sociale > relation sociale > mode de relation sociale > relation par action > relation agressive > enlèvement,"sens étroit, enlèvement d'une ou de plusieurs personnes, rapt"
th-representation-3732,expulsion,th-representation-3726,société et vie sociale > relation sociale > mode de relation sociale > relation par action > relation agressive > expulsion,
th-representation-3733,grève,th-representation-3726,société et vie sociale > relation sociale > mode de relation sociale > relation par action > relation agressive > grève,
th-representation-3734,mise à mort,th-representation-3726,société et vie sociale > relation sociale > mode de relation sociale > relation par action > relation agressive > mise à mort,mise à mort d'un animal par un homme
th-representation-3735,poursuite,th-representation-3726,société et vie sociale > relation sociale > mode de relation sociale > relation par action > relation agressive > poursuite,
th-representation-3736,violence,th-representation-3726,société et vie sociale > relation sociale > mode de relation sociale > relation par action > relation agressive > violence,
th-representation-3737,violence collective,th-representation-3736,société et vie sociale > relation sociale > mode de relation sociale > relation par action > relation agressive > violence > violence collective,
th-representation-3738,bagarre,th-representation-3737,société et vie sociale > relation sociale > mode de relation sociale > relation par action > relation agressive > violence > violence collective > bagarre,"sens large, rixe, échauffourée, mêlée."
th-representation-3739,duel,th-representation-3737,société et vie sociale > relation sociale > mode de relation sociale > relation par action > relation agressive > violence > violence collective > duel,distinct de combat singulier
th-representation-3740,révolte,th-representation-3737,société et vie sociale > relation sociale > mode de relation sociale > relation par action > relation agressive > violence > violence collective > révolte,
th-representation-3741,émeute,th-representation-3737,société et vie sociale > relation sociale > mode de relation sociale > relation par action > relation agressive > violence > violence collective > émeute,
th-representation-3742,barricade,th-representation-3741,société et vie sociale > relation sociale > mode de relation sociale > relation par action > relation agressive > violence > violence collective > émeute > barricade,
th-representation-3743,violence individuelle,th-representation-3736,société et vie sociale > relation sociale > mode de relation sociale > relation par action > relation agressive > violence > violence individuelle,
th-representation-3744,coup,th-representation-3743,société et vie sociale > relation sociale > mode de relation sociale > relation par action > relation agressive > violence > violence individuelle > coup,
th-representation-3745,fessée,th-representation-3744,société et vie sociale > relation sociale > mode de relation sociale > relation par action > relation agressive > violence > violence individuelle > coup > fessée,
th-representation-3746,gifle,th-representation-3744,société et vie sociale > relation sociale > mode de relation sociale > relation par action > relation agressive > violence > violence individuelle > coup > gifle,
th-representation-3747,viol,th-representation-3743,société et vie sociale > relation sociale > mode de relation sociale > relation par action > relation agressive > violence > violence individuelle > viol,
th-representation-3748,vol,th-representation-3726,société et vie sociale > relation sociale > mode de relation sociale > relation par action > relation agressive > vol,
th-representation-3749,fraude,th-representation-3748,société et vie sociale > relation sociale > mode de relation sociale > relation par action > relation agressive > vol > fraude,
th-representation-3750,relation bienveillante,th-representation-3720,société et vie sociale > relation sociale > mode de relation sociale > relation par action > relation bienveillante,
th-representation-3751,accolade,th-representation-3750,société et vie sociale > relation sociale > mode de relation sociale > relation par action > relation bienveillante > accolade,
th-representation-3752,applaudissement,th-representation-3750,société et vie sociale > relation sociale > mode de relation sociale > relation par action > relation bienveillante > applaudissement,
th-representation-3753,baiser,th-representation-3750,société et vie sociale > relation sociale > mode de relation sociale > relation par action > relation bienveillante > baiser,
th-representation-3754,caresse,th-representation-3750,société et vie sociale > relation sociale > mode de relation sociale > relation par action > relation bienveillante > caresse,
th-representation-3755,don,th-representation-3750,société et vie sociale > relation sociale > mode de relation sociale > relation par action > relation bienveillante > don,"sens général, transfert gratuit de propriété, cadeau, bienfait..."
th-representation-3756,legs,th-representation-3755,société et vie sociale > relation sociale > mode de relation sociale > relation par action > relation bienveillante > don > legs,
th-representation-3757,offrande,th-representation-3755,société et vie sociale > relation sociale > mode de relation sociale > relation par action > relation bienveillante > don > offrande,"don fait par un inférieur hiérarchique ayant valeur symbolique, distinct de offrande religieuse"
th-representation-3758,non-violence,th-representation-3750,société et vie sociale > relation sociale > mode de relation sociale > relation par action > relation bienveillante > non-violence,
th-representation-3759,partage,th-representation-3750,société et vie sociale > relation sociale > mode de relation sociale > relation par action > relation bienveillante > partage,
th-representation-3760,poignée de main,th-representation-3750,société et vie sociale > relation sociale > mode de relation sociale > relation par action > relation bienveillante > poignée de main,
th-representation-3761,présentation,th-representation-3750,société et vie sociale > relation sociale > mode de relation sociale > relation par action > relation bienveillante > présentation,"action de faire voir, de montrer un objet ou une personne à un tiers, distinct de désigner"
th-representation-3762,remise,th-representation-3750,société et vie sociale > relation sociale > mode de relation sociale > relation par action > relation bienveillante > remise,acte matériel de transmission d'un objet
th-representation-3763,rencontre,th-representation-3750,société et vie sociale > relation sociale > mode de relation sociale > relation par action > relation bienveillante > rencontre,
th-representation-3764,réunion,th-representation-3750,société et vie sociale > relation sociale > mode de relation sociale > relation par action > relation bienveillante > réunion,
th-representation-3765,salut,th-representation-3750,société et vie sociale > relation sociale > mode de relation sociale > relation par action > relation bienveillante > salut,
th-representation-3766,révérence,th-representation-3765,société et vie sociale > relation sociale > mode de relation sociale > relation par action > relation bienveillante > salut > révérence,
th-representation-3767,secours,th-representation-3750,société et vie sociale > relation sociale > mode de relation sociale > relation par action > relation bienveillante > secours,
th-representation-3768,délivrance,th-representation-3767,société et vie sociale > relation sociale > mode de relation sociale > relation par action > relation bienveillante > secours > délivrance,
th-representation-3769,visite,th-representation-3750,société et vie sociale > relation sociale > mode de relation sociale > relation par action > relation bienveillante > visite,distinct visite pastorale
th-representation-3770,étreinte,th-representation-3750,société et vie sociale > relation sociale > mode de relation sociale > relation par action > relation bienveillante > étreinte,
th-representation-3771,retrouvailles,th-representation-3720,société et vie sociale > relation sociale > mode de relation sociale > relation par action > retrouvailles,
th-representation-3772,relation par paroles,th-representation-3719,société et vie sociale > relation sociale > mode de relation sociale > relation par paroles,
th-representation-3773,acclamation,th-representation-3772,société et vie sociale > relation sociale > mode de relation sociale > relation par paroles > acclamation,
th-representation-3774,conversation,th-representation-3772,société et vie sociale > relation sociale > mode de relation sociale > relation par paroles > conversation,
th-representation-3775,confidence,th-representation-3774,société et vie sociale > relation sociale > mode de relation sociale > relation par paroles > conversation > confidence,
th-representation-3776,demande,th-representation-3772,société et vie sociale > relation sociale > mode de relation sociale > relation par paroles > demande,"sens large, imploration, supplication..."
th-representation-3777,discours,th-representation-3772,société et vie sociale > relation sociale > mode de relation sociale > relation par paroles > discours,distinct de expression orale
th-representation-3778,dispute,th-representation-3772,société et vie sociale > relation sociale > mode de relation sociale > relation par paroles > dispute,
th-representation-3779,exhortation,th-representation-3772,société et vie sociale > relation sociale > mode de relation sociale > relation par paroles > exhortation,
th-representation-3780,malédiction,th-representation-3772,société et vie sociale > relation sociale > mode de relation sociale > relation par paroles > malédiction,
th-representation-3781,prédiction,th-representation-3772,société et vie sociale > relation sociale > mode de relation sociale > relation par paroles > prédiction,
th-representation-3782,reproche,th-representation-3772,société et vie sociale > relation sociale > mode de relation sociale > relation par paroles > reproche,
th-representation-3783,relation rituelle,th-representation-3719,société et vie sociale > relation sociale > mode de relation sociale > relation rituelle,"utilisé pour les scènes profanes, les pratiques religieuses rituelles ayant leurs descripteurs spécifiques, par exemple l'adoubement d'un chevalier Scène { nomination, chevalier, relation rituelle }"
th-representation-3784,culte des ancêtres,th-representation-3783,société et vie sociale > relation sociale > mode de relation sociale > relation rituelle > culte des ancêtres,
th-representation-3785,deuil,th-representation-3783,société et vie sociale > relation sociale > mode de relation sociale > relation rituelle > deuil,
th-representation-3786,type de relation sociale,th-representation-3710,société et vie sociale > relation sociale > type de relation sociale,
th-representation-3787,adoration,th-representation-3786,société et vie sociale > relation sociale > type de relation sociale > adoration,
th-representation-3788,bienveillance,th-representation-3786,société et vie sociale > relation sociale > type de relation sociale > bienveillance,
th-representation-3789,accord,th-representation-3788,société et vie sociale > relation sociale > type de relation sociale > bienveillance > accord,
th-representation-3790,accueil,th-representation-3788,société et vie sociale > relation sociale > type de relation sociale > bienveillance > accueil,
th-representation-3791,amitié,th-representation-3788,société et vie sociale > relation sociale > type de relation sociale > bienveillance > amitié,
th-representation-3792,amour,th-representation-3788,société et vie sociale > relation sociale > type de relation sociale > bienveillance > amour,
th-representation-3793,amour maternel,th-representation-3788,société et vie sociale > relation sociale > type de relation sociale > bienveillance > amour maternel,
th-representation-3794,amour paternel,th-representation-3788,société et vie sociale > relation sociale > type de relation sociale > bienveillance > amour paternel,
th-representation-3795,consolation,th-representation-3788,société et vie sociale > relation sociale > type de relation sociale > bienveillance > consolation,
th-representation-3796,médiation,th-representation-3788,société et vie sociale > relation sociale > type de relation sociale > bienveillance > médiation,
th-representation-3797,pardon,th-representation-3788,société et vie sociale > relation sociale > type de relation sociale > bienveillance > pardon,"sens large, clémence, indulgence..., distinct de grâce"
th-representation-3798,protection,th-representation-3788,société et vie sociale > relation sociale > type de relation sociale > bienveillance > protection,
th-representation-3799,récompense,th-representation-3788,société et vie sociale > relation sociale > type de relation sociale > bienveillance > récompense,
th-representation-3800,réconciliation,th-representation-3788,société et vie sociale > relation sociale > type de relation sociale > bienveillance > réconciliation,
th-representation-3801,compétition,th-representation-3786,société et vie sociale > relation sociale > type de relation sociale > compétition,
th-representation-3802,contrainte,th-representation-3786,société et vie sociale > relation sociale > type de relation sociale > contrainte,
th-representation-3803,contrat,th-representation-3786,société et vie sociale > relation sociale > type de relation sociale > contrat,
th-representation-3804,galanterie,th-representation-3786,société et vie sociale > relation sociale > type de relation sociale > galanterie,"sens large, relation courtoise sans nuance morale péjorative"
th-representation-3805,grivoiserie,th-representation-3786,société et vie sociale > relation sociale > type de relation sociale > grivoiserie,
th-representation-3806,information,th-representation-3786,société et vie sociale > relation sociale > type de relation sociale > information,"sens large, porter à la connaissance d'une personne ou d'un groupe"
th-representation-3807,interdiction,th-representation-3786,société et vie sociale > relation sociale > type de relation sociale > interdiction,
th-representation-3808,malveillance,th-representation-3786,société et vie sociale > relation sociale > type de relation sociale > malveillance,
th-representation-3809,dénonciation,th-representation-3808,société et vie sociale > relation sociale > type de relation sociale > malveillance > dénonciation,
th-representation-3810,espionnage,th-representation-3808,société et vie sociale > relation sociale > type de relation sociale > malveillance > espionnage,
th-representation-3811,moquerie,th-representation-3808,société et vie sociale > relation sociale > type de relation sociale > malveillance > moquerie,
th-representation-3812,trahison,th-representation-3808,société et vie sociale > relation sociale > type de relation sociale > malveillance > trahison,
th-representation-3813,opposition,th-representation-3786,société et vie sociale > relation sociale > type de relation sociale > opposition,
th-representation-3814,ordre,th-representation-3786,société et vie sociale > relation sociale > type de relation sociale > ordre,"expression de la volonté d'une autorité quelle qu'elle soit (judiciaire, militaire, religieuse...) dont la nature est précisée par un descripteur adéquat"
th-representation-3815,pari,th-representation-3786,société et vie sociale > relation sociale > type de relation sociale > pari,
th-representation-3816,propagande,th-representation-3786,société et vie sociale > relation sociale > type de relation sociale > propagande,
th-representation-3817,punition,th-representation-3786,société et vie sociale > relation sociale > type de relation sociale > punition,
th-representation-3818,sexualité,th-representation-3786,société et vie sociale > relation sociale > type de relation sociale > sexualité,
th-representation-3819,adultère,th-representation-3818,société et vie sociale > relation sociale > type de relation sociale > sexualité > adultère,
th-representation-3820,homosexualité,th-representation-3818,société et vie sociale > relation sociale > type de relation sociale > sexualité > homosexualité,
th-representation-3821,inceste,th-representation-3818,société et vie sociale > relation sociale > type de relation sociale > sexualité > inceste,
th-representation-3822,soumission,th-representation-3786,société et vie sociale > relation sociale > type de relation sociale > soumission,
th-representation-3823,surveillance,th-representation-3786,société et vie sociale > relation sociale > type de relation sociale > surveillance,
th-representation-3824,séduction,th-representation-3786,société et vie sociale > relation sociale > type de relation sociale > séduction,
th-representation-3825,sélection,th-representation-3786,société et vie sociale > relation sociale > type de relation sociale > sélection,"sens large, toute expression d'un choix"
th-representation-3826,vote,th-representation-3825,société et vie sociale > relation sociale > type de relation sociale > sélection > vote,
th-representation-3827,séparation,th-representation-3786,société et vie sociale > relation sociale > type de relation sociale > séparation,
th-representation-3828,éducation,th-representation-3786,société et vie sociale > relation sociale > type de relation sociale > éducation,
th-representation-3829,société,th-representation-3571,société et vie sociale > société,
th-representation-3830,civilisation,th-representation-3829,société et vie sociale > société > civilisation,
th-representation-3831,sauvage,th-representation-3830,société et vie sociale > société > civilisation > sauvage,
th-representation-3832,groupement social,th-representation-3829,société et vie sociale > société > groupement social,
th-representation-3833,association,th-representation-3832,société et vie sociale > société > groupement social > association,"groupe constitué et organisé dans un but déterminé, voir aussi confrérie et association de fidèles"
th-representation-3844,société secrète,th-representation-3833,société et vie sociale > société > groupement social > association > société secrète,
th-representation-3847,syndicat,th-representation-3833,société et vie sociale > société > groupement social > association > syndicat,
th-representation-3848,attroupement,th-representation-3832,société et vie sociale > société > groupement social > attroupement,ensemble de quelques personnes accidentellement réunies par une circonstance anecdotique
th-representation-3849,foule,th-representation-3832,société et vie sociale > société > groupement social > foule,ensemble non homogène d'un grand nombre de personnes
th-representation-3850,groupe,th-representation-3832,société et vie sociale > société > groupement social > groupe,"ensemble homogène de personnes dont l'unité et la cohésion sont déterminées par la nature, la fonction ou l'action"
th-representation-3851,personnage idéalisé,th-representation-3829,société et vie sociale > société > personnage idéalisé,
th-representation-3852,apothéose,th-representation-3851,société et vie sociale > société > personnage idéalisé > apothéose,"sens large, ce descripteur convient pour l'exaltation idéalisée d'une personne physique où morale aussi bien que d'une idée ou d'une valeur, distinct de triomphe réservé à la vie militaire."
th-representation-3853,signe social distinctif,th-representation-3829,société et vie sociale > société > signe social distinctif,
th-representation-3854,armoiries,th-representation-3853,société et vie sociale > société > signe social distinctif > armoiries,"pas de genre iconographique, n'ajouter à ce descripteur que ceux qui correspondent à des êtres ou des objets facilement identifiables (poisson, oiseau.)"
th-representation-3855,écu,th-representation-3854,société et vie sociale > société > signe social distinctif > armoiries > écu,
th-representation-3856,attribut,th-representation-3853,société et vie sociale > société > signe social distinctif > attribut,"élément qui caractérise une espèce ou une personne et permet de l'identifier (fig. 11, 154, 380)"
th-representation-3857,attribut de la royauté,th-representation-3853,société et vie sociale > société > signe social distinctif > attribut de la royauté,"sens large, vaut aussi pour l'empire"
th-representation-3858,couronne,th-representation-3857,société et vie sociale > société > signe social distinctif > attribut de la royauté > couronne,
th-representation-3859,globe,th-representation-3857,société et vie sociale > société > signe social distinctif > attribut de la royauté > globe,
th-representation-3860,main de justice,th-representation-3857,société et vie sociale > société > signe social distinctif > attribut de la royauté > main de justice,
th-representation-3861,sceptre,th-representation-3857,société et vie sociale > société > signe social distinctif > attribut de la royauté > sceptre,
th-representation-3862,banderole,th-representation-3853,société et vie sociale > société > signe social distinctif > banderole,
th-representation-3863,bannière,th-representation-3853,société et vie sociale > société > signe social distinctif > bannière,
th-representation-3864,drapeau,th-representation-3853,société et vie sociale > société > signe social distinctif > drapeau,
th-representation-3865,décoration,th-representation-3853,société et vie sociale > société > signe social distinctif > décoration,
th-representation-3931,emblème,th-representation-3853,société et vie sociale > société > signe social distinctif > emblème,"signe plus ou moins symbolique correspondant à un métier, une association, des valeurs"
th-representation-3932,insigne,th-representation-3853,société et vie sociale > société > signe social distinctif > insigne,
th-representation-3933,sceau,th-representation-3853,société et vie sociale > société > signe social distinctif > sceau,
th-representation-3934,statut social,th-representation-3829,société et vie sociale > société > statut social,
th-representation-3935,condition socio-économique,th-representation-3934,société et vie sociale > société > statut social > condition socio-économique,
th-representation-3936,chômage,th-representation-3935,société et vie sociale > société > statut social > condition socio-économique > chômage,
th-representation-3937,congé,th-representation-3935,société et vie sociale > société > statut social > condition socio-économique > congé,
th-representation-3938,vacances,th-representation-3937,société et vie sociale > société > statut social > condition socio-économique > congé > vacances,
th-representation-3939,disette,th-representation-3935,société et vie sociale > société > statut social > condition socio-économique > disette,
th-representation-3940,pauvreté,th-representation-3935,société et vie sociale > société > statut social > condition socio-économique > pauvreté,
th-representation-3941,retraite professionnelle,th-representation-3935,société et vie sociale > société > statut social > condition socio-économique > retraite professionnelle,
th-representation-3942,richesse,th-representation-3935,société et vie sociale > société > statut social > condition socio-économique > richesse,
th-representation-3943,abondance,th-representation-3942,société et vie sociale > société > statut social > condition socio-économique > richesse > abondance,
th-representation-3944,hiérarchie professionnelle,th-representation-3934,société et vie sociale > société > statut social > hiérarchie professionnelle,
th-representation-3945,apprenti,th-representation-3944,société et vie sociale > société > statut social > hiérarchie professionnelle > apprenti,
th-representation-3946,chef d'entreprise,th-representation-3944,société et vie sociale > société > statut social > hiérarchie professionnelle > chef d'entreprise,
th-representation-3947,employé,th-representation-3944,société et vie sociale > société > statut social > hiérarchie professionnelle > employé,
th-representation-3948,ouvrier,th-representation-3944,société et vie sociale > société > statut social > hiérarchie professionnelle > ouvrier,
th-representation-3949,insertion sociale,th-representation-3934,société et vie sociale > société > statut social > insertion sociale,
th-representation-3950,captif,th-representation-3949,société et vie sociale > société > statut social > insertion sociale > captif,"à l'exclusion des prisonniers de guerre (voir capture, captivité)"
th-representation-3951,conformité sociale,th-representation-3949,société et vie sociale > société > statut social > insertion sociale > conformité sociale,
th-representation-3952,mode,th-representation-3951,société et vie sociale > société > statut social > insertion sociale > conformité sociale > mode,
th-representation-3953,malfaiteur,th-representation-3949,société et vie sociale > société > statut social > insertion sociale > malfaiteur,
th-representation-3954,marginalité,th-representation-3949,société et vie sociale > société > statut social > insertion sociale > marginalité,
th-representation-3955,gueux,th-representation-3954,société et vie sociale > société > statut social > insertion sociale > marginalité > gueux,
th-representation-3956,marginal,th-representation-3954,société et vie sociale > société > statut social > insertion sociale > marginalité > marginal,
th-representation-3957,vagabond,th-representation-3954,société et vie sociale > société > statut social > insertion sociale > marginalité > vagabond,
th-representation-3958,migrant,th-representation-3949,société et vie sociale > société > statut social > insertion sociale > migrant,
th-representation-3959,misanthrope,th-representation-3949,société et vie sociale > société > statut social > insertion sociale > misanthrope,
th-representation-3960,nomade,th-representation-3949,société et vie sociale > société > statut social > insertion sociale > nomade,
th-representation-3961,notable,th-representation-3949,société et vie sociale > société > statut social > insertion sociale > notable,
th-representation-3962,réfugié,th-representation-3949,société et vie sociale > société > statut social > insertion sociale > réfugié,
th-representation-3963,solitude,th-representation-3949,société et vie sociale > société > statut social > insertion sociale > solitude,
th-representation-3964,ordre social,th-representation-3934,société et vie sociale > société > statut social > ordre social,
th-representation-3965,bourgeoisie,th-representation-3964,société et vie sociale > société > statut social > ordre social > bourgeoisie,
th-representation-3966,bourgeois,th-representation-3965,société et vie sociale > société > statut social > ordre social > bourgeoisie > bourgeois,
th-representation-3967,esclavage,th-representation-3964,société et vie sociale > société > statut social > ordre social > esclavage,
th-representation-3968,esclave,th-representation-3967,société et vie sociale > société > statut social > ordre social > esclavage > esclave,
th-representation-3969,les trois ordres,th-representation-3964,société et vie sociale > société > statut social > ordre social > les trois ordres,
th-representation-3970,le clergé,th-representation-3969,société et vie sociale > société > statut social > ordre social > les trois ordres > le clergé,
th-representation-3971,noblesse,th-representation-3969,société et vie sociale > société > statut social > ordre social > les trois ordres > noblesse,
th-representation-3972,chevalier,th-representation-3971,société et vie sociale > société > statut social > ordre social > les trois ordres > noblesse > chevalier,
th-representation-3973,tiers état,th-representation-3969,société et vie sociale > société > statut social > ordre social > les trois ordres > tiers état,
th-representation-3974,paysannerie,th-representation-3964,société et vie sociale > société > statut social > ordre social > paysannerie,
th-representation-3975,paysan,th-representation-3974,société et vie sociale > société > statut social > ordre social > paysannerie > paysan,
th-representation-3976,prolétariat,th-representation-3964,société et vie sociale > société > statut social > ordre social > prolétariat,
th-representation-3977,prolétaire,th-representation-3976,société et vie sociale > société > statut social > ordre social > prolétariat > prolétaire,
th-representation-3978,statut familial,th-representation-3934,société et vie sociale > société > statut social > statut familial,
th-representation-3979,couple,th-representation-3978,société et vie sociale > société > statut social > statut familial > couple,"s'utilise pour toute représentation d'un homme et d'une femme unis par une relation d'ordre affectif, que le lien soit juridique (personnes mariées}, admis par la tradition, ou exprimé dans l'image par les comportements"
th-representation-3980,célibat,th-representation-3978,société et vie sociale > société > statut social > statut familial > célibat,
th-representation-3981,famille,th-representation-3978,société et vie sociale > société > statut social > statut familial > famille,décrit tout lien de parenté à l'exception de la relation conjugale
th-representation-3982,arbre généalogique,th-representation-3981,société et vie sociale > société > statut social > statut familial > famille > arbre généalogique,
th-representation-3983,fiançailles,th-representation-3978,société et vie sociale > société > statut social > statut familial > fiançailles,
th-representation-3984,harem,th-representation-3978,société et vie sociale > société > statut social > statut familial > harem,
th-representation-3985,mariage,th-representation-3978,société et vie sociale > société > statut social > statut familial > mariage,
th-representation-3986,orphelin,th-representation-3978,société et vie sociale > société > statut social > statut familial > orphelin,
th-representation-3987,veuf,th-representation-3978,société et vie sociale > société > statut social > statut familial > veuf,
th-representation-3988,titre honorifique,th-representation-3829,société et vie sociale > société > titre honorifique,
th-representation-3989,sujet biblique,,sujet biblique,
th-representation-3990,ange identifié,th-representation-3989,sujet biblique > ange identifié,
th-representation-3991,Archange,th-representation-3990,sujet biblique > ange identifié > Archange,
th-representation-3992,Les archanges,th-representation-3991,sujet biblique > ange identifié > Archange > Les archanges,
th-representation-3993,saint Gabriel,th-representation-3991,sujet biblique > ange identifié > Archange > saint Gabriel,
th-representation-3994,saint Michel,th-representation-3991,sujet biblique > ange identifié > Archange > saint Michel,
th-representation-3995,saint Raphaël,th-representation-3991,sujet biblique > ange identifié > Archange > saint Raphaël,
th-representation-3996,Chérubin,th-representation-3990,sujet biblique > ange identifié > Chérubin,
th-representation-3997,Les Dominations,th-representation-3990,sujet biblique > ange identifié > Les Dominations,
th-representation-3998,Les Principautés,th-representation-3990,sujet biblique > ange identifié > Les Principautés,
th-representation-3999,Les Puissances,th-representation-3990,sujet biblique > ange identifié > Les Puissances,
th-representation-4000,Les Trônes,th-representation-3990,sujet biblique > ange identifié > Les Trônes,
th-representation-4001,Les Vertus,th-representation-3990,sujet biblique > ange identifié > Les Vertus,
th-representation-4002,Séraphin,th-representation-3990,sujet biblique > ange identifié > Séraphin,
th-representation-4003,appellation biblique,th-representation-3989,sujet biblique > appellation biblique,
th-representation-4004,Arche de Noé,th-representation-4003,sujet biblique > appellation biblique > Arche de Noé,
th-representation-4005,Fleuve du Paradis,th-representation-4003,sujet biblique > appellation biblique > Fleuve du Paradis,
th-representation-4006,fête biblique,th-representation-4003,sujet biblique > appellation biblique > fête biblique,
th-representation-4007,La Pâque,th-representation-4006,sujet biblique > appellation biblique > fête biblique > La Pâque,
th-representation-4008,L'arbre de vie,th-representation-4003,sujet biblique > appellation biblique > L'arbre de vie,
th-representation-4009,La manne,th-representation-4003,sujet biblique > appellation biblique > La manne,
th-representation-4010,La terre promise,th-representation-4003,sujet biblique > appellation biblique > La terre promise,
th-representation-4011,Le buisson ardent,th-representation-4003,sujet biblique > appellation biblique > Le buisson ardent,
th-representation-4012,Mambré,th-representation-4003,sujet biblique > appellation biblique > Mambré,
th-representation-4013,mobilier biblique,th-representation-4003,sujet biblique > appellation biblique > mobilier biblique,
th-representation-4014,L'arche d'alliance,th-representation-4013,sujet biblique > appellation biblique > mobilier biblique > L'arche d'alliance,
th-representation-4015,objet biblique,th-representation-4003,sujet biblique > appellation biblique > objet biblique,
th-representation-4016,Le chandelier à sept branches,th-representation-4015,sujet biblique > appellation biblique > objet biblique > Le chandelier à sept branches,
th-representation-4017,Le serpent d'airain,th-representation-4015,sujet biblique > appellation biblique > objet biblique > Le serpent d'airain,
th-representation-4018,Les Tables de la Loi,th-representation-4015,sujet biblique > appellation biblique > objet biblique > Les Tables de la Loi,
th-representation-4019,Paradis terrestre,th-representation-4003,sujet biblique > appellation biblique > Paradis terrestre,
th-representation-4020,Sion,th-representation-4003,sujet biblique > appellation biblique > Sion,
th-representation-4021,Sodome,th-representation-4003,sujet biblique > appellation biblique > Sodome,
th-representation-4022,édifice biblique,th-representation-4003,sujet biblique > appellation biblique > édifice biblique,
th-representation-4023,Golgotha,th-representation-4022,sujet biblique > appellation biblique > édifice biblique > Golgotha,
th-representation-4024,Le Temple,th-representation-4022,sujet biblique > appellation biblique > édifice biblique > Le Temple,
th-representation-4025,Tour de Babel,th-representation-4022,sujet biblique > appellation biblique > édifice biblique > Tour de Babel,
th-representation-4026,dieu biblique,th-representation-3989,sujet biblique > dieu biblique,préciser la représentation sans noter symbole
th-representation-4027,Alpha et Oméga,th-representation-4026,sujet biblique > dieu biblique > Alpha et Oméga,"utiliser ce descripteur lorsque les deux lettres sont situées à l'intérieur de la représentation, par exemple sur les pages d'on livre, de part et d'autre du Christ."
th-representation-4028,Binité,th-representation-4026,sujet biblique > dieu biblique > Binité,représentation du Père et du Fils en présentation de Trinité.  on peut préciser le mode de représentation de chacun des personnages
th-representation-4029,Créateur,th-representation-4026,sujet biblique > dieu biblique > Créateur,descripteur utilisé pour les scènes de la Création
th-representation-4030,Dieu le Père,th-representation-4026,sujet biblique > dieu biblique > Dieu le Père,
th-representation-4031,Le Verbe,th-representation-4026,sujet biblique > dieu biblique > Le Verbe,"représentation de la deuxième personne de la Trinité, principalement dans les représentations de la Trinité elle-même et de la Création"
th-representation-4032,Main de Dieu,th-representation-4026,sujet biblique > dieu biblique > Main de Dieu,
th-representation-4033,Quaternité,th-representation-4026,sujet biblique > dieu biblique > Quaternité,"représentation du Père, du Fils, du Saint-Esprit et de la Vierge en présentation"
th-representation-4034,Saint-Esprit,th-representation-4026,sujet biblique > dieu biblique > Saint-Esprit,
th-representation-4035,Trinité,th-representation-4026,sujet biblique > dieu biblique > Trinité,
th-representation-4036,démon biblique,th-representation-3989,sujet biblique > démon biblique,
th-representation-4037,Antichrist,th-representation-4036,sujet biblique > démon biblique > Antichrist,valable pour Antéchrist
th-representation-4038,Belphégor,th-representation-4036,sujet biblique > démon biblique > Belphégor,
th-representation-4039,Le serpent d'Eden,th-representation-4036,sujet biblique > démon biblique > Le serpent d'Eden,
th-representation-4040,Lucifer,th-representation-4036,sujet biblique > démon biblique > Lucifer,
th-representation-4041,Satan,th-representation-4036,sujet biblique > démon biblique > Satan,
th-representation-4042,personnage de l'Ancien Testament,th-representation-3989,sujet biblique > personnage de l'Ancien Testament,
th-representation-4043,femme de l'Ancien Testament,th-representation-4042,sujet biblique > personnage de l'Ancien Testament > femme de l'Ancien Testament,
th-representation-4087,hommes de l'Ancien Testament,th-representation-4042,sujet biblique > personnage de l'Ancien Testament > hommes de l'Ancien Testament,
th-representation-4088,homme de l'Ancien Testament,th-representation-4087,sujet biblique > personnage de l'Ancien Testament > hommes de l'Ancien Testament > homme de l'Ancien Testament,
th-representation-4155,Philistin,th-representation-4088,sujet biblique > personnage de l'Ancien Testament > hommes de l'Ancien Testament > homme de l'Ancien Testament > Philistin,
th-representation-4168,Juge biblique,th-representation-4087,sujet biblique > personnage de l'Ancien Testament > hommes de l'Ancien Testament > Juge biblique,
th-representation-4173,Patriarche,th-representation-4087,sujet biblique > personnage de l'Ancien Testament > hommes de l'Ancien Testament > Patriarche,
th-representation-4180,grand prophète,th-representation-4177,sujet biblique > personnage de l'Ancien Testament > hommes de l'Ancien Testament > prophète > grand prophète,
th-representation-4185,petit prophète,th-representation-4177,sujet biblique > personnage de l'Ancien Testament > hommes de l'Ancien Testament > prophète > petit prophète,
th-representation-4196,Roi d'Israël ou de Juda,th-representation-4087,sujet biblique > personnage de l'Ancien Testament > hommes de l'Ancien Testament > Roi d'Israël ou de Juda,
th-representation-4220,personnage du Nouveau Testament,th-representation-3989,sujet biblique > personnage du Nouveau Testament,
th-representation-4221,Apôtre,th-representation-4220,sujet biblique > personnage du Nouveau Testament > Apôtre,
th-representation-4223,Les Apôtres,th-representation-4221,sujet biblique > personnage du Nouveau Testament > Apôtre > Les Apôtres,
th-representation-4224,Pentecôte,th-representation-4223,sujet biblique > personnage du Nouveau Testament > Apôtre > Les Apôtres > Pentecôte,
th-representation-4234,Traditio Legis,th-representation-4233,sujet biblique > personnage du Nouveau Testament > Apôtre > saint Pierre > Traditio Legis,
th-representation-4237,femme du Nouveau Testament,th-representation-4220,sujet biblique > personnage du Nouveau Testament > femme du Nouveau Testament,
th-representation-4239,La Cananéenne,th-representation-4237,sujet biblique > personnage du Nouveau Testament > femme du Nouveau Testament > La Cananéenne,
th-representation-4243,figuration de la Vierge,th-representation-4220,sujet biblique > personnage du Nouveau Testament > figuration de la Vierge,
th-representation-4244,Vie de la Vierge,th-representation-4243,sujet biblique > personnage du Nouveau Testament > figuration de la Vierge > Vie de la Vierge,
th-representation-4245,Annonciation,th-representation-4244,sujet biblique > personnage du Nouveau Testament > figuration de la Vierge > Vie de la Vierge > Annonciation,
th-representation-4246,Assomption,th-representation-4244,sujet biblique > personnage du Nouveau Testament > figuration de la Vierge > Vie de la Vierge > Assomption,
th-representation-4247,Couronnement de la Vierge,th-representation-4244,sujet biblique > personnage du Nouveau Testament > figuration de la Vierge > Vie de la Vierge > Couronnement de la Vierge,"La Vierge est couronnée par un ange, par le Christ, par Dieu le Père où par la Trinité, Il arrivé qu'elle ait déjà la couronne sur la tête,"
th-representation-4248,Education de la Vierge,th-representation-4244,sujet biblique > personnage du Nouveau Testament > figuration de la Vierge > Vie de la Vierge > Education de la Vierge,
th-representation-4249,Glorification de la Vierge,th-representation-4244,sujet biblique > personnage du Nouveau Testament > figuration de la Vierge > Vie de la Vierge > Glorification de la Vierge,"la Vierge tient l'Enfant Jésus sur ses genoux, des anges la couronnent"
th-representation-4250,Mariage de la Vierge,th-representation-4244,sujet biblique > personnage du Nouveau Testament > figuration de la Vierge > Vie de la Vierge > Mariage de la Vierge,
th-representation-4251,Mort de la Vierge,th-representation-4244,sujet biblique > personnage du Nouveau Testament > figuration de la Vierge > Vie de la Vierge > Mort de la Vierge,
th-representation-4252,Nativité de la Vierge,th-representation-4244,sujet biblique > personnage du Nouveau Testament > figuration de la Vierge > Vie de la Vierge > Nativité de la Vierge,
th-representation-4253,Présentation de la Vierge au Temple,th-representation-4244,sujet biblique > personnage du Nouveau Testament > figuration de la Vierge > Vie de la Vierge > Présentation de la Vierge au Temple,
th-representation-4254,Pâmoison de la Vierge,th-representation-4244,sujet biblique > personnage du Nouveau Testament > figuration de la Vierge > Vie de la Vierge > Pâmoison de la Vierge,
th-representation-4255,Visitation,th-representation-4244,sujet biblique > personnage du Nouveau Testament > figuration de la Vierge > Vie de la Vierge > Visitation,
th-representation-4257,Vierge en présentation,th-representation-4243,sujet biblique > personnage du Nouveau Testament > figuration de la Vierge > Vierge en présentation,
th-representation-4258,Immaculée Conception,th-representation-4257,sujet biblique > personnage du Nouveau Testament > figuration de la Vierge > Vierge en présentation > Immaculée Conception,appellation réservée à la figuration de Ja descente de la Vierge sur terre
th-representation-4259,Vierge de douleur,th-representation-4257,sujet biblique > personnage du Nouveau Testament > figuration de la Vierge > Vierge en présentation > Vierge de douleur,
th-representation-4260,Vierge de Pitié,th-representation-4259,sujet biblique > personnage du Nouveau Testament > figuration de la Vierge > Vierge en présentation > Vierge de douleur > Vierge de Pitié,"Vierge et Christ mort, vaut pour Pietà"
th-representation-4261,Vierge des sept douleurs,th-representation-4259,sujet biblique > personnage du Nouveau Testament > figuration de la Vierge > Vierge en présentation > Vierge de douleur > Vierge des sept douleurs,
th-representation-4262,Vierge de Miséricorde,th-representation-4257,sujet biblique > personnage du Nouveau Testament > figuration de la Vierge > Vierge en présentation > Vierge de Miséricorde,
th-representation-4263,Vierge à l'Enfant,th-representation-4257,sujet biblique > personnage du Nouveau Testament > figuration de la Vierge > Vierge en présentation > Vierge à l'Enfant,"La Vierge et l'Enfant Jésus en présenta tion, quelle que soit la position respective des personnages. On peut préciser le mode de représentation de chacun."
th-representation-4264,Figuration des Evangélistes,th-representation-4220,sujet biblique > personnage du Nouveau Testament > Figuration des Evangélistes,
th-representation-4265,Evangéliste,th-representation-4264,sujet biblique > personnage du Nouveau Testament > Figuration des Evangélistes > Evangéliste,
th-representation-4270,Tétramorphe,th-representation-4264,sujet biblique > personnage du Nouveau Testament > Figuration des Evangélistes > Tétramorphe,
th-representation-4271,Aigle de saint Jean,th-representation-4270,sujet biblique > personnage du Nouveau Testament > Figuration des Evangélistes > Tétramorphe > Aigle de saint Jean,
th-representation-4272,Boeuf de saint Luc,th-representation-4270,sujet biblique > personnage du Nouveau Testament > Figuration des Evangélistes > Tétramorphe > Boeuf de saint Luc,
th-representation-4273,Homme de saint Matthieu,th-representation-4270,sujet biblique > personnage du Nouveau Testament > Figuration des Evangélistes > Tétramorphe > Homme de saint Matthieu,
th-representation-4274,Le Tétramorphe,th-representation-4270,sujet biblique > personnage du Nouveau Testament > Figuration des Evangélistes > Tétramorphe > Le Tétramorphe,
th-representation-4275,Lion de saint Marc,th-representation-4270,sujet biblique > personnage du Nouveau Testament > Figuration des Evangélistes > Tétramorphe > Lion de saint Marc,
th-representation-4276,figuration du Christ,th-representation-4220,sujet biblique > personnage du Nouveau Testament > figuration du Christ,
th-representation-4277,représentation du Christ,th-representation-4276,sujet biblique > personnage du Nouveau Testament > figuration du Christ > représentation du Christ,
th-representation-4278,Bon Pasteur,th-representation-4277,sujet biblique > personnage du Nouveau Testament > figuration du Christ > représentation du Christ > Bon Pasteur,
th-representation-4280,Christ bénissant,th-representation-4277,sujet biblique > personnage du Nouveau Testament > figuration du Christ > représentation du Christ > Christ bénissant,
th-representation-4281,Christ Emmanuel,th-representation-4277,sujet biblique > personnage du Nouveau Testament > figuration du Christ > représentation du Christ > Christ Emmanuel,
th-representation-4282,Christ en croix,th-representation-4277,sujet biblique > personnage du Nouveau Testament > figuration du Christ > représentation du Christ > Christ en croix,"Christ sur la Croix, seul"
th-representation-4283,Christ glorieux,th-representation-4277,sujet biblique > personnage du Nouveau Testament > figuration du Christ > représentation du Christ > Christ glorieux,
th-representation-4284,Christ juge,th-representation-4277,sujet biblique > personnage du Nouveau Testament > figuration du Christ > représentation du Christ > Christ juge,
th-representation-4285,Christ mort,th-representation-4277,sujet biblique > personnage du Nouveau Testament > figuration du Christ > représentation du Christ > Christ mort,
th-representation-4286,Christ souffrant,th-representation-4277,sujet biblique > personnage du Nouveau Testament > figuration du Christ > représentation du Christ > Christ souffrant,"représentation du Christ attendant la mort, l'Ecce homo en tant que présentation et le Christ aux liens"
th-representation-4287,Christ aux liens,th-representation-4286,sujet biblique > personnage du Nouveau Testament > figuration du Christ > représentation du Christ > Christ souffrant > Christ aux liens,
th-representation-4288,Enfant Jésus,th-representation-4277,sujet biblique > personnage du Nouveau Testament > figuration du Christ > représentation du Christ > Enfant Jésus,
th-representation-4289,Les cinq plaies,th-representation-4277,sujet biblique > personnage du Nouveau Testament > figuration du Christ > représentation du Christ > Les cinq plaies,
th-representation-4290,Sacré-Coeur,th-representation-4277,sujet biblique > personnage du Nouveau Testament > figuration du Christ > représentation du Christ > Sacré-Coeur,
th-representation-4291,Sainte Face,th-representation-4277,sujet biblique > personnage du Nouveau Testament > figuration du Christ > représentation du Christ > Sainte Face,
th-representation-4292,Salvator Mundi,th-representation-4277,sujet biblique > personnage du Nouveau Testament > figuration du Christ > représentation du Christ > Salvator Mundi,
th-representation-4293,symbole christique,th-representation-4276,sujet biblique > personnage du Nouveau Testament > figuration du Christ > symbole christique,
th-representation-4294,Agneau mystique,th-representation-4293,sujet biblique > personnage du Nouveau Testament > figuration du Christ > symbole christique > Agneau mystique,
th-representation-4295,Chrisme,th-representation-4293,sujet biblique > personnage du Nouveau Testament > figuration du Christ > symbole christique > Chrisme,
th-representation-4296,IHS,th-representation-4293,sujet biblique > personnage du Nouveau Testament > figuration du Christ > symbole christique > IHS,
th-representation-4297,INRI,th-representation-4293,sujet biblique > personnage du Nouveau Testament > figuration du Christ > symbole christique > INRI,
th-representation-4298,vie du Christ,th-representation-4276,sujet biblique > personnage du Nouveau Testament > figuration du Christ > vie du Christ,
th-representation-4299,enfance du Christ,th-representation-4298,sujet biblique > personnage du Nouveau Testament > figuration du Christ > vie du Christ > enfance du Christ,
th-representation-4300,Adoration des bergers,th-representation-4299,sujet biblique > personnage du Nouveau Testament > figuration du Christ > vie du Christ > enfance du Christ > Adoration des bergers,
th-representation-4301,Adoration des Mages,th-representation-4299,sujet biblique > personnage du Nouveau Testament > figuration du Christ > vie du Christ > enfance du Christ > Adoration des Mages,
th-representation-4302,Annonce aux bergers,th-representation-4299,sujet biblique > personnage du Nouveau Testament > figuration du Christ > vie du Christ > enfance du Christ > Annonce aux bergers,
th-representation-4303,Circoncision,th-representation-4299,sujet biblique > personnage du Nouveau Testament > figuration du Christ > vie du Christ > enfance du Christ > Circoncision,
th-representation-4304,Fuite en Egypte,th-representation-4299,sujet biblique > personnage du Nouveau Testament > figuration du Christ > vie du Christ > enfance du Christ > Fuite en Egypte,
th-representation-4305,Jésus et les Docteurs,th-representation-4299,sujet biblique > personnage du Nouveau Testament > figuration du Christ > vie du Christ > enfance du Christ > Jésus et les Docteurs,
th-representation-4306,Massacre des Innocents,th-representation-4299,sujet biblique > personnage du Nouveau Testament > figuration du Christ > vie du Christ > enfance du Christ > Massacre des Innocents,
th-representation-4307,Nativité,th-representation-4299,sujet biblique > personnage du Nouveau Testament > figuration du Christ > vie du Christ > enfance du Christ > Nativité,
th-representation-4308,Présentation au Temple,th-representation-4299,sujet biblique > personnage du Nouveau Testament > figuration du Christ > vie du Christ > enfance du Christ > Présentation au Temple,
th-representation-4309,Retour d'Egypte,th-representation-4299,sujet biblique > personnage du Nouveau Testament > figuration du Christ > vie du Christ > enfance du Christ > Retour d'Egypte,
th-representation-4310,Sainte Famille,th-representation-4299,sujet biblique > personnage du Nouveau Testament > figuration du Christ > vie du Christ > enfance du Christ > Sainte Famille,"Jésus, la Vierge et saint Joseph"
th-representation-4311,Sainte Parenté,th-representation-4299,sujet biblique > personnage du Nouveau Testament > figuration du Christ > vie du Christ > enfance du Christ > Sainte Parenté,sainte Anne et sa descendance
th-representation-4312,généalogie du Christ,th-representation-4298,sujet biblique > personnage du Nouveau Testament > figuration du Christ > vie du Christ > généalogie du Christ,
th-representation-4313,Arbre de Jessé,th-representation-4312,sujet biblique > personnage du Nouveau Testament > figuration du Christ > vie du Christ > généalogie du Christ > Arbre de Jessé,noter les noms des personnages identifiés (sauf Jessé)
th-representation-4314,sainte Anne trinitaire,th-representation-4312,sujet biblique > personnage du Nouveau Testament > figuration du Christ > vie du Christ > généalogie du Christ > sainte Anne trinitaire,"sainte Anne, la Vierge et l'Enfant Jésus, en présentation"
th-representation-4315,Passion,th-representation-4298,sujet biblique > personnage du Nouveau Testament > figuration du Christ > vie du Christ > Passion,
th-representation-4316,Cène,th-representation-4315,sujet biblique > personnage du Nouveau Testament > figuration du Christ > vie du Christ > Passion > Cène,
th-representation-4317,Descente de Croix,th-representation-4315,sujet biblique > personnage du Nouveau Testament > figuration du Christ > vie du Christ > Passion > Descente de Croix,
th-representation-4318,Déploration,th-representation-4317,sujet biblique > personnage du Nouveau Testament > figuration du Christ > vie du Christ > Passion > Descente de Croix > Déploration,
th-representation-4319,Entrée à Jérusalem,th-representation-4315,sujet biblique > personnage du Nouveau Testament > figuration du Christ > vie du Christ > Passion > Entrée à Jérusalem,
th-representation-4320,Expulsion des marchands du Temple,th-representation-4315,sujet biblique > personnage du Nouveau Testament > figuration du Christ > vie du Christ > Passion > Expulsion des marchands du Temple,
th-representation-4321,Instrument de la Passion,th-representation-4315,sujet biblique > personnage du Nouveau Testament > figuration du Christ > vie du Christ > Passion > Instrument de la Passion,
th-representation-4322,La Croix,th-representation-4321,sujet biblique > personnage du Nouveau Testament > figuration du Christ > vie du Christ > Passion > Instrument de la Passion > La Croix,
th-representation-4323,Les instruments de la Passion,th-representation-4321,sujet biblique > personnage du Nouveau Testament > figuration du Christ > vie du Christ > Passion > Instrument de la Passion > Les instruments de la Passion,
th-representation-4324,Couronne d'épines,th-representation-4323,sujet biblique > personnage du Nouveau Testament > figuration du Christ > vie du Christ > Passion > Instrument de la Passion > Les instruments de la Passion > Couronne d'épines,
th-representation-4325,Saints Clous,th-representation-4321,sujet biblique > personnage du Nouveau Testament > figuration du Christ > vie du Christ > Passion > Instrument de la Passion > Saints Clous,
th-representation-4326,Jardin des oliviers,th-representation-4315,sujet biblique > personnage du Nouveau Testament > figuration du Christ > vie du Christ > Passion > Jardin des oliviers,
th-representation-4327,Agonie du Christ,th-representation-4326,sujet biblique > personnage du Nouveau Testament > figuration du Christ > vie du Christ > Passion > Jardin des oliviers > Agonie du Christ,
th-representation-4328,Arrestation du Christ,th-representation-4326,sujet biblique > personnage du Nouveau Testament > figuration du Christ > vie du Christ > Passion > Jardin des oliviers > Arrestation du Christ,
th-representation-4329,Baiser de Judas,th-representation-4328,sujet biblique > personnage du Nouveau Testament > figuration du Christ > vie du Christ > Passion > Jardin des oliviers > Arrestation du Christ > Baiser de Judas,
th-representation-4330,Lavement des pieds,th-representation-4315,sujet biblique > personnage du Nouveau Testament > figuration du Christ > vie du Christ > Passion > Lavement des pieds,
th-representation-4331,Le Crucifiement,th-representation-4315,sujet biblique > personnage du Nouveau Testament > figuration du Christ > vie du Christ > Passion > Le Crucifiement,
th-representation-4332,Calvaire,th-representation-4331,sujet biblique > personnage du Nouveau Testament > figuration du Christ > vie du Christ > Passion > Le Crucifiement > Calvaire,"Christ en croix entre Marie et Jean, en présentation. Noter les noms des autres personnages qui sont éventuellement associés à cette présentation."
th-representation-4333,Crucifixion,th-representation-4331,sujet biblique > personnage du Nouveau Testament > figuration du Christ > vie du Christ > Passion > Le Crucifiement > Crucifixion,
th-representation-4334,Elévation de la Croix,th-representation-4331,sujet biblique > personnage du Nouveau Testament > figuration du Christ > vie du Christ > Passion > Le Crucifiement > Elévation de la Croix,
th-representation-4335,Jésus cloué sur la Croix,th-representation-4331,sujet biblique > personnage du Nouveau Testament > figuration du Christ > vie du Christ > Passion > Le Crucifiement > Jésus cloué sur la Croix,
th-representation-4336,Jésus dépouillé de ses vêtements,th-representation-4331,sujet biblique > personnage du Nouveau Testament > figuration du Christ > vie du Christ > Passion > Le Crucifiement > Jésus dépouillé de ses vêtements,
th-representation-4337,Le coup de lance,th-representation-4331,sujet biblique > personnage du Nouveau Testament > figuration du Christ > vie du Christ > Passion > Le Crucifiement > Le coup de lance,
th-representation-4338,Mort du Christ,th-representation-4331,sujet biblique > personnage du Nouveau Testament > figuration du Christ > vie du Christ > Passion > Le Crucifiement > Mort du Christ,
th-representation-4339,Présentation du vinaigre,th-representation-4331,sujet biblique > personnage du Nouveau Testament > figuration du Christ > vie du Christ > Passion > Le Crucifiement > Présentation du vinaigre,
th-representation-4340,Tirage au sort des vêtements,th-representation-4331,sujet biblique > personnage du Nouveau Testament > figuration du Christ > vie du Christ > Passion > Le Crucifiement > Tirage au sort des vêtements,
th-representation-4341,Mise au tombeau,th-representation-4315,sujet biblique > personnage du Nouveau Testament > figuration du Christ > vie du Christ > Passion > Mise au tombeau,
th-representation-4342,Montée au Calvaire,th-representation-4315,sujet biblique > personnage du Nouveau Testament > figuration du Christ > vie du Christ > Passion > Montée au Calvaire,
th-representation-4343,Procès du Christ,th-representation-4315,sujet biblique > personnage du Nouveau Testament > figuration du Christ > vie du Christ > Passion > Procès du Christ,
th-representation-4344,Couronnement d'épines,th-representation-4343,sujet biblique > personnage du Nouveau Testament > figuration du Christ > vie du Christ > Passion > Procès du Christ > Couronnement d'épines,
th-representation-4345,Dérision du Christ,th-representation-4343,sujet biblique > personnage du Nouveau Testament > figuration du Christ > vie du Christ > Passion > Procès du Christ > Dérision du Christ,
th-representation-4346,Flagellation du Christ,th-representation-4343,sujet biblique > personnage du Nouveau Testament > figuration du Christ > vie du Christ > Passion > Procès du Christ > Flagellation du Christ,
th-representation-4347,Jésus devant Anne,th-representation-4343,sujet biblique > personnage du Nouveau Testament > figuration du Christ > vie du Christ > Passion > Procès du Christ > Jésus devant Anne,
th-representation-4348,Jésus devant Caïphe,th-representation-4343,sujet biblique > personnage du Nouveau Testament > figuration du Christ > vie du Christ > Passion > Procès du Christ > Jésus devant Caïphe,
th-representation-4349,Jésus devant Hérode,th-representation-4343,sujet biblique > personnage du Nouveau Testament > figuration du Christ > vie du Christ > Passion > Procès du Christ > Jésus devant Hérode,
th-representation-4350,Jésus devant Pilate,th-representation-4343,sujet biblique > personnage du Nouveau Testament > figuration du Christ > vie du Christ > Passion > Procès du Christ > Jésus devant Pilate,
th-representation-4351,Jésus présenté au peuple,th-representation-4343,sujet biblique > personnage du Nouveau Testament > figuration du Christ > vie du Christ > Passion > Procès du Christ > Jésus présenté au peuple,
th-representation-4352,Ecce Homo,th-representation-4351,sujet biblique > personnage du Nouveau Testament > figuration du Christ > vie du Christ > Passion > Procès du Christ > Jésus présenté au peuple > Ecce Homo,
th-representation-4353,Pilate se lave les mains,th-representation-4343,sujet biblique > personnage du Nouveau Testament > figuration du Christ > vie du Christ > Passion > Procès du Christ > Pilate se lave les mains,
th-representation-4354,Reniement de saint Pierre,th-representation-4315,sujet biblique > personnage du Nouveau Testament > figuration du Christ > vie du Christ > Passion > Reniement de saint Pierre,
th-representation-4355,Vie du Christ ressuscité,th-representation-4298,sujet biblique > personnage du Nouveau Testament > figuration du Christ > vie du Christ > Vie du Christ ressuscité,
th-representation-4356,Apparition du Christ,th-representation-4355,sujet biblique > personnage du Nouveau Testament > figuration du Christ > vie du Christ > Vie du Christ ressuscité > Apparition du Christ,
th-representation-4357,Apparition aux apôtres,th-representation-4356,sujet biblique > personnage du Nouveau Testament > figuration du Christ > vie du Christ > Vie du Christ ressuscité > Apparition du Christ > Apparition aux apôtres,
th-representation-4358,Apparition aux trois Marie,th-representation-4356,sujet biblique > personnage du Nouveau Testament > figuration du Christ > vie du Christ > Vie du Christ ressuscité > Apparition du Christ > Apparition aux trois Marie,
th-representation-4359,Apparition à Madeleine,th-representation-4356,sujet biblique > personnage du Nouveau Testament > figuration du Christ > vie du Christ > Vie du Christ ressuscité > Apparition du Christ > Apparition à Madeleine,
th-representation-4360,Apparition à Marie,th-representation-4356,sujet biblique > personnage du Nouveau Testament > figuration du Christ > vie du Christ > Vie du Christ ressuscité > Apparition du Christ > Apparition à Marie,
th-representation-4361,Apparition à Thomas,th-representation-4356,sujet biblique > personnage du Nouveau Testament > figuration du Christ > vie du Christ > Vie du Christ ressuscité > Apparition du Christ > Apparition à Thomas,
th-representation-4362,Pèlerins d'Emmaüs,th-representation-4356,sujet biblique > personnage du Nouveau Testament > figuration du Christ > vie du Christ > Vie du Christ ressuscité > Apparition du Christ > Pèlerins d'Emmaüs,
th-representation-4363,Ascension,th-representation-4355,sujet biblique > personnage du Nouveau Testament > figuration du Christ > vie du Christ > Vie du Christ ressuscité > Ascension,
th-representation-4364,Descente aux Limbes,th-representation-4355,sujet biblique > personnage du Nouveau Testament > figuration du Christ > vie du Christ > Vie du Christ ressuscité > Descente aux Limbes,
th-representation-4365,La Résurrection,th-representation-4355,sujet biblique > personnage du Nouveau Testament > figuration du Christ > vie du Christ > Vie du Christ ressuscité > La Résurrection,
th-representation-4366,Course de Pierre et de Jean,th-representation-4365,sujet biblique > personnage du Nouveau Testament > figuration du Christ > vie du Christ > Vie du Christ ressuscité > La Résurrection > Course de Pierre et de Jean,
th-representation-4367,Le tombeau vide,th-representation-4365,sujet biblique > personnage du Nouveau Testament > figuration du Christ > vie du Christ > Vie du Christ ressuscité > La Résurrection > Le tombeau vide,
th-representation-4368,Les Saintes Femmes au tombeau,th-representation-4365,sujet biblique > personnage du Nouveau Testament > figuration du Christ > vie du Christ > Vie du Christ ressuscité > La Résurrection > Les Saintes Femmes au tombeau,
th-representation-4369,Résurrection du Christ,th-representation-4365,sujet biblique > personnage du Nouveau Testament > figuration du Christ > vie du Christ > Vie du Christ ressuscité > La Résurrection > Résurrection du Christ,
th-representation-4370,vie publique du Christ,th-representation-4298,sujet biblique > personnage du Nouveau Testament > figuration du Christ > vie du Christ > vie publique du Christ,
th-representation-4371,Baptême du Christ,th-representation-4370,sujet biblique > personnage du Nouveau Testament > figuration du Christ > vie du Christ > vie publique du Christ > Baptême du Christ,
th-representation-4372,Enseignement du Christ,th-representation-4370,sujet biblique > personnage du Nouveau Testament > figuration du Christ > vie du Christ > vie publique du Christ > Enseignement du Christ,
th-representation-4373,Christ enseignant,th-representation-4372,sujet biblique > personnage du Nouveau Testament > figuration du Christ > vie du Christ > vie publique du Christ > Enseignement du Christ > Christ enseignant,"ne pas utiliser ce descripteur pour les représentations du Christ en présentation (Christ en majesté par exemple), qui fait le geste de l'enseignement, mais pour les scènes d'enseignement tirées de la vie du Christ ! spectateurs, guerriers ou divers saints du Nouveau Testament"
th-representation-4374,Le denier de César,th-representation-4373,sujet biblique > personnage du Nouveau Testament > figuration du Christ > vie du Christ > vie publique du Christ > Enseignement du Christ > Christ enseignant > Le denier de César,
th-representation-4375,Le figuier stérile,th-representation-4373,sujet biblique > personnage du Nouveau Testament > figuration du Christ > vie du Christ > vie publique du Christ > Enseignement du Christ > Christ enseignant > Le figuier stérile,
th-representation-4376,Le sermon sur la montagne,th-representation-4373,sujet biblique > personnage du Nouveau Testament > figuration du Christ > vie du Christ > vie publique du Christ > Enseignement du Christ > Christ enseignant > Le sermon sur la montagne,
th-representation-4377,Le tribut du Temple,th-representation-4373,sujet biblique > personnage du Nouveau Testament > figuration du Christ > vie du Christ > vie publique du Christ > Enseignement du Christ > Christ enseignant > Le tribut du Temple,
th-representation-4378,Les épis arrachés le jour du Sabbat,th-representation-4373,sujet biblique > personnage du Nouveau Testament > figuration du Christ > vie du Christ > vie publique du Christ > Enseignement du Christ > Christ enseignant > Les épis arrachés le jour du Sabbat,
th-representation-4379,Parabole,th-representation-4372,sujet biblique > personnage du Nouveau Testament > figuration du Christ > vie du Christ > vie publique du Christ > Enseignement du Christ > Parabole,
th-representation-4380,L'invité indigne,th-representation-4379,sujet biblique > personnage du Nouveau Testament > figuration du Christ > vie du Christ > vie publique du Christ > Enseignement du Christ > Parabole > L'invité indigne,
th-representation-4381,L'obole de la veuve,th-representation-4379,sujet biblique > personnage du Nouveau Testament > figuration du Christ > vie du Christ > vie publique du Christ > Enseignement du Christ > Parabole > L'obole de la veuve,
th-representation-4382,La brebis égarée,th-representation-4379,sujet biblique > personnage du Nouveau Testament > figuration du Christ > vie du Christ > vie publique du Christ > Enseignement du Christ > Parabole > La brebis égarée,
th-representation-4383,La drachme perdue,th-representation-4379,sujet biblique > personnage du Nouveau Testament > figuration du Christ > vie du Christ > vie publique du Christ > Enseignement du Christ > Parabole > La drachme perdue,
th-representation-4384,La paille et la poutre,th-representation-4379,sujet biblique > personnage du Nouveau Testament > figuration du Christ > vie du Christ > vie publique du Christ > Enseignement du Christ > Parabole > La paille et la poutre,
th-representation-4385,Le bon grain et l'ivraie,th-representation-4379,sujet biblique > personnage du Nouveau Testament > figuration du Christ > vie du Christ > vie publique du Christ > Enseignement du Christ > Parabole > Le bon grain et l'ivraie,
th-representation-4386,Le bon Samaritain,th-representation-4379,sujet biblique > personnage du Nouveau Testament > figuration du Christ > vie du Christ > vie publique du Christ > Enseignement du Christ > Parabole > Le bon Samaritain,
th-representation-4387,Le cep et les sarments,th-representation-4379,sujet biblique > personnage du Nouveau Testament > figuration du Christ > vie du Christ > vie publique du Christ > Enseignement du Christ > Parabole > Le cep et les sarments,
th-representation-4388,Le créancier impitoyable,th-representation-4379,sujet biblique > personnage du Nouveau Testament > figuration du Christ > vie du Christ > vie publique du Christ > Enseignement du Christ > Parabole > Le créancier impitoyable,
th-representation-4389,Le fils prodigue,th-representation-4379,sujet biblique > personnage du Nouveau Testament > figuration du Christ > vie du Christ > vie publique du Christ > Enseignement du Christ > Parabole > Le fils prodigue,
th-representation-4390,Le grain de sénevé,th-representation-4379,sujet biblique > personnage du Nouveau Testament > figuration du Christ > vie du Christ > vie publique du Christ > Enseignement du Christ > Parabole > Le grain de sénevé,
th-representation-4391,Le mauvais riche,th-representation-4379,sujet biblique > personnage du Nouveau Testament > figuration du Christ > vie du Christ > vie publique du Christ > Enseignement du Christ > Parabole > Le mauvais riche,
th-representation-4392,Les ouvriers de la dernière heure,th-representation-4379,sujet biblique > personnage du Nouveau Testament > figuration du Christ > vie du Christ > vie publique du Christ > Enseignement du Christ > Parabole > Les ouvriers de la dernière heure,
th-representation-4393,Les vierges sages et les vierges folles,th-representation-4379,sujet biblique > personnage du Nouveau Testament > figuration du Christ > vie du Christ > vie publique du Christ > Enseignement du Christ > Parabole > Les vierges sages et les vierges folles,
th-representation-4394,Les vignerons homicides,th-representation-4379,sujet biblique > personnage du Nouveau Testament > figuration du Christ > vie du Christ > vie publique du Christ > Enseignement du Christ > Parabole > Les vignerons homicides,
th-representation-4395,Parabole des aveugles,th-representation-4379,sujet biblique > personnage du Nouveau Testament > figuration du Christ > vie du Christ > vie publique du Christ > Enseignement du Christ > Parabole > Parabole des aveugles,
th-representation-4396,Parabole des talents,th-representation-4379,sujet biblique > personnage du Nouveau Testament > figuration du Christ > vie du Christ > vie publique du Christ > Enseignement du Christ > Parabole > Parabole des talents,
th-representation-4397,Parabole du filet,th-representation-4379,sujet biblique > personnage du Nouveau Testament > figuration du Christ > vie du Christ > vie publique du Christ > Enseignement du Christ > Parabole > Parabole du filet,
th-representation-4398,Jésus bénissant les enfants,th-representation-4370,sujet biblique > personnage du Nouveau Testament > figuration du Christ > vie du Christ > vie publique du Christ > Jésus bénissant les enfants,
th-representation-4399,Jésus chez Marthe et Marie,th-representation-4370,sujet biblique > personnage du Nouveau Testament > figuration du Christ > vie du Christ > vie publique du Christ > Jésus chez Marthe et Marie,
th-representation-4400,La femme adultère,th-representation-4370,sujet biblique > personnage du Nouveau Testament > figuration du Christ > vie du Christ > vie publique du Christ > La femme adultère,
th-representation-4401,La Samaritaine au puits,th-representation-4370,sujet biblique > personnage du Nouveau Testament > figuration du Christ > vie du Christ > vie publique du Christ > La Samaritaine au puits,
th-representation-4402,Miracle du Christ,th-representation-4370,sujet biblique > personnage du Nouveau Testament > figuration du Christ > vie du Christ > vie publique du Christ > Miracle du Christ,
th-representation-4403,Jésus guérissant,th-representation-4402,sujet biblique > personnage du Nouveau Testament > figuration du Christ > vie du Christ > vie publique du Christ > Miracle du Christ > Jésus guérissant,
th-representation-4404,Jésus marchant sur les eaux,th-representation-4402,sujet biblique > personnage du Nouveau Testament > figuration du Christ > vie du Christ > vie publique du Christ > Miracle du Christ > Jésus marchant sur les eaux,
th-representation-4405,Jésus ressuscitant,th-representation-4402,sujet biblique > personnage du Nouveau Testament > figuration du Christ > vie du Christ > vie publique du Christ > Miracle du Christ > Jésus ressuscitant,
th-representation-4406,Résurrection de la fille de Jaïre,th-representation-4405,sujet biblique > personnage du Nouveau Testament > figuration du Christ > vie du Christ > vie publique du Christ > Miracle du Christ > Jésus ressuscitant > Résurrection de la fille de Jaïre,
th-representation-4407,Résurrection de Lazare,th-representation-4405,sujet biblique > personnage du Nouveau Testament > figuration du Christ > vie du Christ > vie publique du Christ > Miracle du Christ > Jésus ressuscitant > Résurrection de Lazare,
th-representation-4408,Résurrection du fils de la veuve,th-representation-4405,sujet biblique > personnage du Nouveau Testament > figuration du Christ > vie du Christ > vie publique du Christ > Miracle du Christ > Jésus ressuscitant > Résurrection du fils de la veuve,
th-representation-4409,Multiplication des pains,th-representation-4402,sujet biblique > personnage du Nouveau Testament > figuration du Christ > vie du Christ > vie publique du Christ > Miracle du Christ > Multiplication des pains,
th-representation-4410,Noces de Cana,th-representation-4402,sujet biblique > personnage du Nouveau Testament > figuration du Christ > vie du Christ > vie publique du Christ > Miracle du Christ > Noces de Cana,
th-representation-4411,Pêche miraculeuse,th-representation-4402,sujet biblique > personnage du Nouveau Testament > figuration du Christ > vie du Christ > vie publique du Christ > Miracle du Christ > Pêche miraculeuse,
th-representation-4412,Tempête apaisée,th-representation-4402,sujet biblique > personnage du Nouveau Testament > figuration du Christ > vie du Christ > vie publique du Christ > Miracle du Christ > Tempête apaisée,
th-representation-4413,Repas chez Simon,th-representation-4370,sujet biblique > personnage du Nouveau Testament > figuration du Christ > vie du Christ > vie publique du Christ > Repas chez Simon,
th-representation-4414,Tentation du Christ,th-representation-4370,sujet biblique > personnage du Nouveau Testament > figuration du Christ > vie du Christ > vie publique du Christ > Tentation du Christ,
th-representation-4415,Transfiguration,th-representation-4370,sujet biblique > personnage du Nouveau Testament > figuration du Christ > vie du Christ > vie publique du Christ > Transfiguration,
th-representation-4416,Vocation des apôtres,th-representation-4370,sujet biblique > personnage du Nouveau Testament > figuration du Christ > vie du Christ > vie publique du Christ > Vocation des apôtres,
th-representation-4417,homme du Nouveau Testament,th-representation-4220,sujet biblique > personnage du Nouveau Testament > homme du Nouveau Testament,
th-representation-4427,Les larrons,th-representation-4417,sujet biblique > personnage du Nouveau Testament > homme du Nouveau Testament > Les larrons,
th-representation-4428,Le bon larron,th-representation-4427,sujet biblique > personnage du Nouveau Testament > homme du Nouveau Testament > Les larrons > Le bon larron,
th-representation-4429,Le mauvais larron,th-representation-4427,sujet biblique > personnage du Nouveau Testament > homme du Nouveau Testament > Les larrons > Le mauvais larron,
th-representation-4430,Mage,th-representation-4417,sujet biblique > personnage du Nouveau Testament > homme du Nouveau Testament > Mage,
th-representation-4433,Les Mages,th-representation-4430,sujet biblique > personnage du Nouveau Testament > homme du Nouveau Testament > Mage > Les Mages,utiliser ce descripteur pour toutes les scènes du cycle des Mages à l'exception de l'Adoration des Mages
th-representation-4436,Pharisien,th-representation-4417,sujet biblique > personnage du Nouveau Testament > homme du Nouveau Testament > Pharisien,
th-representation-4439,Publicain,th-representation-4417,sujet biblique > personnage du Nouveau Testament > homme du Nouveau Testament > Publicain,
th-representation-4444,saint du Nouveau Testament,th-representation-4220,sujet biblique > personnage du Nouveau Testament > saint du Nouveau Testament,
th-representation-4460,sainte du Nouveau Testament,th-representation-4220,sujet biblique > personnage du Nouveau Testament > sainte du Nouveau Testament,
th-representation-4461,Les trois Marie,th-representation-4460,sujet biblique > personnage du Nouveau Testament > sainte du Nouveau Testament > Les trois Marie,
th-representation-4473,sujet eschatologique,th-representation-3989,sujet biblique > sujet eschatologique,
th-representation-4474,Damné,th-representation-4473,sujet biblique > sujet eschatologique > Damné,
th-representation-4475,Danse macabre,th-representation-4473,sujet biblique > sujet eschatologique > Danse macabre,
th-representation-4476,Elu,th-representation-4473,sujet biblique > sujet eschatologique > Elu,
th-representation-4477,Enfer,th-representation-4473,sujet biblique > sujet eschatologique > Enfer,
th-representation-4478,Fin du monde,th-representation-4473,sujet biblique > sujet eschatologique > Fin du monde,
th-representation-4479,Jugement dernier,th-representation-4473,sujet biblique > sujet eschatologique > Jugement dernier,
th-representation-4480,Pèsement des âmes,th-representation-4479,sujet biblique > sujet eschatologique > Jugement dernier > Pèsement des âmes,
th-representation-4481,Les trois morts et les trois vifs,th-representation-4473,sujet biblique > sujet eschatologique > Les trois morts et les trois vifs,
th-representation-4482,Limbes,th-representation-4473,sujet biblique > sujet eschatologique > Limbes,
th-representation-4483,Paradis,th-representation-4473,sujet biblique > sujet eschatologique > Paradis,
th-representation-4484,Jérusalem céleste,th-representation-4483,sujet biblique > sujet eschatologique > Paradis > Jérusalem céleste,
th-representation-4485,Purgatoire,th-representation-4473,sujet biblique > sujet eschatologique > Purgatoire,
th-representation-4486,Résurrection des morts,th-representation-4473,sujet biblique > sujet eschatologique > Résurrection des morts,
th-representation-4487,Vieillards de l'Apocalypse,th-representation-4473,sujet biblique > sujet eschatologique > Vieillards de l'Apocalypse,
th-representation-4488,sujet géographique,,sujet géographique,
th-representation-9987,orientation géographique,th-representation-4488,sujet géographique > orientation géographique,
th-representation-9988,Point Cardinal,th-representation-9987,sujet géographique > orientation géographique > Point Cardinal,
th-representation-9989,Les Points Cardinaux,th-representation-9988,sujet géographique > orientation géographique > Point Cardinal > Les Points Cardinaux,
th-representation-9990,Est,th-representation-9989,sujet géographique > orientation géographique > Point Cardinal > Les Points Cardinaux > Est,
th-representation-9991,Nord,th-representation-9989,sujet géographique > orientation géographique > Point Cardinal > Les Points Cardinaux > Nord,
th-representation-9992,Orient,th-representation-9989,sujet géographique > orientation géographique > Point Cardinal > Les Points Cardinaux > Orient,
th-representation-9993,Ouest,th-representation-9989,sujet géographique > orientation géographique > Point Cardinal > Les Points Cardinaux > Ouest,
th-representation-9994,Sud,th-representation-9989,sujet géographique > orientation géographique > Point Cardinal > Les Points Cardinaux > Sud,
th-representation-9995,sujet mythologique,,sujet mythologique,
th-representation-9996,mythologie assyrienne,th-representation-9995,sujet mythologique > mythologie assyrienne,
th-representation-9997,homme de la mythologie assyrienne,th-representation-9996,sujet mythologique > mythologie assyrienne > homme de la mythologie assyrienne,
th-representation-9999,mythologie aztèque,th-representation-9995,sujet mythologique > mythologie aztèque,
th-representation-10000,divinité aztèque,th-representation-9999,sujet mythologique > mythologie aztèque > divinité aztèque,
th-representation-10001,déesse aztèque,th-representation-10000,sujet mythologique > mythologie aztèque > divinité aztèque > déesse aztèque,
th-representation-10003,mythologie babylonienne,th-representation-9995,sujet mythologique > mythologie babylonienne,
th-representation-10004,divinité babylonienne,th-representation-10003,sujet mythologique > mythologie babylonienne > divinité babylonienne,
th-representation-10005,déesse babylonienne,th-representation-10004,sujet mythologique > mythologie babylonienne > divinité babylonienne > déesse babylonienne,
th-representation-10007,femme de la mythologie babylonienne,th-representation-10003,sujet mythologique > mythologie babylonienne > femme de la mythologie babylonienne,
th-representation-10009,mythologie carthaginoise,th-representation-9995,sujet mythologique > mythologie carthaginoise,
th-representation-10010,divinité carthaginoise,th-representation-10009,sujet mythologique > mythologie carthaginoise > divinité carthaginoise,
th-representation-10011,dieu carthaginois,th-representation-10010,sujet mythologique > mythologie carthaginoise > divinité carthaginoise > dieu carthaginois,
th-representation-10013,déesse carthaginoise,th-representation-10010,sujet mythologique > mythologie carthaginoise > divinité carthaginoise > déesse carthaginoise,
th-representation-10015,objet de la mythologie carthaginoise,th-representation-10009,sujet mythologique > mythologie carthaginoise > objet de la mythologie carthaginoise,
th-representation-10016,Zaïmph,th-representation-10015,sujet mythologique > mythologie carthaginoise > objet de la mythologie carthaginoise > Zaïmph,
th-representation-10017,mythologie celte,th-representation-9995,sujet mythologique > mythologie celte,
th-representation-10018,divinité celtique,th-representation-10017,sujet mythologique > mythologie celte > divinité celtique,
th-representation-10019,dieu celtique,th-representation-10018,sujet mythologique > mythologie celte > divinité celtique > dieu celtique,
th-representation-10025,déesse celtique,th-representation-10018,sujet mythologique > mythologie celte > divinité celtique > déesse celtique,
th-representation-10029,mythologie chinoise,th-representation-9995,sujet mythologique > mythologie chinoise,
th-representation-10030,divinité chinoise,th-representation-10029,sujet mythologique > mythologie chinoise > divinité chinoise,
th-representation-10031,dieu Chinois,th-representation-10030,sujet mythologique > mythologie chinoise > divinité chinoise > dieu Chinois,
th-representation-10036,déesse chinoise,th-representation-10030,sujet mythologique > mythologie chinoise > divinité chinoise > déesse chinoise,
th-representation-10039,femme de la mythologie chinoise,th-representation-10029,sujet mythologique > mythologie chinoise > femme de la mythologie chinoise,
th-representation-10041,homme de la mythologie chinoise,th-representation-10029,sujet mythologique > mythologie chinoise > homme de la mythologie chinoise,
th-representation-10043,hybride ou animal de la mythologie chinoise,th-representation-10029,sujet mythologique > mythologie chinoise > hybride ou animal de la mythologie chinoise,
th-representation-10044,lion de Fô,th-representation-10043,sujet mythologique > mythologie chinoise > hybride ou animal de la mythologie chinoise > lion de Fô,
th-representation-10045,masque Taotie,th-representation-10043,sujet mythologique > mythologie chinoise > hybride ou animal de la mythologie chinoise > masque Taotie,
th-representation-10046,qilin,th-representation-10043,sujet mythologique > mythologie chinoise > hybride ou animal de la mythologie chinoise > qilin,
th-representation-10047,objet de la mythologie chinoise,th-representation-10029,sujet mythologique > mythologie chinoise > objet de la mythologie chinoise,
th-representation-10048,Huit objets précieux,th-representation-10047,sujet mythologique > mythologie chinoise > objet de la mythologie chinoise > Huit objets précieux,
th-representation-10049,corne de rhinocéros Xijiao,th-representation-10048,sujet mythologique > mythologie chinoise > objet de la mythologie chinoise > Huit objets précieux > corne de rhinocéros Xijiao,
th-representation-10050,deux livres Shu,th-representation-10048,sujet mythologique > mythologie chinoise > objet de la mythologie chinoise > Huit objets précieux > deux livres Shu,
th-representation-10051,feuille de génépi Aiye,th-representation-10048,sujet mythologique > mythologie chinoise > objet de la mythologie chinoise > Huit objets précieux > feuille de génépi Aiye,
th-representation-10052,losange Fangsheng,th-representation-10048,sujet mythologique > mythologie chinoise > objet de la mythologie chinoise > Huit objets précieux > losange Fangsheng,
th-representation-10053,miroir Jing,th-representation-10048,sujet mythologique > mythologie chinoise > objet de la mythologie chinoise > Huit objets précieux > miroir Jing,
th-representation-10054,perle Zhu,th-representation-10048,sujet mythologique > mythologie chinoise > objet de la mythologie chinoise > Huit objets précieux > perle Zhu,
th-representation-10055,pierre sonore Qing,th-representation-10048,sujet mythologique > mythologie chinoise > objet de la mythologie chinoise > Huit objets précieux > pierre sonore Qing,
th-representation-10056,sapèque Zhu,th-representation-10048,sujet mythologique > mythologie chinoise > objet de la mythologie chinoise > Huit objets précieux > sapèque Zhu,
th-representation-10057,mythologie germanique,th-representation-9995,sujet mythologique > mythologie germanique,
th-representation-10058,divinité germanique,th-representation-10057,sujet mythologique > mythologie germanique > divinité germanique,
th-representation-10059,autre divinité germanique,th-representation-10058,sujet mythologique > mythologie germanique > divinité germanique > autre divinité germanique,
th-representation-10062,mythologie gréco-romaine,th-representation-9995,sujet mythologique > mythologie gréco-romaine,
th-representation-10063,divinité gréco-romaine,th-representation-10062,sujet mythologique > mythologie gréco-romaine > divinité gréco-romaine,
th-representation-10064,autre divinité gréco-romaine,th-representation-10063,sujet mythologique > mythologie gréco-romaine > divinité gréco-romaine > autre divinité gréco-romaine,
th-representation-10156,dieu gréco-romain,th-representation-10063,sujet mythologique > mythologie gréco-romaine > divinité gréco-romaine > dieu gréco-romain,
th-representation-10197,déesse gréco-romaine,th-representation-10063,sujet mythologique > mythologie gréco-romaine > divinité gréco-romaine > déesse gréco-romaine,
th-representation-10234,femme de la mythologie gréco-romaine,th-representation-10062,sujet mythologique > mythologie gréco-romaine > femme de la mythologie gréco-romaine,
th-representation-10342,homme de la mythologie gréco-romaine,th-representation-10062,sujet mythologique > mythologie gréco-romaine > homme de la mythologie gréco-romaine,
th-representation-10432,géant myth,th-representation-10342,sujet mythologique > mythologie gréco-romaine > homme de la mythologie gréco-romaine > géant myth,
th-representation-10555,hybride ou animal de la mythologie gréco-romaine,th-representation-10062,sujet mythologique > mythologie gréco-romaine > hybride ou animal de la mythologie gréco-romaine,
th-representation-10558,centaure myth,th-representation-10555,sujet mythologique > mythologie gréco-romaine > hybride ou animal de la mythologie gréco-romaine > centaure myth,
th-representation-10560,centauresse,th-representation-10558,sujet mythologique > mythologie gréco-romaine > hybride ou animal de la mythologie gréco-romaine > centaure myth > centauresse,
th-representation-10566,cheval marin,th-representation-10555,sujet mythologique > mythologie gréco-romaine > hybride ou animal de la mythologie gréco-romaine > cheval marin,
th-representation-10567,chimère myth,th-representation-10555,sujet mythologique > mythologie gréco-romaine > hybride ou animal de la mythologie gréco-romaine > chimère myth,
th-representation-10572,griffon myth,th-representation-10555,sujet mythologique > mythologie gréco-romaine > hybride ou animal de la mythologie gréco-romaine > griffon myth,
th-representation-10582,satyre,th-representation-10555,sujet mythologique > mythologie gréco-romaine > hybride ou animal de la mythologie gréco-romaine > satyre,
th-representation-10585,satyresse,th-representation-10555,sujet mythologique > mythologie gréco-romaine > hybride ou animal de la mythologie gréco-romaine > satyresse,
th-representation-10586,sirène myth,th-representation-10555,sujet mythologique > mythologie gréco-romaine > hybride ou animal de la mythologie gréco-romaine > sirène myth,
th-representation-10588,sphinge,th-representation-10555,sujet mythologique > mythologie gréco-romaine > hybride ou animal de la mythologie gréco-romaine > sphinge,
th-representation-10589,sphinx,th-representation-10555,sujet mythologique > mythologie gréco-romaine > hybride ou animal de la mythologie gréco-romaine > sphinx,
th-representation-10592,lieu de la mythologie gréco-romaine,th-representation-10062,sujet mythologique > mythologie gréco-romaine > lieu de la mythologie gréco-romaine,
th-representation-10603,objet de la mythologie gréco-romaine,th-representation-10062,sujet mythologique > mythologie gréco-romaine > objet de la mythologie gréco-romaine,
th-representation-10604,caducée,th-representation-10603,sujet mythologique > mythologie gréco-romaine > objet de la mythologie gréco-romaine > caducée,
th-representation-10605,char myth,th-representation-10603,sujet mythologique > mythologie gréco-romaine > objet de la mythologie gréco-romaine > char myth,
th-representation-10606,ciste,th-representation-10603,sujet mythologique > mythologie gréco-romaine > objet de la mythologie gréco-romaine > ciste,
th-representation-10607,corne d'abondance,th-representation-10603,sujet mythologique > mythologie gréco-romaine > objet de la mythologie gréco-romaine > corne d'abondance,
th-representation-10608,gorgonéion,th-representation-10603,sujet mythologique > mythologie gréco-romaine > objet de la mythologie gréco-romaine > gorgonéion,
th-representation-10609,léonté,th-representation-10603,sujet mythologique > mythologie gréco-romaine > objet de la mythologie gréco-romaine > léonté,
th-representation-10610,noeud gordien,th-representation-10603,sujet mythologique > mythologie gréco-romaine > objet de la mythologie gréco-romaine > noeud gordien,
th-representation-10611,nébride,th-representation-10603,sujet mythologique > mythologie gréco-romaine > objet de la mythologie gréco-romaine > nébride,
th-representation-10612,pedum,th-representation-10603,sujet mythologique > mythologie gréco-romaine > objet de la mythologie gréco-romaine > pedum,
th-representation-10613,pomme d'or,th-representation-10603,sujet mythologique > mythologie gréco-romaine > objet de la mythologie gréco-romaine > pomme d'or,
th-representation-10614,pétase,th-representation-10603,sujet mythologique > mythologie gréco-romaine > objet de la mythologie gréco-romaine > pétase,
th-representation-10615,talaria,th-representation-10603,sujet mythologique > mythologie gréco-romaine > objet de la mythologie gréco-romaine > talaria,
th-representation-10616,thyrse,th-representation-10603,sujet mythologique > mythologie gréco-romaine > objet de la mythologie gréco-romaine > thyrse,
th-representation-10617,toison d'or,th-representation-10603,sujet mythologique > mythologie gréco-romaine > objet de la mythologie gréco-romaine > toison d'or,
th-representation-10618,trident,th-representation-10603,sujet mythologique > mythologie gréco-romaine > objet de la mythologie gréco-romaine > trident,
th-representation-10619,égide,th-representation-10603,sujet mythologique > mythologie gréco-romaine > objet de la mythologie gréco-romaine > égide,
th-representation-10620,mythologie indienne,th-representation-9995,sujet mythologique > mythologie indienne,
th-representation-10621,divinité indienne,th-representation-10620,sujet mythologique > mythologie indienne > divinité indienne,
th-representation-10622,autre divinité indienne,th-representation-10621,sujet mythologique > mythologie indienne > divinité indienne > autre divinité indienne,
th-representation-10623,nymphe de la mythologie indienne,th-representation-10622,sujet mythologique > mythologie indienne > divinité indienne > autre divinité indienne > nymphe de la mythologie indienne,
th-representation-10628,dieu indien,th-representation-10621,sujet mythologique > mythologie indienne > divinité indienne > dieu indien,
th-representation-10635,déesse indienne,th-representation-10621,sujet mythologique > mythologie indienne > divinité indienne > déesse indienne,
th-representation-10639,femme de la mythologie indienne,th-representation-10620,sujet mythologique > mythologie indienne > femme de la mythologie indienne,
th-representation-10642,mythologie iranienne,th-representation-9995,sujet mythologique > mythologie iranienne,
th-representation-10643,divinité iranienne,th-representation-10642,sujet mythologique > mythologie iranienne > divinité iranienne,
th-representation-10644,dieu iranien,th-representation-10643,sujet mythologique > mythologie iranienne > divinité iranienne > dieu iranien,
th-representation-10647,mythologie japonaise,th-representation-9995,sujet mythologique > mythologie japonaise,
th-representation-10648,divinité japonaise,th-representation-10647,sujet mythologique > mythologie japonaise > divinité japonaise,
th-representation-10649,autre divinité japonaise,th-representation-10648,sujet mythologique > mythologie japonaise > divinité japonaise > autre divinité japonaise,
th-representation-10658,dieu japonais,th-representation-10648,sujet mythologique > mythologie japonaise > divinité japonaise > dieu japonais,
th-representation-10660,déesse japonaise,th-representation-10648,sujet mythologique > mythologie japonaise > divinité japonaise > déesse japonaise,
th-representation-10662,mythologie phénicienne,th-representation-9995,sujet mythologique > mythologie phénicienne,
th-representation-10663,divinité phénicienne,th-representation-10662,sujet mythologique > mythologie phénicienne > divinité phénicienne,
th-representation-10664,dieu phénicien,th-representation-10663,sujet mythologique > mythologie phénicienne > divinité phénicienne > dieu phénicien,
th-representation-10666,mythologie tahitienne,th-representation-9995,sujet mythologique > mythologie tahitienne,
th-representation-10667,divinité tahitienne,th-representation-10666,sujet mythologique > mythologie tahitienne > divinité tahitienne,
th-representation-10668,autre divinité tahitienne,th-representation-10667,sujet mythologique > mythologie tahitienne > divinité tahitienne > autre divinité tahitienne,
th-representation-10670,mythologie égyptienne,th-representation-9995,sujet mythologique > mythologie égyptienne,
th-representation-10671,divinité égyptienne,th-representation-10670,sujet mythologique > mythologie égyptienne > divinité égyptienne,
th-representation-10672,dieu égyptien,th-representation-10671,sujet mythologique > mythologie égyptienne > divinité égyptienne > dieu égyptien,
th-representation-10680,dieu à tête d'oiseau,th-representation-10672,sujet mythologique > mythologie égyptienne > divinité égyptienne > dieu égyptien > dieu à tête d'oiseau,
th-representation-10681,dieu à tête de faucon,th-representation-10680,sujet mythologique > mythologie égyptienne > divinité égyptienne > dieu égyptien > dieu à tête d'oiseau > dieu à tête de faucon,
th-representation-10682,dieu à tête de chien,th-representation-10672,sujet mythologique > mythologie égyptienne > divinité égyptienne > dieu égyptien > dieu à tête de chien,
th-representation-10683,dieu à tête de crocodile,th-representation-10672,sujet mythologique > mythologie égyptienne > divinité égyptienne > dieu égyptien > dieu à tête de crocodile,
th-representation-10684,dieu à tête de serpent,th-representation-10672,sujet mythologique > mythologie égyptienne > divinité égyptienne > dieu égyptien > dieu à tête de serpent,
th-representation-10717,déesse égyptienne,th-representation-10671,sujet mythologique > mythologie égyptienne > divinité égyptienne > déesse égyptienne,
th-representation-10732,objet et symbole de la mythologie égyptienne,th-representation-10670,sujet mythologique > mythologie égyptienne > objet et symbole de la mythologie égyptienne,
th-representation-10733,barbe postiche,th-representation-10732,sujet mythologique > mythologie égyptienne > objet et symbole de la mythologie égyptienne > barbe postiche,
th-representation-10734,barque solaire,th-representation-10732,sujet mythologique > mythologie égyptienne > objet et symbole de la mythologie égyptienne > barque solaire,
th-representation-10735,coiffe-némès,th-representation-10732,sujet mythologique > mythologie égyptienne > objet et symbole de la mythologie égyptienne > coiffe-némès,
th-representation-10736,collier ousekh,th-representation-10732,sujet mythologique > mythologie égyptienne > objet et symbole de la mythologie égyptienne > collier ousekh,
th-representation-10737,couronne atef,th-representation-10732,sujet mythologique > mythologie égyptienne > objet et symbole de la mythologie égyptienne > couronne atef,
th-representation-10738,couronne hemhem,th-representation-10732,sujet mythologique > mythologie égyptienne > objet et symbole de la mythologie égyptienne > couronne hemhem,
th-representation-10739,decheret,th-representation-10732,sujet mythologique > mythologie égyptienne > objet et symbole de la mythologie égyptienne > decheret,
th-representation-10740,disque lunaire,th-representation-10732,sujet mythologique > mythologie égyptienne > objet et symbole de la mythologie égyptienne > disque lunaire,
th-representation-10741,disque solaire,th-representation-10732,sujet mythologique > mythologie égyptienne > objet et symbole de la mythologie égyptienne > disque solaire,
th-representation-10742,disque solaire ailé,th-representation-10741,sujet mythologique > mythologie égyptienne > objet et symbole de la mythologie égyptienne > disque solaire > disque solaire ailé,
th-representation-10743,disque solaire à uraeus,th-representation-10741,sujet mythologique > mythologie égyptienne > objet et symbole de la mythologie égyptienne > disque solaire > disque solaire à uraeus,
th-representation-10744,flagellum nekhekh,th-representation-10732,sujet mythologique > mythologie égyptienne > objet et symbole de la mythologie égyptienne > flagellum nekhekh,
th-representation-10745,hedjet,th-representation-10732,sujet mythologique > mythologie égyptienne > objet et symbole de la mythologie égyptienne > hedjet,
th-representation-10746,modius,th-representation-10732,sujet mythologique > mythologie égyptienne > objet et symbole de la mythologie égyptienne > modius,
th-representation-10747,modius à frise d'uraeus,th-representation-10746,sujet mythologique > mythologie égyptienne > objet et symbole de la mythologie égyptienne > modius > modius à frise d'uraeus,
th-representation-10748,mèche de l'enfance,th-representation-10732,sujet mythologique > mythologie égyptienne > objet et symbole de la mythologie égyptienne > mèche de l'enfance,
th-representation-10749,ménat,th-representation-10732,sujet mythologique > mythologie égyptienne > objet et symbole de la mythologie égyptienne > ménat,
th-representation-10750,nekhekh,th-representation-10732,sujet mythologique > mythologie égyptienne > objet et symbole de la mythologie égyptienne > nekhekh,
th-representation-10751,noeud d'Isis,th-representation-10732,sujet mythologique > mythologie égyptienne > objet et symbole de la mythologie égyptienne > noeud d'Isis,
th-representation-10752,oeil oudjat,th-representation-10732,sujet mythologique > mythologie égyptienne > objet et symbole de la mythologie égyptienne > oeil oudjat,
th-representation-10753,perruque tripartite,th-representation-10732,sujet mythologique > mythologie égyptienne > objet et symbole de la mythologie égyptienne > perruque tripartite,
th-representation-10754,pilier Djed,th-representation-10732,sujet mythologique > mythologie égyptienne > objet et symbole de la mythologie égyptienne > pilier Djed,
th-representation-10755,pschent,th-representation-10732,sujet mythologique > mythologie égyptienne > objet et symbole de la mythologie égyptienne > pschent,
th-representation-10756,scarabée de coeur,th-representation-10732,sujet mythologique > mythologie égyptienne > objet et symbole de la mythologie égyptienne > scarabée de coeur,
th-representation-10757,sceptre heqa,th-representation-10732,sujet mythologique > mythologie égyptienne > objet et symbole de la mythologie égyptienne > sceptre heqa,
th-representation-10758,sceptre ouas,th-representation-10732,sujet mythologique > mythologie égyptienne > objet et symbole de la mythologie égyptienne > sceptre ouas,
th-representation-10759,sceptre sekhem,th-representation-10732,sujet mythologique > mythologie égyptienne > objet et symbole de la mythologie égyptienne > sceptre sekhem,
th-representation-10760,sistre,th-representation-10732,sujet mythologique > mythologie égyptienne > objet et symbole de la mythologie égyptienne > sistre,
th-representation-10761,uraeus,th-representation-10732,sujet mythologique > mythologie égyptienne > objet et symbole de la mythologie égyptienne > uraeus,
th-representation-10762,ânkh,th-representation-10732,sujet mythologique > mythologie égyptienne > objet et symbole de la mythologie égyptienne > ânkh,
th-representation-10763,thèmes,,thèmes,
th-representation-10764,déterminant de la représentation,th-representation-10763,thèmes > déterminant de la représentation,
th-representation-10765,angle de vue,th-representation-10764,thèmes > déterminant de la représentation > angle de vue,
th-representation-10766,de dos,th-representation-10765,thèmes > déterminant de la représentation > angle de vue > de dos,
th-representation-10767,de face,th-representation-10765,thèmes > déterminant de la représentation > angle de vue > de face,
th-representation-10768,de profil,th-representation-10765,thèmes > déterminant de la représentation > angle de vue > de profil,
th-representation-10769,de trois-quarts,th-representation-10765,thèmes > déterminant de la représentation > angle de vue > de trois-quarts,
th-representation-10770,vu d'en bas,th-representation-10765,thèmes > déterminant de la représentation > angle de vue > vu d'en bas,
th-representation-10771,vu d'en haut,th-representation-10765,thèmes > déterminant de la représentation > angle de vue > vu d'en haut,
th-representation-10772,déterminant d'exécution,th-representation-10764,thèmes > déterminant de la représentation > déterminant d'exécution,précise si la représentation a été exécutée d'après le modèle vivant ou non
th-representation-10773,ad vivum,th-representation-10772,thèmes > déterminant de la représentation > déterminant d'exécution > ad vivum,
th-representation-10774,rétrospectif,th-representation-10772,thèmes > déterminant de la représentation > déterminant d'exécution > rétrospectif,
th-representation-10775,déterminant de certitude,th-representation-10764,thèmes > déterminant de la représentation > déterminant de certitude,
th-representation-10776,?,th-representation-10775,thèmes > déterminant de la représentation > déterminant de certitude > ?,descripteur permettant d'exprimer un doute sur l'exactitude d'une information
th-representation-10777,déterminant de position,th-representation-10764,thèmes > déterminant de la représentation > déterminant de position,"Le déterminant de position permet des descriptions assez fines. Il s'utilise pour les représentations dont le contenu iconographique est relativement pauvre, comme les figures et les portraits. Sa fonction est de différencier ces documents dont le nombre est très élevé. On n'emploie un déterminant de position dans une scène que lorsque la position détermine la signification de la représentation ou a un intérêt particulier."
th-representation-10778,accoudé,th-representation-10777,thèmes > déterminant de la représentation > déterminant de position > accoudé,
th-representation-10779,accroupi,th-representation-10777,thèmes > déterminant de la représentation > déterminant de position > accroupi,
th-representation-10780,agenouillé,th-representation-10777,thèmes > déterminant de la représentation > déterminant de position > agenouillé,
th-representation-10781,assis,th-representation-10777,thèmes > déterminant de la représentation > déterminant de position > assis,
th-representation-10782,baissé,th-representation-10777,thèmes > déterminant de la représentation > déterminant de position > baissé,
th-representation-10783,couché,th-representation-10777,thèmes > déterminant de la représentation > déterminant de position > couché,
th-representation-10784,couché sur le côté,th-representation-10783,thèmes > déterminant de la représentation > déterminant de position > couché > couché sur le côté,
th-representation-10785,couché sur le dos,th-representation-10783,thèmes > déterminant de la représentation > déterminant de position > couché > couché sur le dos,
th-representation-10786,couché sur le ventre,th-representation-10783,thèmes > déterminant de la représentation > déterminant de position > couché > couché sur le ventre,
th-representation-10787,croisé,th-representation-10777,thèmes > déterminant de la représentation > déterminant de position > croisé,
th-representation-10788,désordonné,th-representation-10777,thèmes > déterminant de la représentation > déterminant de position > désordonné,
th-representation-10789,en appui,th-representation-10777,thèmes > déterminant de la représentation > déterminant de position > en appui,
th-representation-10790,en majesté,th-representation-10777,thèmes > déterminant de la représentation > déterminant de position > en majesté,
th-representation-10791,en pied,th-representation-10777,thèmes > déterminant de la représentation > déterminant de position > en pied,
th-representation-10792,en équilibre,th-representation-10777,thèmes > déterminant de la représentation > déterminant de position > en équilibre,
th-representation-10793,extension,th-representation-10777,thèmes > déterminant de la représentation > déterminant de position > extension,
th-representation-10794,face à face,th-representation-10777,thèmes > déterminant de la représentation > déterminant de position > face à face,
th-representation-10795,fermé dét,th-representation-10777,thèmes > déterminant de la représentation > déterminant de position > fermé dét,
th-representation-10796,flexion,th-representation-10777,thèmes > déterminant de la représentation > déterminant de position > flexion,
th-representation-10797,foulant aux pieds,th-representation-10777,thèmes > déterminant de la représentation > déterminant de position > foulant aux pieds,
th-representation-10798,hanché,th-representation-10777,thèmes > déterminant de la représentation > déterminant de position > hanché,
th-representation-10799,joint,th-representation-10777,thèmes > déterminant de la représentation > déterminant de position > joint,
th-representation-10800,levé,th-representation-10777,thèmes > déterminant de la représentation > déterminant de position > levé,
th-representation-10801,opposé,th-representation-10777,thèmes > déterminant de la représentation > déterminant de position > opposé,
th-representation-10802,ouvert,th-representation-10777,thèmes > déterminant de la représentation > déterminant de position > ouvert,
th-representation-10803,penché,th-representation-10777,thèmes > déterminant de la représentation > déterminant de position > penché,
th-representation-10804,portant,th-representation-10777,thèmes > déterminant de la représentation > déterminant de position > portant,
th-representation-10805,prosterné,th-representation-10777,thèmes > déterminant de la représentation > déterminant de position > prosterné,
th-representation-10806,préhension,th-representation-10777,thèmes > déterminant de la représentation > déterminant de position > préhension,tenue d'une partie du corps
th-representation-10807,replié,th-representation-10777,thèmes > déterminant de la représentation > déterminant de position > replié,
th-representation-10808,suspendu,th-representation-10777,thèmes > déterminant de la représentation > déterminant de position > suspendu,
th-representation-10809,tendu,th-representation-10777,thèmes > déterminant de la représentation > déterminant de position > tendu,
th-representation-10810,à califourchon,th-representation-10777,thèmes > déterminant de la représentation > déterminant de position > à califourchon,
th-representation-10811,à quatre pattes,th-representation-10777,thèmes > déterminant de la représentation > déterminant de position > à quatre pattes,
th-representation-10812,écarté,th-representation-10777,thèmes > déterminant de la représentation > déterminant de position > écarté,
th-representation-10813,déterminant de signification,th-representation-10764,thèmes > déterminant de la représentation > déterminant de signification,"Le déterminant de signification énonce un caractère iconographique essentiel de l'image dont il précise le sens et la portée. Il doit donc être utilisé de façon rigoureuse, lorsque ce caractère est évident ou prouvé par une recherche."
th-representation-10814,déterminant de finalité,th-representation-10813,thèmes > déterminant de la représentation > déterminant de signification > déterminant de finalité,
th-representation-10815,comique,th-representation-10814,thèmes > déterminant de la représentation > déterminant de signification > déterminant de finalité > comique,
th-representation-10816,instructif,th-representation-10814,thèmes > déterminant de la représentation > déterminant de signification > déterminant de finalité > instructif,
th-representation-10817,moralisant,th-representation-10814,thèmes > déterminant de la représentation > déterminant de signification > déterminant de finalité > moralisant,
th-representation-10818,satirique,th-representation-10814,thèmes > déterminant de la représentation > déterminant de signification > déterminant de finalité > satirique,
th-representation-10819,déterminant de manière,th-representation-10813,thèmes > déterminant de la représentation > déterminant de signification > déterminant de manière,
th-representation-10820,à l'antique,th-representation-10819,thèmes > déterminant de la représentation > déterminant de signification > déterminant de manière > à l'antique,"utilisé pour le genre particulier de représentations dites « à l'antique », et non pour les scènes ou figures antiques"
th-representation-10821,à l'orientale,th-representation-10819,thèmes > déterminant de la représentation > déterminant de signification > déterminant de manière > à l'orientale,
th-representation-10822,déterminant de relation thématique,th-representation-10813,thèmes > déterminant de la représentation > déterminant de signification > déterminant de relation thématique,
th-representation-10823,contamination thématique,th-representation-10822,thèmes > déterminant de la représentation > déterminant de signification > déterminant de relation thématique > contamination thématique,
th-representation-10824,cycle narratif,th-representation-10822,thèmes > déterminant de la représentation > déterminant de signification > déterminant de relation thématique > cycle narratif,détermine un ensemble de figurations qui présentent plusieurs épisodes d'une même histoire
th-representation-10825,cycle thématique,th-representation-10822,thèmes > déterminant de la représentation > déterminant de signification > déterminant de relation thématique > cycle thématique,détermine un ensemble de figurations ayant une unité de signification
th-representation-10826,en forme de,th-representation-10822,thèmes > déterminant de la représentation > déterminant de signification > déterminant de relation thématique > en forme de,
th-representation-10827,opposition thématique,th-representation-10822,thèmes > déterminant de la représentation > déterminant de signification > déterminant de relation thématique > opposition thématique,
th-representation-10828,partie de,th-representation-10822,thèmes > déterminant de la représentation > déterminant de signification > déterminant de relation thématique > partie de,"utilisé pour établir une relation entre des éléments iconographiques constituant une seule image, mais matériellement séparés, ou une représentation isolée d'un cycle (ne pas utiliser pour un fragment)"
th-representation-10829,représenté en,th-representation-10822,thèmes > déterminant de la représentation > déterminant de signification > déterminant de relation thématique > représenté en,
th-representation-10830,symbole,th-representation-10822,thèmes > déterminant de la représentation > déterminant de signification > déterminant de relation thématique > symbole,
th-representation-10831,allégorie,th-representation-10830,thèmes > déterminant de la représentation > déterminant de signification > déterminant de relation thématique > symbole > allégorie,"La notation du caractère allégorique d'une représentation accompagne ordinairement un descripteur de genre iconographique. Les descripteurs du thesaurus permettent de préciser la nature de l'entité représentée, qu'il s'agisse d'une allégorie physique (le jour, la nuit, la vie), morale (la justice, la charité) ou historique (la guerre de Troie). Lorsque le contenu de la représentation ne correspond pas à un descripteur précis du lexique, il est nécessaire de recourir au descripteur le plus pertinent."
th-representation-10832,symbole typologique,th-representation-10830,thèmes > déterminant de la représentation > déterminant de signification > déterminant de relation thématique > symbole > symbole typologique,
th-representation-10833,déterminant de vraisemblance,th-representation-10813,thèmes > déterminant de la représentation > déterminant de signification > déterminant de vraisemblance,
th-representation-10834,de fantaisie,th-representation-10833,thèmes > déterminant de la représentation > déterminant de signification > déterminant de vraisemblance > de fantaisie,"se dit de l'assemblage insolite d'éléments connus ou inconnus (à l'exclusion des hybrides bien définis selon leur espèce), par exemple dans les œuvres surréalistes, fantastiques"
th-representation-10835,insolite,th-representation-10833,thèmes > déterminant de la représentation > déterminant de signification > déterminant de vraisemblance > insolite,
th-representation-10836,anachronisme,th-representation-10835,thèmes > déterminant de la représentation > déterminant de signification > déterminant de vraisemblance > insolite > anachronisme,
th-representation-10837,exagération,th-representation-10835,thèmes > déterminant de la représentation > déterminant de signification > déterminant de vraisemblance > insolite > exagération,
th-representation-10838,monde renversé,th-representation-10835,thèmes > déterminant de la représentation > déterminant de signification > déterminant de vraisemblance > insolite > monde renversé,
th-representation-10839,merveilleux,th-representation-10833,thèmes > déterminant de la représentation > déterminant de signification > déterminant de vraisemblance > merveilleux,
th-representation-10840,déterminant de situation,th-representation-10764,thèmes > déterminant de la représentation > déterminant de situation,situation d'un élément dans un ensemble iconographique (différent de localisation de la représentation)
th-representation-10841,en médaillon,th-representation-10840,thèmes > déterminant de la représentation > déterminant de situation > en médaillon,"s'utilise uniquement lorsqu'un élément iconographique d'une représentation est inscrit dans une forme géométrique, circulaire ou non, à l'intérieur de l'image"
th-representation-10842,situation d'un élément du corps,th-representation-10840,thèmes > déterminant de la représentation > déterminant de situation > situation d'un élément du corps,"utilisé pour préciser, par exemple, quelle jambe sert d'appui à une figure en ronde bosse ou quelle main est représentée"
th-representation-10843,droit,th-representation-10842,thèmes > déterminant de la représentation > déterminant de situation > situation d'un élément du corps > droit,
th-representation-10844,gauche,th-representation-10842,thèmes > déterminant de la représentation > déterminant de situation > situation d'un élément du corps > gauche,
th-representation-10845,situation matérielle,th-representation-10840,thèmes > déterminant de la représentation > déterminant de situation > situation matérielle,
th-representation-10846,dans les airs,th-representation-10845,thèmes > déterminant de la représentation > déterminant de situation > situation matérielle > dans les airs,
th-representation-10847,en vol,th-representation-10846,thèmes > déterminant de la représentation > déterminant de situation > situation matérielle > dans les airs > en vol,
th-representation-10848,dans les eaux,th-representation-10845,thèmes > déterminant de la représentation > déterminant de situation > situation matérielle > dans les eaux,
th-representation-10849,intérieur,th-representation-10845,thèmes > déterminant de la représentation > déterminant de situation > situation matérielle > intérieur,voir note de vue d'intérieur
th-representation-10850,sous terre,th-representation-10845,thèmes > déterminant de la représentation > déterminant de situation > situation matérielle > sous terre,
th-representation-10851,effet formel,th-representation-10764,thèmes > déterminant de la représentation > effet formel,
th-representation-10852,accumulation,th-representation-10851,thèmes > déterminant de la représentation > effet formel > accumulation,
th-representation-10853,disproportion,th-representation-10851,thèmes > déterminant de la représentation > effet formel > disproportion,
th-representation-10854,déformation,th-representation-10851,thèmes > déterminant de la représentation > effet formel > déformation,
th-representation-10855,allongement,th-representation-10854,thèmes > déterminant de la représentation > effet formel > déformation > allongement,
th-representation-10856,grossissement,th-representation-10854,thèmes > déterminant de la représentation > effet formel > déformation > grossissement,
th-representation-10857,dégradé,th-representation-10851,thèmes > déterminant de la représentation > effet formel > dégradé,
th-representation-10858,effet de forme,th-representation-10851,thèmes > déterminant de la représentation > effet formel > effet de forme,
th-representation-10859,effet de couleur,th-representation-10858,thèmes > déterminant de la représentation > effet formel > effet de forme > effet de couleur,
th-representation-10860,effet de surface,th-representation-10858,thèmes > déterminant de la représentation > effet formel > effet de forme > effet de surface,
th-representation-10861,effet de volume,th-representation-10858,thèmes > déterminant de la représentation > effet formel > effet de forme > effet de volume,
th-representation-10862,effet de ligne,th-representation-10851,thèmes > déterminant de la représentation > effet formel > effet de ligne,
th-representation-10863,effet de lumière,th-representation-10851,thèmes > déterminant de la représentation > effet formel > effet de lumière,"effet plastique de lumière naturelle ou artificielle, distinct de effet de soleil"
th-representation-10864,effet de mouvement,th-representation-10851,thèmes > déterminant de la représentation > effet formel > effet de mouvement,
th-representation-10865,effet de perspective,th-representation-10851,thèmes > déterminant de la représentation > effet formel > effet de perspective,
th-representation-10866,effet de relief,th-representation-10851,thèmes > déterminant de la représentation > effet formel > effet de relief,
th-representation-10867,flou,th-representation-10851,thèmes > déterminant de la représentation > effet formel > flou,
th-representation-10868,fragmentation,th-representation-10851,thèmes > déterminant de la représentation > effet formel > fragmentation,
th-representation-10869,reflet,th-representation-10851,thèmes > déterminant de la représentation > effet formel > reflet,
th-representation-10870,superposition,th-representation-10851,thèmes > déterminant de la représentation > effet formel > superposition,
th-representation-10871,type de figuration,th-representation-10764,thèmes > déterminant de la représentation > type de figuration,
th-representation-10872,en donateur,th-representation-10871,thèmes > déterminant de la représentation > type de figuration > en donateur,"détermine un personnage placé dans une représentation où il ne devrait pas figurer, souvent en qualité de donateur de l'œuvre"
th-representation-10873,figuration partielle,th-representation-10871,thèmes > déterminant de la représentation > type de figuration > figuration partielle,figuration partielle volontaire de la part de l'auteur et non due à des détériorations
th-representation-10874,en buste,th-representation-10873,thèmes > déterminant de la représentation > type de figuration > figuration partielle > en buste,
th-representation-10875,sans bras,th-representation-10873,thèmes > déterminant de la représentation > type de figuration > figuration partielle > sans bras,
th-representation-10876,sans jambe,th-representation-10873,thèmes > déterminant de la représentation > type de figuration > figuration partielle > sans jambe,
th-representation-10877,sans main,th-representation-10873,thèmes > déterminant de la représentation > type de figuration > figuration partielle > sans main,
th-representation-10878,sans membre,th-representation-10873,thèmes > déterminant de la représentation > type de figuration > figuration partielle > sans membre,
th-representation-10879,sans pied,th-representation-10873,thèmes > déterminant de la représentation > type de figuration > figuration partielle > sans pied,
th-representation-10880,sans tête,th-representation-10873,thèmes > déterminant de la représentation > type de figuration > figuration partielle > sans tête,
th-representation-10881,à mi-corps,th-representation-10873,thèmes > déterminant de la représentation > type de figuration > figuration partielle > à mi-corps,
th-representation-10882,à bras multiples,th-representation-10871,thèmes > déterminant de la représentation > type de figuration > à bras multiples,
th-representation-10883,à cheval,th-representation-10871,thèmes > déterminant de la représentation > type de figuration > à cheval,
th-representation-10884,équestre au galop,th-representation-10883,thèmes > déterminant de la représentation > type de figuration > à cheval > équestre au galop,
th-representation-10885,équestre cabré,th-representation-10883,thèmes > déterminant de la représentation > type de figuration > à cheval > équestre cabré,
th-representation-10886,équestre passant,th-representation-10883,thèmes > déterminant de la représentation > type de figuration > à cheval > équestre passant,
th-representation-10887,écorché,th-representation-10871,thèmes > déterminant de la représentation > type de figuration > écorché,
th-representation-10888,genre de la représentation,th-representation-10763,thèmes > genre de la représentation,"Il est indispensable de caractériser chaque représentation d'après le genre de son contenu, avant même de préciser sa signification principale. La plupart des descripteurs utilisés reprennent des distinctions et des appellations traditionnelles en histoire de l'art. Leur sens et leur emploi seront définis de telle sorte que leur application laisse le moins de place possible à l'équivoque et au doute. Toute description commence par la notation d'un spécifique de genre de la représentation, à l'exception des armoiries, des études et des croquis d'éléments d'un ensemble (main, queue de cheval, pied de chaise...). Dans certains cas, un second genre iconographique s'impose: il ouvrira obligatoirement une seconde phrase. Peu de genres ont été retenus, mais la combinaison avec d'autres descripteurs du thésaurus permet de déterminer une quantité indéfinie de représentations."
th-representation-10889,genre iconographique,th-representation-10888,thèmes > genre de la représentation > genre iconographique,
th-representation-10890,le paysage,th-representation-10889,thèmes > genre de la représentation > genre iconographique > le paysage,
th-representation-10891,fond de paysage,th-representation-10890,thèmes > genre de la représentation > genre iconographique > le paysage > fond de paysage,"utiliser ce descripteur lorsque le paysage sert de fond ou de cadre à une figure, à un portrait où à une scène"
th-representation-10892,paysage,th-representation-10890,thèmes > genre de la représentation > genre iconographique > le paysage > paysage,
th-representation-10893,nature morte,th-representation-10889,thèmes > genre de la représentation > genre iconographique > nature morte,"représentation d'objets ou d'êtres inanimés, groupés dans une composition, traités d'une façon réaliste et précise, pour eux-mêmes et non pour leur fonction ou leur usage"
th-representation-10894,représentation animalière,th-representation-10889,thèmes > genre de la représentation > genre iconographique > représentation animalière,"Représentation d'un ou de plusieurs animaux vivants, en présentation ou en action, On peut noter les relations entre les animaux, surtout dans Piconographie des fables, en utilisant les descripteurs des comportements humains."
th-representation-10895,représentation d'objet,th-representation-10889,thèmes > genre de la représentation > genre iconographique > représentation d'objet,représentation d'un ou de plusieurs objets. Ne pas oublier que certaines compositions comportant des objets constituent des nature morte
th-representation-10896,représentation humaine,th-representation-10889,thèmes > genre de la représentation > genre iconographique > représentation humaine,
th-representation-10897,les figures,th-representation-10896,thèmes > genre de la représentation > genre iconographique > représentation humaine > les figures,"On entend par figure toute représentation d'une personne, identifiée ou non, ne se livrant à aucune activité. Le terme «personne» inclut tous les êtres humains et les êtres représentés sous les traits d'une personne humaine (divinités), même si celle-ci présente des caractères morphologiques particuliers (cyclope, hybride humain...). Sont exclues de cette catégorie les figurations considérées comme des portraits, terme défini ci-dessous. Même si le nom du personnage est connu d'une façon certaine, par une inscription ou un attribut, la représentation est appelée figure s'il est impossible d'affirmer qu'il s'agit d'un portrait. On décrit une figure en indiquant le nom du personnage s'il est connu, sa nature (homme, vieille, jeune homme...), son mode de présentation (en pied, à mi-corps, en buste... cf. 1.2.), sa fonction, sa qualité ou son appartenance sociale, sa nationalité, les détails physiques ou vestimentaires particulièrement intéressants (barbe, lunettes, chapeau...). L'environnement matériel de la figure peut aussi être décrit."
th-representation-10898,figures,th-representation-10897,thèmes > genre de la représentation > genre iconographique > représentation humaine > les figures > figures,
th-representation-10899,figure,th-representation-10898,thèmes > genre de la représentation > genre iconographique > représentation humaine > les figures > figures > figure,"toute figure, à l'exclusion des figures bibliques et mythologiques"
th-representation-10900,figure biblique,th-representation-10898,thèmes > genre de la représentation > genre iconographique > représentation humaine > les figures > figures > figure biblique,figure de tout personnage de l'Ancien ou du Nouveau Testament ne se livrant à aucune activité
th-representation-10901,figure mythologique,th-representation-10898,thèmes > genre de la représentation > genre iconographique > représentation humaine > les figures > figures > figure mythologique,figure d'un personnage mythologique ne se livrant à aucune activité
th-representation-10902,groupes de figures,th-representation-10897,thèmes > genre de la représentation > genre iconographique > représentation humaine > les figures > groupes de figures,
th-representation-10903,figures bibliques,th-representation-10902,thèmes > genre de la représentation > genre iconographique > représentation humaine > les figures > groupes de figures > figures bibliques,"représentation de plusieurs personnages bibliques ne se livrant à aucune activité (plusieurs apôtres, Trinité, Vieillards de l'Apocalypse, Vierge à l'Enfant, Calvaire...)"
th-representation-10904,figures mythologiques,th-representation-10902,thèmes > genre de la représentation > genre iconographique > représentation humaine > les figures > groupes de figures > figures mythologiques,représentation de divers personnages mythologiques ne se livrant à aucune activité
th-representation-10905,groupe de figures,th-representation-10902,thèmes > genre de la représentation > genre iconographique > représentation humaine > les figures > groupes de figures > groupe de figures,
th-representation-10906,portraits,th-representation-10896,thèmes > genre de la représentation > genre iconographique > représentation humaine > portraits,"Le portrait est la représentation d'un personnage seul, ne se livrant à aucune activité, et dont les traits correspondent à la réalité. Cette ressemblance peut être prouvée ou reconnue par la tradition. La description d'un portrait comporte les mêmes informations que celle d'une figure."
th-representation-10907,portrait,th-representation-10906,thèmes > genre de la représentation > genre iconographique > représentation humaine > portraits > portrait,
th-representation-10908,autoportrait,th-representation-10907,thèmes > genre de la représentation > genre iconographique > représentation humaine > portraits > portrait > autoportrait,portrait de l'artiste par lui-même
th-representation-10909,portrait charge,th-representation-10907,thèmes > genre de la représentation > genre iconographique > représentation humaine > portraits > portrait > portrait charge,"portrait caricatural dans lequel l'artiste a outré certains traits du personnage ou l'a gratifié d'attributs qui enrichissent l'image de significations, souvent satiriques, qui concernent sa nature, ses qualités, ses défauts, ses fonctions ou ses activités"
th-representation-10910,portrait collectif,th-representation-10907,thèmes > genre de la représentation > genre iconographique > représentation humaine > portraits > portrait > portrait collectif,"représentation de plusieurs portraits, juxtaposés, les personnes n'ayant aucune relation les unes avec les autres et ne se livrant à aucune activité"
th-representation-10911,portrait d'inconnu,th-representation-10907,thèmes > genre de la représentation > genre iconographique > représentation humaine > portraits > portrait > portrait d'inconnu,"représentation dont on sait pertinernment qu'elle est un portrait au sens défini plus haut, sans qu'il soit possible d'identifier la personne figurée"
th-representation-10912,scènes,th-representation-10896,thèmes > genre de la représentation > genre iconographique > représentation humaine > scènes,"Le terme scène a un sens très général. Il recouvre toutes les compositions dans lesquelles l'être humain ou divin, seul ou non, est représenté en action: paysan taillant la vigne, homme en prière, dispute de vieillards. Il ne faut pas confondre les gestes de l'homme qui accomplit une action et les gestes qui expriment un état. Par exemple, les gestes de l'enseignement, de l'ordre, de la bénédiction expriment quelquefois une action, quelquefois un état. Dans le premier cas on utilise le descripteur scène, dans le second le descripteur figure ou portrait. Il y aura toujours des cas limites. Pour la description d'une scène, il est important de ne négliger aucun des points de vue auxquels on peut se placer au cours d'une recherche documentaire: quelle est l'action (domaine concerné, activité particulière), qui participe à la scène (nature, nom propre du ou des personnages, fonction, nationalité...), où se passe la scène (milieu naturel, milieu aménagé ou construit, nom propre de localisation), quand a lieu la scène (période naturelle, période historique, date précise), quels éléments de la scène méritent une notation. Le contenu de la représentation permettra rarement de répondre à toutes ces questions; cette démarche est proposée comme un moyen pratique d'éviter les oublis."
th-representation-10913,scène,th-representation-10912,thèmes > genre de la représentation > genre iconographique > représentation humaine > scènes > scène,
th-representation-10914,scène biblique,th-representation-10912,thèmes > genre de la représentation > genre iconographique > représentation humaine > scènes > scène biblique,"Toute scène inspirée par l'Ancien Testament, le Nouveau Testament, ou les développements des Apocryphes. Lorsqu'un personnage biblique intervient dans une scène sans rapport avec le texte biblique, utiliser les descripteurs scène ou scène historique."
th-representation-10915,scène historique,th-representation-10912,thèmes > genre de la représentation > genre iconographique > représentation humaine > scènes > scène historique,"Ce descripteur correspond à toutes les scènes qui par leur nature, le lieu, les personnages ou la date peuvent être considérées comme des représentations d'événements (à l'exception des scènes bibliques). Les scènes hagiographiques représentant des événements sont considérées comme historiques."
th-representation-10916,scène mythologique,th-representation-10912,thèmes > genre de la représentation > genre iconographique > représentation humaine > scènes > scène mythologique,"Scène inspirée par une mythologie (égyptienne, gréco-romaine, germanique...). Lorsqu'il y a doute entre scène mythologique et scène historique, noter ce dernier descripteur."
th-representation-10917,représentation végétale,th-representation-10889,thèmes > genre de la représentation > genre iconographique > représentation végétale,"représentation isolée ou représentation importante de végétaux identifiables, à l'exception des compositions qui constituent des nature morte"
th-representation-10918,vue d'architecture,th-representation-10889,thèmes > genre de la représentation > genre iconographique > vue d'architecture,"utiliser ce descripteur lorsque l'archi. tecture est l'essentiel de la représentation, qu'il s'agisse d'un ensemble (ville, quartier.) où d'un édifice"
th-representation-10919,vue d'intérieur,th-representation-10889,thèmes > genre de la représentation > genre iconographique > vue d'intérieur,
th-representation-10920,ornementation,th-representation-10888,thèmes > genre de la représentation > ornementation,"Toute représentation qui par caractère et destination peut être tenue pour essentiellement décorativ e, même si cette représentation a par elle-même une signification. Par exemple, la lune, le soleil, un oiseau, un serpent, une fleur peuvent être utilisés comme ornementation. La distinction du caractère ornemental d'une figure par nature signifiante n'est pas toujours facile à établir. Parmi les cri. tères qui permettent de déterminer le caractère ornemen tal d'une figure on peut retenir principalement: la stylisation; la position conventionnelle; la situation, la figure étant pla cée dans d'autres formes elles-mêmes décoratives (colonne, arcade) ou bien inscrite dans le cadre d'une représentation siguifiante; la répétition: une même figure est exactement reproduite un grand nombre de fois; la relation: la figure n'a pas de relation de signification avec ce qui l'entoure,"
th-representation-10921,représentation non figurative,th-representation-10888,thèmes > genre de la représentation > représentation non figurative,représentation ne comportant ni personnage ni objet réel
th-representation-10922,représentation scientifique,th-representation-10888,thèmes > genre de la représentation > représentation scientifique,"toute représentation constitué e uniquement par des dessins scientifiques: schémas, relevés, figures géométriques."
th-representation-10923,localisation de la représentation,th-representation-10763,thèmes > localisation de la représentation,"liste ouverte à des descripteurs permettant de déterminer l'emplacement de la représentation sur un objet, précision utile pour l'étude iconographique et pour l'identification des objets dans le cadre de la conservation; par exemple, la représentation d'une Cène sur la coupe d'un calice sera notée: sur coupe: Scène biblique { Cène }"
th-representation-10924,1er registre,th-representation-10923,thèmes > localisation de la représentation > 1er registre,
th-representation-10925,2e registre,th-representation-10923,thèmes > localisation de la représentation > 2e registre,
th-representation-10926,3e registre,th-representation-10923,thèmes > localisation de la représentation > 3e registre,
th-representation-10927,4e registre,th-representation-10923,thèmes > localisation de la représentation > 4e registre,
th-representation-10928,5e registre,th-representation-10923,thèmes > localisation de la représentation > 5e registre,
th-representation-10929,6e registre,th-representation-10923,thèmes > localisation de la représentation > 6e registre,
th-representation-10930,au centre,th-representation-10923,thèmes > localisation de la représentation > au centre,
th-representation-10931,autre face,th-representation-10923,thèmes > localisation de la représentation > autre face,
th-representation-10932,avers,th-representation-10923,thèmes > localisation de la représentation > avers,
th-representation-10933,bordure,th-representation-10923,thèmes > localisation de la représentation > bordure,
th-representation-10934,en bas,th-representation-10923,thèmes > localisation de la représentation > en bas,
th-representation-10935,en réserve,th-representation-10923,thèmes > localisation de la représentation > en réserve,
th-representation-10936,en semis,th-representation-10923,thèmes > localisation de la représentation > en semis,
th-representation-10937,encadrement,th-representation-10923,thèmes > localisation de la représentation > encadrement,
th-representation-10938,recto,th-representation-10923,thèmes > localisation de la représentation > recto,
th-representation-10939,sur avers,th-representation-10923,thèmes > localisation de la représentation > sur avers,
th-representation-10940,sur base,th-representation-10923,thèmes > localisation de la représentation > sur base,
th-representation-10941,sur bassin,th-representation-10923,thèmes > localisation de la représentation > sur bassin,
th-representation-10942,sur col,th-representation-10923,thèmes > localisation de la représentation > sur col,
th-representation-10943,sur colonne,th-representation-10923,thèmes > localisation de la représentation > sur colonne,
th-representation-10944,sur couvercle,th-representation-10923,thèmes > localisation de la représentation > sur couvercle,
th-representation-10945,sur côté,th-representation-10923,thèmes > localisation de la représentation > sur côté,
th-representation-10946,sur face,th-representation-10923,thèmes > localisation de la représentation > sur face,
th-representation-10947,sur linteau,th-representation-10923,thèmes > localisation de la représentation > sur linteau,
th-representation-10948,sur lunette,th-representation-10923,thèmes > localisation de la représentation > sur lunette,
th-representation-10949,sur marli,th-representation-10923,thèmes > localisation de la représentation > sur marli,
th-representation-10950,sur montant,th-representation-10923,thèmes > localisation de la représentation > sur montant,
th-representation-10951,sur moulure,th-representation-10923,thèmes > localisation de la représentation > sur moulure,
th-representation-10952,sur panneau,th-representation-10923,thèmes > localisation de la représentation > sur panneau,
th-representation-10953,sur panneau central,th-representation-10952,thèmes > localisation de la représentation > sur panneau > sur panneau central,
th-representation-10954,sur panneau droit,th-representation-10952,thèmes > localisation de la représentation > sur panneau > sur panneau droit,
th-representation-10955,sur panneau gauche,th-representation-10952,thèmes > localisation de la représentation > sur panneau > sur panneau gauche,
th-representation-10956,sur panse,th-representation-10923,thèmes > localisation de la représentation > sur panse,
th-representation-10957,sur pied,th-representation-10923,thèmes > localisation de la représentation > sur pied,
th-representation-10958,sur piédestal,th-representation-10923,thèmes > localisation de la représentation > sur piédestal,
th-representation-10959,sur piédouche,th-representation-10923,thèmes > localisation de la représentation > sur piédouche,
th-representation-10960,sur plafond,th-representation-10923,thèmes > localisation de la représentation > sur plafond,
th-representation-10961,sur prédelle,th-representation-10923,thèmes > localisation de la représentation > sur prédelle,
th-representation-10962,sur revers,th-representation-10923,thèmes > localisation de la représentation > sur revers,
th-representation-10963,sur socle,th-representation-10923,thèmes > localisation de la représentation > sur socle,
th-representation-10964,sur soucoupe,th-representation-10923,thèmes > localisation de la représentation > sur soucoupe,
th-representation-10965,sur stèle,th-representation-10923,thèmes > localisation de la représentation > sur stèle,
th-representation-10966,sur tige,th-representation-10923,thèmes > localisation de la représentation > sur tige,
th-representation-10967,sur volet,th-representation-10923,thèmes > localisation de la représentation > sur volet,
th-representation-10968,sur volet central,th-representation-10967,thèmes > localisation de la représentation > sur volet > sur volet central,
th-representation-10969,sur volet droit,th-representation-10967,thèmes > localisation de la représentation > sur volet > sur volet droit,
th-representation-10970,sur volet gauche,th-representation-10967,thèmes > localisation de la représentation > sur volet > sur volet gauche,
th-representation-10971,sur volets latéraux,th-representation-10967,thèmes > localisation de la représentation > sur volet > sur volets latéraux,
th-representation-10972,sur épaulement,th-representation-10923,thèmes > localisation de la représentation > sur épaulement,
th-representation-10973,verso,th-representation-10923,thèmes > localisation de la représentation > verso,
th-representation-10974,à droite,th-representation-10923,thèmes > localisation de la représentation > à droite,
th-representation-10975,à gauche,th-representation-10923,thèmes > localisation de la représentation > à gauche,
th-representation-10976,transport-communication,,transport-communication,
th-representation-10977,communication,th-representation-10976,transport-communication > communication,
th-representation-10978,moyen de communication,th-representation-10977,transport-communication > communication > moyen de communication,
th-representation-10979,le langage,th-representation-10978,transport-communication > communication > moyen de communication > le langage,
th-representation-10980,opération de communication,th-representation-10978,transport-communication > communication > moyen de communication > opération de communication,
th-representation-10981,diffusion,th-representation-10980,transport-communication > communication > moyen de communication > opération de communication > diffusion,
th-representation-10982,enregistrement,th-representation-10980,transport-communication > communication > moyen de communication > opération de communication > enregistrement,
th-representation-10983,exposition,th-representation-10980,transport-communication > communication > moyen de communication > opération de communication > exposition,
th-representation-10984,support de communication,th-representation-10978,transport-communication > communication > moyen de communication > support de communication,
th-representation-10985,affiche,th-representation-10984,transport-communication > communication > moyen de communication > support de communication > affiche,
th-representation-10986,journal,th-representation-10984,transport-communication > communication > moyen de communication > support de communication > journal,
th-representation-10987,message,th-representation-10984,transport-communication > communication > moyen de communication > support de communication > message,
th-representation-10988,lettre,th-representation-10987,transport-communication > communication > moyen de communication > support de communication > message > lettre,
th-representation-10989,objet de signalisation,th-representation-10984,transport-communication > communication > moyen de communication > support de communication > objet de signalisation,
th-representation-10990,reproduction photographique,th-representation-10984,transport-communication > communication > moyen de communication > support de communication > reproduction photographique,
th-representation-10991,film,th-representation-10990,transport-communication > communication > moyen de communication > support de communication > reproduction photographique > film,
th-representation-10992,photo,th-representation-10990,transport-communication > communication > moyen de communication > support de communication > reproduction photographique > photo,
th-representation-10993,signe de communication,th-representation-10984,transport-communication > communication > moyen de communication > support de communication > signe de communication,
th-representation-10994,pavillon,th-representation-10993,transport-communication > communication > moyen de communication > support de communication > signe de communication > pavillon,
th-representation-10995,phylactère,th-representation-10993,transport-communication > communication > moyen de communication > support de communication > signe de communication > phylactère,
th-representation-10996,type de communication,th-representation-10978,transport-communication > communication > moyen de communication > type de communication,
th-representation-10997,communication audiovisuelle,th-representation-10996,transport-communication > communication > moyen de communication > type de communication > communication audiovisuelle,
th-representation-10998,cinématographie,th-representation-10997,transport-communication > communication > moyen de communication > type de communication > communication audiovisuelle > cinématographie,
th-representation-10999,télévision,th-representation-10997,transport-communication > communication > moyen de communication > type de communication > communication audiovisuelle > télévision,
th-representation-11000,communication par l'image,th-representation-10996,transport-communication > communication > moyen de communication > type de communication > communication par l'image,
th-representation-11001,communication par l'écrit,th-representation-10996,transport-communication > communication > moyen de communication > type de communication > communication par l'écrit,
th-representation-11002,poste,th-representation-11001,transport-communication > communication > moyen de communication > type de communication > communication par l'écrit > poste,
th-representation-11003,presse,th-representation-11001,transport-communication > communication > moyen de communication > type de communication > communication par l'écrit > presse,
th-representation-11004,télégraphie,th-representation-11001,transport-communication > communication > moyen de communication > type de communication > communication par l'écrit > télégraphie,
th-representation-11005,communication par le geste,th-representation-10996,transport-communication > communication > moyen de communication > type de communication > communication par le geste,
th-representation-11006,communication par le son,th-representation-10996,transport-communication > communication > moyen de communication > type de communication > communication par le son,
th-representation-11007,radiophonie,th-representation-11006,transport-communication > communication > moyen de communication > type de communication > communication par le son > radiophonie,
th-representation-11008,téléphonie,th-representation-11006,transport-communication > communication > moyen de communication > type de communication > communication par le son > téléphonie,
th-representation-11009,profession de la communication,th-representation-10977,transport-communication > communication > profession de la communication,
th-representation-11010,facteur,th-representation-11009,transport-communication > communication > profession de la communication > facteur,
th-representation-11011,journaliste,th-representation-11009,transport-communication > communication > profession de la communication > journaliste,
th-representation-11012,messager,th-representation-11009,transport-communication > communication > profession de la communication > messager,
th-representation-11013,transport,th-representation-10976,transport-communication > transport,COMMUNICATION
th-representation-11014,accident de transport,th-representation-11013,transport-communication > transport > accident de transport,
th-representation-11015,collision,th-representation-11014,transport-communication > transport > accident de transport > collision,
th-representation-11016,naufrage,th-representation-11014,transport-communication > transport > accident de transport > naufrage,
th-representation-11017,déplacement,th-representation-11013,transport-communication > transport > déplacement,
th-representation-11018,aller,th-representation-11017,transport-communication > transport > déplacement > aller,
th-representation-11019,arrivée,th-representation-11017,transport-communication > transport > déplacement > arrivée,
th-representation-11020,déménagement,th-representation-11017,transport-communication > transport > déplacement > déménagement,
th-representation-11021,départ,th-representation-11017,transport-communication > transport > déplacement > départ,
th-representation-11022,embouteillage,th-representation-11017,transport-communication > transport > déplacement > embouteillage,
th-representation-11023,entrée,th-representation-11017,transport-communication > transport > déplacement > entrée,
th-representation-11024,halte,th-representation-11017,transport-communication > transport > déplacement > halte,
th-representation-11025,retour,th-representation-11017,transport-communication > transport > déplacement > retour,
th-representation-11026,sortie,th-representation-11017,transport-communication > transport > déplacement > sortie,
th-representation-11027,traversée,th-representation-11017,transport-communication > transport > déplacement > traversée,
th-representation-11028,voyage,th-representation-11017,transport-communication > transport > déplacement > voyage,
th-representation-11029,voyageur,th-representation-11028,transport-communication > transport > déplacement > voyage > voyageur,
th-representation-11030,opération de transport,th-representation-11013,transport-communication > transport > opération de transport,
th-representation-11031,halage,th-representation-11030,transport-communication > transport > opération de transport > halage,
th-representation-11032,levage,th-representation-11030,transport-communication > transport > opération de transport > levage,
th-representation-11033,manutention,th-representation-11030,transport-communication > transport > opération de transport > manutention,
th-representation-11034,chargement,th-representation-11033,transport-communication > transport > opération de transport > manutention > chargement,
th-representation-11035,déchargement,th-representation-11033,transport-communication > transport > opération de transport > manutention > déchargement,
th-representation-11036,navigation,th-representation-11030,transport-communication > transport > opération de transport > navigation,"ensemble des opérations concourant à la direction des moyens de transport, quelle que soit leur nature"
th-representation-11037,remorquage,th-representation-11030,transport-communication > transport > opération de transport > remorquage,
th-representation-11038,profession des transports,th-representation-11013,transport-communication > transport > profession des transports,
th-representation-11039,conducteur,th-representation-11038,transport-communication > transport > profession des transports > conducteur,
th-representation-11040,cocher,th-representation-11039,transport-communication > transport > profession des transports > conducteur > cocher,
th-representation-11041,pilote,th-representation-11039,transport-communication > transport > profession des transports > conducteur > pilote,
th-representation-11042,marin,th-representation-11038,transport-communication > transport > profession des transports > marin,
th-representation-11043,transport aérien,th-representation-11013,transport-communication > transport > transport aérien,
th-representation-11044,architecture du transport aérien,th-representation-11043,transport-communication > transport > transport aérien > architecture du transport aérien,
th-representation-11045,aéroport,th-representation-11044,transport-communication > transport > transport aérien > architecture du transport aérien > aéroport,
th-representation-11046,aérodrome,th-representation-11045,transport-communication > transport > transport aérien > architecture du transport aérien > aéroport > aérodrome,
th-representation-11047,moyen de transport aérien,th-representation-11043,transport-communication > transport > transport aérien > moyen de transport aérien,
th-representation-11048,astronef,th-representation-11047,transport-communication > transport > transport aérien > moyen de transport aérien > astronef,
th-representation-11049,engin spatial,th-representation-11048,transport-communication > transport > transport aérien > moyen de transport aérien > astronef > engin spatial,
th-representation-11050,fusée,th-representation-11048,transport-communication > transport > transport aérien > moyen de transport aérien > astronef > fusée,
th-representation-11051,satellite,th-representation-11048,transport-communication > transport > transport aérien > moyen de transport aérien > astronef > satellite,
th-representation-11052,aéronef,th-representation-11047,transport-communication > transport > transport aérien > moyen de transport aérien > aéronef,
th-representation-11053,aérodyne,th-representation-11052,transport-communication > transport > transport aérien > moyen de transport aérien > aéronef > aérodyne,
th-representation-11054,avion,th-representation-11053,transport-communication > transport > transport aérien > moyen de transport aérien > aéronef > aérodyne > avion,
th-representation-11055,hydravion,th-representation-11054,transport-communication > transport > transport aérien > moyen de transport aérien > aéronef > aérodyne > avion > hydravion,
th-representation-11056,hélicoptère,th-representation-11053,transport-communication > transport > transport aérien > moyen de transport aérien > aéronef > aérodyne > hélicoptère,
th-representation-11057,planeur,th-representation-11053,transport-communication > transport > transport aérien > moyen de transport aérien > aéronef > aérodyne > planeur,
th-representation-11058,aérostat,th-representation-11052,transport-communication > transport > transport aérien > moyen de transport aérien > aéronef > aérostat,
th-representation-11059,ballon à gaz,th-representation-11058,transport-communication > transport > transport aérien > moyen de transport aérien > aéronef > aérostat > ballon à gaz,
th-representation-11060,dirigeable,th-representation-11058,transport-communication > transport > transport aérien > moyen de transport aérien > aéronef > aérostat > dirigeable,
th-representation-11061,montgolfière,th-representation-11058,transport-communication > transport > transport aérien > moyen de transport aérien > aéronef > aérostat > montgolfière,
th-representation-11062,parachute,th-representation-11058,transport-communication > transport > transport aérien > moyen de transport aérien > aéronef > aérostat > parachute,
th-representation-11063,aéronef insolite,th-representation-11047,transport-communication > transport > transport aérien > moyen de transport aérien > aéronef insolite,"descripteur valable pour toutes les utilisations d'objets ou d'engins divers comme moyen de transport aérien: tapis volant, balai de sorcière, ailes artificielles."
th-representation-11064,transport par eau,th-representation-11013,transport-communication > transport > transport par eau,
th-representation-11065,architecture fluviale et maritime,th-representation-11064,transport-communication > transport > transport par eau > architecture fluviale et maritime,
th-representation-11066,barrage,th-representation-11065,transport-communication > transport > transport par eau > architecture fluviale et maritime > barrage,
th-representation-11067,canal,th-representation-11065,transport-communication > transport > transport par eau > architecture fluviale et maritime > canal,
th-representation-11068,chantier naval,th-representation-11065,transport-communication > transport > transport par eau > architecture fluviale et maritime > chantier naval,
th-representation-11069,digue,th-representation-11065,transport-communication > transport > transport par eau > architecture fluviale et maritime > digue,
th-representation-11070,jetée,th-representation-11069,transport-communication > transport > transport par eau > architecture fluviale et maritime > digue > jetée,
th-representation-11071,phare,th-representation-11065,transport-communication > transport > transport par eau > architecture fluviale et maritime > phare,
th-representation-11072,port,th-representation-11065,transport-communication > transport > transport par eau > architecture fluviale et maritime > port,installation portuaire
th-representation-11073,bassin portuaire,th-representation-11072,transport-communication > transport > transport par eau > architecture fluviale et maritime > port > bassin portuaire,
th-representation-11074,embarcadère,th-representation-11072,transport-communication > transport > transport par eau > architecture fluviale et maritime > port > embarcadère,
th-representation-11075,quai,th-representation-11065,transport-communication > transport > transport par eau > architecture fluviale et maritime > quai,
th-representation-11076,écluse,th-representation-11065,transport-communication > transport > transport par eau > architecture fluviale et maritime > écluse,
th-representation-11077,moyen de transport par eau,th-representation-11064,transport-communication > transport > transport par eau > moyen de transport par eau,les navires de guerre ont leurs descripteurs spécifiques en 7.2.3.2.
th-representation-11078,appareil de plongée,th-representation-11077,transport-communication > transport > transport par eau > moyen de transport par eau > appareil de plongée,
th-representation-11079,scaphandre,th-representation-11078,transport-communication > transport > transport par eau > moyen de transport par eau > appareil de plongée > scaphandre,
th-representation-11080,bateau,th-representation-11077,transport-communication > transport > transport par eau > moyen de transport par eau > bateau,
th-representation-11081,bac,th-representation-11080,transport-communication > transport > transport par eau > moyen de transport par eau > bateau > bac,
th-representation-11082,bateau à gaffe,th-representation-11080,transport-communication > transport > transport par eau > moyen de transport par eau > bateau > bateau à gaffe,
th-representation-11083,gondole,th-representation-11082,transport-communication > transport > transport par eau > moyen de transport par eau > bateau > bateau à gaffe > gondole,
th-representation-11084,bateau à moteur,th-representation-11080,transport-communication > transport > transport par eau > moyen de transport par eau > bateau > bateau à moteur,
th-representation-11085,bateau à hélice,th-representation-11084,transport-communication > transport > transport par eau > moyen de transport par eau > bateau > bateau à moteur > bateau à hélice,
th-representation-11086,cargo,th-representation-11085,transport-communication > transport > transport par eau > moyen de transport par eau > bateau > bateau à moteur > bateau à hélice > cargo,
th-representation-11087,paquebot,th-representation-11085,transport-communication > transport > transport par eau > moyen de transport par eau > bateau > bateau à moteur > bateau à hélice > paquebot,
th-representation-11088,péniche,th-representation-11085,transport-communication > transport > transport par eau > moyen de transport par eau > bateau > bateau à moteur > bateau à hélice > péniche,
th-representation-11089,bateau à roue,th-representation-11084,transport-communication > transport > transport par eau > moyen de transport par eau > bateau > bateau à moteur > bateau à roue,
th-representation-11090,bateau à vapeur,th-representation-11084,transport-communication > transport > transport par eau > moyen de transport par eau > bateau > bateau à moteur > bateau à vapeur,
th-representation-11091,bateau à pédales,th-representation-11080,transport-communication > transport > transport par eau > moyen de transport par eau > bateau > bateau à pédales,
th-representation-11092,bateau à rames,th-representation-11080,transport-communication > transport > transport par eau > moyen de transport par eau > bateau > bateau à rames,
th-representation-11093,barque,th-representation-11092,transport-communication > transport > transport par eau > moyen de transport par eau > bateau > bateau à rames > barque,
th-representation-11094,canoë,th-representation-11092,transport-communication > transport > transport par eau > moyen de transport par eau > bateau > bateau à rames > canoë,
th-representation-11095,galère,th-representation-11092,transport-communication > transport > transport par eau > moyen de transport par eau > bateau > bateau à rames > galère,
th-representation-11096,pirogue,th-representation-11092,transport-communication > transport > transport par eau > moyen de transport par eau > bateau > bateau à rames > pirogue,
th-representation-11097,bateau à voiles,th-representation-11080,transport-communication > transport > transport par eau > moyen de transport par eau > bateau > bateau à voiles,
th-representation-11098,grand voilier,th-representation-11097,transport-communication > transport > transport par eau > moyen de transport par eau > bateau > bateau à voiles > grand voilier,voilier affecté aux gros transports
th-representation-11099,petit voilier,th-representation-11097,transport-communication > transport > transport par eau > moyen de transport par eau > bateau > bateau à voiles > petit voilier,
th-representation-11100,chaland,th-representation-11080,transport-communication > transport > transport par eau > moyen de transport par eau > bateau > chaland,
th-representation-11101,élément de bateau,th-representation-11080,transport-communication > transport > transport par eau > moyen de transport par eau > bateau > élément de bateau,
th-representation-11102,gréement,th-representation-11101,transport-communication > transport > transport par eau > moyen de transport par eau > bateau > élément de bateau > gréement,
th-representation-11103,ancre,th-representation-11102,transport-communication > transport > transport par eau > moyen de transport par eau > bateau > élément de bateau > gréement > ancre,
th-representation-11104,gouvernail,th-representation-11102,transport-communication > transport > transport par eau > moyen de transport par eau > bateau > élément de bateau > gréement > gouvernail,
th-representation-11105,proue,th-representation-11101,transport-communication > transport > transport par eau > moyen de transport par eau > bateau > élément de bateau > proue,
th-representation-11106,rame,th-representation-11101,transport-communication > transport > transport par eau > moyen de transport par eau > bateau > élément de bateau > rame,
th-representation-11107,flottage,th-representation-11077,transport-communication > transport > transport par eau > moyen de transport par eau > flottage,
th-representation-11108,radeau,th-representation-11077,transport-communication > transport > transport par eau > moyen de transport par eau > radeau,
th-representation-11109,submersible,th-representation-11077,transport-communication > transport > transport par eau > moyen de transport par eau > submersible,
th-representation-11110,transport spécialisé,th-representation-11013,transport-communication > transport > transport spécialisé,
th-representation-11111,ambulance,th-representation-11110,transport-communication > transport > transport spécialisé > ambulance,
th-representation-11112,corbillard,th-representation-11110,transport-communication > transport > transport spécialisé > corbillard,
th-representation-11113,taxi,th-representation-11110,transport-communication > transport > transport spécialisé > taxi,
th-representation-11114,transport terrestre,th-representation-11013,transport-communication > transport > transport terrestre,
th-representation-11115,aqueduc,th-representation-11114,transport-communication > transport > transport terrestre > aqueduc,
th-representation-11116,transport ferroviaire,th-representation-11114,transport-communication > transport > transport terrestre > transport ferroviaire,
th-representation-11117,architecture ferroviaire,th-representation-11116,transport-communication > transport > transport terrestre > transport ferroviaire > architecture ferroviaire,
th-representation-11118,gare,th-representation-11117,transport-communication > transport > transport terrestre > transport ferroviaire > architecture ferroviaire > gare,
th-representation-11119,voie ferrée,th-representation-11117,transport-communication > transport > transport terrestre > transport ferroviaire > architecture ferroviaire > voie ferrée,
th-representation-11120,passage à niveau,th-representation-11119,transport-communication > transport > transport terrestre > transport ferroviaire > architecture ferroviaire > voie ferrée > passage à niveau,
th-representation-11121,pont ferroviaire,th-representation-11119,transport-communication > transport > transport terrestre > transport ferroviaire > architecture ferroviaire > voie ferrée > pont ferroviaire,
th-representation-11122,tunnel ferroviaire,th-representation-11119,transport-communication > transport > transport terrestre > transport ferroviaire > architecture ferroviaire > voie ferrée > tunnel ferroviaire,
th-representation-11123,moyen de transport ferroviaire,th-representation-11116,transport-communication > transport > transport terrestre > transport ferroviaire > moyen de transport ferroviaire,
th-representation-11124,funiculaire,th-representation-11123,transport-communication > transport > transport terrestre > transport ferroviaire > moyen de transport ferroviaire > funiculaire,
th-representation-11125,métropolitain,th-representation-11123,transport-communication > transport > transport terrestre > transport ferroviaire > moyen de transport ferroviaire > métropolitain,
th-representation-11126,train,th-representation-11123,transport-communication > transport > transport terrestre > transport ferroviaire > moyen de transport ferroviaire > train,
th-representation-11127,locomotive,th-representation-11126,transport-communication > transport > transport terrestre > transport ferroviaire > moyen de transport ferroviaire > train > locomotive,
th-representation-11128,wagon,th-representation-11126,transport-communication > transport > transport terrestre > transport ferroviaire > moyen de transport ferroviaire > train > wagon,
th-representation-11129,tramway,th-representation-11123,transport-communication > transport > transport terrestre > transport ferroviaire > moyen de transport ferroviaire > tramway,
th-representation-11130,transport par cabine,th-representation-11114,transport-communication > transport > transport terrestre > transport par cabine,
th-representation-11131,téléphérique,th-representation-11130,transport-communication > transport > transport terrestre > transport par cabine > téléphérique,
th-representation-11132,transport par route,th-representation-11114,transport-communication > transport > transport terrestre > transport par route,
th-representation-11133,architecture des routes,th-representation-11132,transport-communication > transport > transport terrestre > transport par route > architecture des routes,
th-representation-11134,borne,th-representation-11133,transport-communication > transport > transport terrestre > transport par route > architecture des routes > borne,
th-representation-11135,montjoie,th-representation-11133,transport-communication > transport > transport terrestre > transport par route > architecture des routes > montjoie,
th-representation-11136,pont,th-representation-11133,transport-communication > transport > transport terrestre > transport par route > architecture des routes > pont,
th-representation-11137,passerelle,th-representation-11136,transport-communication > transport > transport terrestre > transport par route > architecture des routes > pont > passerelle,
th-representation-11138,relais de poste,th-representation-11133,transport-communication > transport > transport terrestre > transport par route > architecture des routes > relais de poste,
th-representation-11139,route,th-representation-11133,transport-communication > transport > transport terrestre > transport par route > architecture des routes > route,
th-representation-11140,autoroute,th-representation-11139,transport-communication > transport > transport terrestre > transport par route > architecture des routes > route > autoroute,
th-representation-11141,tunnel,th-representation-11133,transport-communication > transport > transport terrestre > transport par route > architecture des routes > tunnel,
th-representation-11142,mode de transport par route,th-representation-11132,transport-communication > transport > transport terrestre > transport par route > mode de transport par route,
th-representation-11143,harnais,th-representation-11142,transport-communication > transport > transport terrestre > transport par route > mode de transport par route > harnais,
th-representation-11144,harnachement,th-representation-11143,transport-communication > transport > transport terrestre > transport par route > mode de transport par route > harnais > harnachement,
th-representation-11145,caparaçon,th-representation-11144,transport-communication > transport > transport terrestre > transport par route > mode de transport par route > harnais > harnachement > caparaçon,
th-representation-11146,mors,th-representation-11144,transport-communication > transport > transport terrestre > transport par route > mode de transport par route > harnais > harnachement > mors,
th-representation-11147,moyen de transport par route,th-representation-11142,transport-communication > transport > transport terrestre > transport par route > mode de transport par route > moyen de transport par route,
th-representation-11148,transport par véhicule,th-representation-11147,transport-communication > transport > transport terrestre > transport par route > mode de transport par route > moyen de transport par route > transport par véhicule,
th-representation-11149,cycle,th-representation-11148,transport-communication > transport > transport terrestre > transport par route > mode de transport par route > moyen de transport par route > transport par véhicule > cycle,
th-representation-11150,bicyclette,th-representation-11149,transport-communication > transport > transport terrestre > transport par route > mode de transport par route > moyen de transport par route > transport par véhicule > cycle > bicyclette,
th-representation-11151,moto,th-representation-11149,transport-communication > transport > transport terrestre > transport par route > mode de transport par route > moyen de transport par route > transport par véhicule > cycle > moto,
th-representation-11152,siège roulant,th-representation-11148,transport-communication > transport > transport terrestre > transport par route > mode de transport par route > moyen de transport par route > transport par véhicule > siège roulant,
th-representation-11153,traîneau,th-representation-11148,transport-communication > transport > transport terrestre > transport par route > mode de transport par route > moyen de transport par route > transport par véhicule > traîneau,
th-representation-11154,voiture d'enfant,th-representation-11148,transport-communication > transport > transport terrestre > transport par route > mode de transport par route > moyen de transport par route > transport par véhicule > voiture d'enfant,
th-representation-11155,voiture à attelage,th-representation-11148,transport-communication > transport > transport terrestre > transport par route > mode de transport par route > moyen de transport par route > transport par véhicule > voiture à attelage,
th-representation-11156,carrosse,th-representation-11155,transport-communication > transport > transport terrestre > transport par route > mode de transport par route > moyen de transport par route > transport par véhicule > voiture à attelage > carrosse,
th-representation-11157,char,th-representation-11155,transport-communication > transport > transport terrestre > transport par route > mode de transport par route > moyen de transport par route > transport par véhicule > voiture à attelage > char,
th-representation-11158,charrette,th-representation-11155,transport-communication > transport > transport terrestre > transport par route > mode de transport par route > moyen de transport par route > transport par véhicule > voiture à attelage > charrette,
th-representation-11159,diligence,th-representation-11155,transport-communication > transport > transport terrestre > transport par route > mode de transport par route > moyen de transport par route > transport par véhicule > voiture à attelage > diligence,
th-representation-11160,fiacre,th-representation-11155,transport-communication > transport > transport terrestre > transport par route > mode de transport par route > moyen de transport par route > transport par véhicule > voiture à attelage > fiacre,
th-representation-11161,roulotte,th-representation-11155,transport-communication > transport > transport terrestre > transport par route > mode de transport par route > moyen de transport par route > transport par véhicule > voiture à attelage > roulotte,
th-representation-11162,voiture découverte,th-representation-11155,transport-communication > transport > transport terrestre > transport par route > mode de transport par route > moyen de transport par route > transport par véhicule > voiture à attelage > voiture découverte,
th-representation-11163,voiture à bras,th-representation-11148,transport-communication > transport > transport terrestre > transport par route > mode de transport par route > moyen de transport par route > transport par véhicule > voiture à bras,
th-representation-11164,brouette,th-representation-11163,transport-communication > transport > transport terrestre > transport par route > mode de transport par route > moyen de transport par route > transport par véhicule > voiture à bras > brouette,
th-representation-11165,véhicule automobile,th-representation-11148,transport-communication > transport > transport terrestre > transport par route > mode de transport par route > moyen de transport par route > transport par véhicule > véhicule automobile,
th-representation-11166,autocar,th-representation-11165,transport-communication > transport > transport terrestre > transport par route > mode de transport par route > moyen de transport par route > transport par véhicule > véhicule automobile > autocar,
th-representation-11167,automobile,th-representation-11165,transport-communication > transport > transport terrestre > transport par route > mode de transport par route > moyen de transport par route > transport par véhicule > véhicule automobile > automobile,
th-representation-11168,camion,th-representation-11165,transport-communication > transport > transport terrestre > transport par route > mode de transport par route > moyen de transport par route > transport par véhicule > véhicule automobile > camion,
th-representation-11169,tracteur,th-representation-11165,transport-communication > transport > transport terrestre > transport par route > mode de transport par route > moyen de transport par route > transport par véhicule > véhicule automobile > tracteur,
th-representation-11170,transport à dos d'animal,th-representation-11147,transport-communication > transport > transport terrestre > transport par route > mode de transport par route > moyen de transport par route > transport à dos d'animal,
th-representation-11171,caravane,th-representation-11170,transport-communication > transport > transport terrestre > transport par route > mode de transport par route > moyen de transport par route > transport à dos d'animal > caravane,
th-representation-11172,cavalier,th-representation-11170,transport-communication > transport > transport terrestre > transport par route > mode de transport par route > moyen de transport par route > transport à dos d'animal > cavalier,
th-representation-11173,cavalcade,th-representation-11172,transport-communication > transport > transport terrestre > transport par route > mode de transport par route > moyen de transport par route > transport à dos d'animal > cavalier > cavalcade,"ne s'utilise que pour les cavaliers qui défilent dans une scène profane, distinct de cortège et de procession"
th-representation-11174,transport à pied,th-representation-11142,transport-communication > transport > transport terrestre > transport par route > mode de transport par route > transport à pied,
th-representation-11175,moyen de transport à pied,th-representation-11174,transport-communication > transport > transport terrestre > transport par route > mode de transport par route > transport à pied > moyen de transport à pied,
th-representation-11176,chaise à porteurs,th-representation-11175,transport-communication > transport > transport terrestre > transport par route > mode de transport par route > transport à pied > moyen de transport à pied > chaise à porteurs,
th-representation-11177,litière,th-representation-11175,transport-communication > transport > transport terrestre > transport par route > mode de transport par route > transport à pied > moyen de transport à pied > litière,
th-representation-11178,patin,th-representation-11175,transport-communication > transport > transport terrestre > transport par route > mode de transport par route > transport à pied > moyen de transport à pied > patin,
th-representation-11179,ski,th-representation-11175,transport-communication > transport > transport terrestre > transport par route > mode de transport par route > transport à pied > moyen de transport à pied > ski,
th-representation-11180,échasse,th-representation-11175,transport-communication > transport > transport terrestre > transport par route > mode de transport par route > transport à pied > moyen de transport à pied > échasse,
th-representation-11181,portage,th-representation-11174,transport-communication > transport > transport terrestre > transport par route > mode de transport par route > transport à pied > portage,
th-representation-11182,voie non architecturée,th-representation-11132,transport-communication > transport > transport terrestre > transport par route > voie non architecturée,
th-representation-11183,chemin,th-representation-11182,transport-communication > transport > transport terrestre > transport par route > voie non architecturée > chemin,
th-representation-11184,gué,th-representation-11182,transport-communication > transport > transport terrestre > transport par route > voie non architecturée > gué,
th-representation-11185,vie intellectuelle et scientifique,,vie intellectuelle et scientifique,
th-representation-11186,activité intellectuelle,th-representation-11185,vie intellectuelle et scientifique > activité intellectuelle,
th-representation-11187,expression orale,th-representation-11186,vie intellectuelle et scientifique > activité intellectuelle > expression orale,
th-representation-11188,discussion,th-representation-11187,vie intellectuelle et scientifique > activité intellectuelle > expression orale > discussion,
th-representation-11189,exposé,th-representation-11187,vie intellectuelle et scientifique > activité intellectuelle > expression orale > exposé,
th-representation-11190,éloquence,th-representation-11187,vie intellectuelle et scientifique > activité intellectuelle > expression orale > éloquence,
th-representation-11191,lecture,th-representation-11186,vie intellectuelle et scientifique > activité intellectuelle > lecture,
th-representation-11192,recherche scientifique,th-representation-11186,vie intellectuelle et scientifique > activité intellectuelle > recherche scientifique,
th-representation-11193,exploration,th-representation-11192,vie intellectuelle et scientifique > activité intellectuelle > recherche scientifique > exploration,
th-representation-11194,expérience,th-representation-11192,vie intellectuelle et scientifique > activité intellectuelle > recherche scientifique > expérience,
th-representation-11195,observation,th-representation-11192,vie intellectuelle et scientifique > activité intellectuelle > recherche scientifique > observation,
th-representation-11196,réflexion,th-representation-11186,vie intellectuelle et scientifique > activité intellectuelle > réflexion,
th-representation-11197,écriture,th-representation-11186,vie intellectuelle et scientifique > activité intellectuelle > écriture,
th-representation-11198,étude,th-representation-11186,vie intellectuelle et scientifique > activité intellectuelle > étude,
th-representation-11199,architecture d'activité intellectuelle,th-representation-11185,vie intellectuelle et scientifique > architecture d'activité intellectuelle,
th-representation-11200,bibliothèque,th-representation-11199,vie intellectuelle et scientifique > architecture d'activité intellectuelle > bibliothèque,l'architecture et non le meuble
th-representation-11201,laboratoire,th-representation-11199,vie intellectuelle et scientifique > architecture d'activité intellectuelle > laboratoire,
th-representation-11202,musée,th-representation-11199,vie intellectuelle et scientifique > architecture d'activité intellectuelle > musée,
th-representation-11203,ménagerie,th-representation-11199,vie intellectuelle et scientifique > architecture d'activité intellectuelle > ménagerie,
th-representation-11204,observatoire,th-representation-11199,vie intellectuelle et scientifique > architecture d'activité intellectuelle > observatoire,
th-representation-11205,palais d'exposition,th-representation-11199,vie intellectuelle et scientifique > architecture d'activité intellectuelle > palais d'exposition,
th-representation-11206,scriptorium,th-representation-11199,vie intellectuelle et scientifique > architecture d'activité intellectuelle > scriptorium,
th-representation-11207,courant de pensée,th-representation-11185,vie intellectuelle et scientifique > courant de pensée,
th-representation-11208,courant de pensée identifié,th-representation-11207,vie intellectuelle et scientifique > courant de pensée > courant de pensée identifié,
th-representation-11209,anarchisme,th-representation-11208,vie intellectuelle et scientifique > courant de pensée > courant de pensée identifié > anarchisme,
th-representation-11210,antisémitisme,th-representation-11208,vie intellectuelle et scientifique > courant de pensée > courant de pensée identifié > antisémitisme,
th-representation-11211,colonialisme,th-representation-11208,vie intellectuelle et scientifique > courant de pensée > courant de pensée identifié > colonialisme,
th-representation-11212,fascisme,th-representation-11208,vie intellectuelle et scientifique > courant de pensée > courant de pensée identifié > fascisme,
th-representation-11213,humanisme,th-representation-11208,vie intellectuelle et scientifique > courant de pensée > courant de pensée identifié > humanisme,
th-representation-11214,hérésie cathare,th-representation-11208,vie intellectuelle et scientifique > courant de pensée > courant de pensée identifié > hérésie cathare,
th-representation-11215,jansénisme,th-representation-11208,vie intellectuelle et scientifique > courant de pensée > courant de pensée identifié > jansénisme,
th-representation-11216,marxisme,th-representation-11208,vie intellectuelle et scientifique > courant de pensée > courant de pensée identifié > marxisme,
th-representation-11217,nazisme,th-representation-11208,vie intellectuelle et scientifique > courant de pensée > courant de pensée identifié > nazisme,
th-representation-11218,racisme,th-representation-11208,vie intellectuelle et scientifique > courant de pensée > courant de pensée identifié > racisme,
th-representation-11219,socialisme,th-representation-11208,vie intellectuelle et scientifique > courant de pensée > courant de pensée identifié > socialisme,
th-representation-11220,les sciences,th-representation-11185,vie intellectuelle et scientifique > les sciences,
th-representation-11221,arts libéraux,th-representation-11220,vie intellectuelle et scientifique > les sciences > arts libéraux,
th-representation-11222,le quadrivium,th-representation-11221,vie intellectuelle et scientifique > les sciences > arts libéraux > le quadrivium,"Formé de astronomie, géométrie, arithmétique, musique. Lorsque la représentation ne contient que l'une ou l'autre de ces sciences, mais en tant qu'élément du quadrivium, faire suivre son descripteur de partie de."
th-representation-11223,les arts libéraux,th-representation-11221,vie intellectuelle et scientifique > les sciences > arts libéraux > les arts libéraux,
th-representation-11224,trivium,th-representation-11221,vie intellectuelle et scientifique > les sciences > arts libéraux > trivium,
th-representation-11225,dialectique,th-representation-11224,vie intellectuelle et scientifique > les sciences > arts libéraux > trivium > dialectique,
th-representation-11226,grammaire,th-representation-11224,vie intellectuelle et scientifique > les sciences > arts libéraux > trivium > grammaire,
th-representation-11227,le trivium,th-representation-11224,vie intellectuelle et scientifique > les sciences > arts libéraux > trivium > le trivium,
th-representation-11228,rhétorique,th-representation-11224,vie intellectuelle et scientifique > les sciences > arts libéraux > trivium > rhétorique,
th-representation-11229,philosophie,th-representation-11220,vie intellectuelle et scientifique > les sciences > philosophie,
th-representation-11230,logique,th-representation-11229,vie intellectuelle et scientifique > les sciences > philosophie > logique,
th-representation-11231,sciences de l'homme,th-representation-11220,vie intellectuelle et scientifique > les sciences > sciences de l'homme,
th-representation-11232,géographie,th-representation-11231,vie intellectuelle et scientifique > les sciences > sciences de l'homme > géographie,
th-representation-11233,histoire,th-representation-11231,vie intellectuelle et scientifique > les sciences > sciences de l'homme > histoire,
th-representation-11234,archéologie,th-representation-11233,vie intellectuelle et scientifique > les sciences > sciences de l'homme > histoire > archéologie,
th-representation-11235,psychologie,th-representation-11231,vie intellectuelle et scientifique > les sciences > sciences de l'homme > psychologie,
th-representation-11236,sociologie,th-representation-11231,vie intellectuelle et scientifique > les sciences > sciences de l'homme > sociologie,
th-representation-11237,sciences de la nature,th-representation-11220,vie intellectuelle et scientifique > les sciences > sciences de la nature,
th-representation-11238,sciences de la matière,th-representation-11237,vie intellectuelle et scientifique > les sciences > sciences de la nature > sciences de la matière,
th-representation-11239,astronomie,th-representation-11238,vie intellectuelle et scientifique > les sciences > sciences de la nature > sciences de la matière > astronomie,
th-representation-11240,chimie,th-representation-11238,vie intellectuelle et scientifique > les sciences > sciences de la nature > sciences de la matière > chimie,
th-representation-11241,géologie,th-representation-11238,vie intellectuelle et scientifique > les sciences > sciences de la nature > sciences de la matière > géologie,
th-representation-11242,physique,th-representation-11238,vie intellectuelle et scientifique > les sciences > sciences de la nature > sciences de la matière > physique,
th-representation-11243,sciences de la vie,th-representation-11237,vie intellectuelle et scientifique > les sciences > sciences de la nature > sciences de la vie,
th-representation-11244,anatomie,th-representation-11243,vie intellectuelle et scientifique > les sciences > sciences de la nature > sciences de la vie > anatomie,
th-representation-11245,biologie,th-representation-11243,vie intellectuelle et scientifique > les sciences > sciences de la nature > sciences de la vie > biologie,
th-representation-11246,botanique,th-representation-11243,vie intellectuelle et scientifique > les sciences > sciences de la nature > sciences de la vie > botanique,
th-representation-11247,zoologie,th-representation-11243,vie intellectuelle et scientifique > les sciences > sciences de la nature > sciences de la vie > zoologie,
th-representation-11248,taxidermie,th-representation-11247,vie intellectuelle et scientifique > les sciences > sciences de la nature > sciences de la vie > zoologie > taxidermie,
th-representation-11249,sciences juridiques,th-representation-11220,vie intellectuelle et scientifique > les sciences > sciences juridiques,
th-representation-11250,sciences mathématiques,th-representation-11220,vie intellectuelle et scientifique > les sciences > sciences mathématiques,
th-representation-11251,arithmétique,th-representation-11250,vie intellectuelle et scientifique > les sciences > sciences mathématiques > arithmétique,
th-representation-11252,géométrie,th-representation-11250,vie intellectuelle et scientifique > les sciences > sciences mathématiques > géométrie,
th-representation-11253,sciences occultes,th-representation-11220,vie intellectuelle et scientifique > les sciences > sciences occultes,
th-representation-11254,alchimie,th-representation-11253,vie intellectuelle et scientifique > les sciences > sciences occultes > alchimie,
th-representation-11255,astrologie,th-representation-11253,vie intellectuelle et scientifique > les sciences > sciences occultes > astrologie,
th-representation-11256,divination,th-representation-11253,vie intellectuelle et scientifique > les sciences > sciences occultes > divination,
th-representation-11257,cartomancie,th-representation-11256,vie intellectuelle et scientifique > les sciences > sciences occultes > divination > cartomancie,
th-representation-11258,chiromancie,th-representation-11256,vie intellectuelle et scientifique > les sciences > sciences occultes > divination > chiromancie,
th-representation-11259,nécromancie,th-representation-11256,vie intellectuelle et scientifique > les sciences > sciences occultes > divination > nécromancie,
th-representation-11260,magie,th-representation-11253,vie intellectuelle et scientifique > les sciences > sciences occultes > magie,
th-representation-11261,sorcellerie,th-representation-11260,vie intellectuelle et scientifique > les sciences > sciences occultes > magie > sorcellerie,
th-representation-11262,objet d'activité intellectuelle,th-representation-11185,vie intellectuelle et scientifique > objet d'activité intellectuelle,
th-representation-11263,figuration scientifique,th-representation-11262,vie intellectuelle et scientifique > objet d'activité intellectuelle > figuration scientifique,
th-representation-11264,carte,th-representation-11263,vie intellectuelle et scientifique > objet d'activité intellectuelle > figuration scientifique > carte,
th-representation-11265,dessin scientifique,th-representation-11263,vie intellectuelle et scientifique > objet d'activité intellectuelle > figuration scientifique > dessin scientifique,
th-representation-11266,plans,th-representation-11263,vie intellectuelle et scientifique > objet d'activité intellectuelle > figuration scientifique > plans,
th-representation-11267,coupe-dessin,th-representation-11266,vie intellectuelle et scientifique > objet d'activité intellectuelle > figuration scientifique > plans > coupe-dessin,"évite l'homonymie avec le mot coupe 8,1.5.1."
th-representation-11268,plan,th-representation-11266,vie intellectuelle et scientifique > objet d'activité intellectuelle > figuration scientifique > plans > plan,
th-representation-11269,profil,th-representation-11266,vie intellectuelle et scientifique > objet d'activité intellectuelle > figuration scientifique > plans > profil,
th-representation-11270,élévation,th-representation-11266,vie intellectuelle et scientifique > objet d'activité intellectuelle > figuration scientifique > plans > élévation,
th-representation-11271,sphère,th-representation-11263,vie intellectuelle et scientifique > objet d'activité intellectuelle > figuration scientifique > sphère,"la sphère peut représenter la terre, le ciel ou le cosmos (sphère armillaire), le préciser"
th-representation-11272,instrument scientifique,th-representation-11262,vie intellectuelle et scientifique > objet d'activité intellectuelle > instrument scientifique,
th-representation-11273,instrument d'optique,th-representation-11272,vie intellectuelle et scientifique > objet d'activité intellectuelle > instrument scientifique > instrument d'optique,
th-representation-11274,loupe,th-representation-11273,vie intellectuelle et scientifique > objet d'activité intellectuelle > instrument scientifique > instrument d'optique > loupe,
th-representation-11275,lunette,th-representation-11273,vie intellectuelle et scientifique > objet d'activité intellectuelle > instrument scientifique > instrument d'optique > lunette,"sens large, jumelles, lorgnette."
th-representation-11276,microscope,th-representation-11273,vie intellectuelle et scientifique > objet d'activité intellectuelle > instrument scientifique > instrument d'optique > microscope,
th-representation-11277,télescope,th-representation-11273,vie intellectuelle et scientifique > objet d'activité intellectuelle > instrument scientifique > instrument d'optique > télescope,
th-representation-11278,instrument de calcul,th-representation-11272,vie intellectuelle et scientifique > objet d'activité intellectuelle > instrument scientifique > instrument de calcul,
th-representation-11279,abaque,th-representation-11278,vie intellectuelle et scientifique > objet d'activité intellectuelle > instrument scientifique > instrument de calcul > abaque,
th-representation-11280,instrument de mesure,th-representation-11272,vie intellectuelle et scientifique > objet d'activité intellectuelle > instrument scientifique > instrument de mesure,
th-representation-11281,astrolabe,th-representation-11280,vie intellectuelle et scientifique > objet d'activité intellectuelle > instrument scientifique > instrument de mesure > astrolabe,
th-representation-11282,baromètre,th-representation-11280,vie intellectuelle et scientifique > objet d'activité intellectuelle > instrument scientifique > instrument de mesure > baromètre,
th-representation-11283,boussole,th-representation-11280,vie intellectuelle et scientifique > objet d'activité intellectuelle > instrument scientifique > instrument de mesure > boussole,
th-representation-11284,compas,th-representation-11280,vie intellectuelle et scientifique > objet d'activité intellectuelle > instrument scientifique > instrument de mesure > compas,
th-representation-11285,girouette,th-representation-11280,vie intellectuelle et scientifique > objet d'activité intellectuelle > instrument scientifique > instrument de mesure > girouette,
th-representation-11286,instrument de mesure du temps,th-representation-11280,vie intellectuelle et scientifique > objet d'activité intellectuelle > instrument scientifique > instrument de mesure > instrument de mesure du temps,
th-representation-11287,cadran solaire,th-representation-11286,vie intellectuelle et scientifique > objet d'activité intellectuelle > instrument scientifique > instrument de mesure > instrument de mesure du temps > cadran solaire,
th-representation-11288,horloge,th-representation-11286,vie intellectuelle et scientifique > objet d'activité intellectuelle > instrument scientifique > instrument de mesure > instrument de mesure du temps > horloge,
th-representation-11289,montre,th-representation-11286,vie intellectuelle et scientifique > objet d'activité intellectuelle > instrument scientifique > instrument de mesure > instrument de mesure du temps > montre,
th-representation-11290,pendule,th-representation-11286,vie intellectuelle et scientifique > objet d'activité intellectuelle > instrument scientifique > instrument de mesure > instrument de mesure du temps > pendule,
th-representation-11291,sablier,th-representation-11286,vie intellectuelle et scientifique > objet d'activité intellectuelle > instrument scientifique > instrument de mesure > instrument de mesure du temps > sablier,
th-representation-11292,instrument de pesée,th-representation-11280,vie intellectuelle et scientifique > objet d'activité intellectuelle > instrument scientifique > instrument de mesure > instrument de pesée,
th-representation-11293,balance,th-representation-11292,vie intellectuelle et scientifique > objet d'activité intellectuelle > instrument scientifique > instrument de mesure > instrument de pesée > balance,
th-representation-11294,poids,th-representation-11292,vie intellectuelle et scientifique > objet d'activité intellectuelle > instrument scientifique > instrument de mesure > instrument de pesée > poids,
th-representation-11295,équerre,th-representation-11280,vie intellectuelle et scientifique > objet d'activité intellectuelle > instrument scientifique > instrument de mesure > équerre,
th-representation-11296,l'écrit et le matériel d'écriture,th-representation-11262,vie intellectuelle et scientifique > objet d'activité intellectuelle > l'écrit et le matériel d'écriture,
th-representation-11297,matériel d'écriture,th-representation-11296,vie intellectuelle et scientifique > objet d'activité intellectuelle > l'écrit et le matériel d'écriture > matériel d'écriture,
th-representation-11298,encrier,th-representation-11297,vie intellectuelle et scientifique > objet d'activité intellectuelle > l'écrit et le matériel d'écriture > matériel d'écriture > encrier,
th-representation-11299,encrier portatif,th-representation-11298,vie intellectuelle et scientifique > objet d'activité intellectuelle > l'écrit et le matériel d'écriture > matériel d'écriture > encrier > encrier portatif,
th-representation-11300,instrument d'écriture,th-representation-11297,vie intellectuelle et scientifique > objet d'activité intellectuelle > l'écrit et le matériel d'écriture > matériel d'écriture > instrument d'écriture,
th-representation-11301,écritoire,th-representation-11297,vie intellectuelle et scientifique > objet d'activité intellectuelle > l'écrit et le matériel d'écriture > matériel d'écriture > écritoire,
th-representation-11302,écrit,th-representation-11296,vie intellectuelle et scientifique > objet d'activité intellectuelle > l'écrit et le matériel d'écriture > écrit,
th-representation-11303,feuillet,th-representation-11302,vie intellectuelle et scientifique > objet d'activité intellectuelle > l'écrit et le matériel d'écriture > écrit > feuillet,"toute feuille écrite, évite l'homonymie avec la feuille végétale"
th-representation-11304,livre,th-representation-11302,vie intellectuelle et scientifique > objet d'activité intellectuelle > l'écrit et le matériel d'écriture > écrit > livre,
th-representation-11305,livre imprimé,th-representation-11304,vie intellectuelle et scientifique > objet d'activité intellectuelle > l'écrit et le matériel d'écriture > écrit > livre > livre imprimé,
th-representation-11306,manuscrit,th-representation-11304,vie intellectuelle et scientifique > objet d'activité intellectuelle > l'écrit et le matériel d'écriture > écrit > livre > manuscrit,
th-representation-11307,texte sacré,th-representation-11304,vie intellectuelle et scientifique > objet d'activité intellectuelle > l'écrit et le matériel d'écriture > écrit > livre > texte sacré,
th-representation-11308,registre,th-representation-11302,vie intellectuelle et scientifique > objet d'activité intellectuelle > l'écrit et le matériel d'écriture > écrit > registre,
th-representation-11309,rouleau,th-representation-11302,vie intellectuelle et scientifique > objet d'activité intellectuelle > l'écrit et le matériel d'écriture > écrit > rouleau,
th-representation-11310,tablette,th-representation-11302,vie intellectuelle et scientifique > objet d'activité intellectuelle > l'écrit et le matériel d'écriture > écrit > tablette,
th-representation-11311,profession intellectuelle,th-representation-11185,vie intellectuelle et scientifique > profession intellectuelle,
th-representation-11312,homme de lettres,th-representation-11311,vie intellectuelle et scientifique > profession intellectuelle > homme de lettres,auteur d'œuvres d'imagination
th-representation-11313,homme de sciences,th-representation-11311,vie intellectuelle et scientifique > profession intellectuelle > homme de sciences,
th-representation-11314,savant,th-representation-11311,vie intellectuelle et scientifique > profession intellectuelle > savant,
th-representation-11315,valeur intellectuelle,th-representation-11185,vie intellectuelle et scientifique > valeur intellectuelle,
th-representation-11316,doute,th-representation-11315,vie intellectuelle et scientifique > valeur intellectuelle > doute,
th-representation-11317,erreur,th-representation-11315,vie intellectuelle et scientifique > valeur intellectuelle > erreur,
th-representation-11318,vérité,th-representation-11315,vie intellectuelle et scientifique > valeur intellectuelle > vérité,
th-representation-11319,vie politique et administrative,,vie politique et administrative,
th-representation-11320,activité politique,th-representation-11319,vie politique et administrative > activité politique,
th-representation-11321,parti politique,th-representation-11320,vie politique et administrative > activité politique > parti politique,
th-representation-11327,architecture de la vie politique et administrative,th-representation-11319,vie politique et administrative > architecture de la vie politique et administrative,
th-representation-11328,édicule public,th-representation-11327,vie politique et administrative > architecture de la vie politique et administrative > édicule public,
th-representation-11329,pilori,th-representation-11328,vie politique et administrative > architecture de la vie politique et administrative > édicule public > pilori,
th-representation-11330,porte de ville,th-representation-11328,vie politique et administrative > architecture de la vie politique et administrative > édicule public > porte de ville,
th-representation-11331,édifice de l'administration ou de la vie publique,th-representation-11327,vie politique et administrative > architecture de la vie politique et administrative > édifice de l'administration ou de la vie publique,
th-representation-11332,beffroi,th-representation-11331,vie politique et administrative > architecture de la vie politique et administrative > édifice de l'administration ou de la vie publique > beffroi,
th-representation-11333,mairie,th-representation-11331,vie politique et administrative > architecture de la vie politique et administrative > édifice de l'administration ou de la vie publique > mairie,
th-representation-11334,palais de justice,th-representation-11331,vie politique et administrative > architecture de la vie politique et administrative > édifice de l'administration ou de la vie publique > palais de justice,
th-representation-11335,poste de police,th-representation-11331,vie politique et administrative > architecture de la vie politique et administrative > édifice de l'administration ou de la vie publique > poste de police,
th-representation-11336,prison,th-representation-11331,vie politique et administrative > architecture de la vie politique et administrative > édifice de l'administration ou de la vie publique > prison,
th-representation-11337,préfecture,th-representation-11331,vie politique et administrative > architecture de la vie politique et administrative > édifice de l'administration ou de la vie publique > préfecture,
th-representation-11338,colonisation,th-representation-11319,vie politique et administrative > colonisation,voir aussi guerre coloniale
th-representation-11339,communauté politique,th-representation-11319,vie politique et administrative > communauté politique,
th-representation-11340,cité,th-representation-11339,vie politique et administrative > communauté politique > cité,
th-representation-11341,département,th-representation-11339,vie politique et administrative > communauté politique > département,
th-representation-11342,nation,th-representation-11339,vie politique et administrative > communauté politique > nation,
th-representation-11343,patrie,th-representation-11339,vie politique et administrative > communauté politique > patrie,
th-representation-11344,province,th-representation-11339,vie politique et administrative > communauté politique > province,
th-representation-11345,tribu,th-representation-11339,vie politique et administrative > communauté politique > tribu,
th-representation-11346,constitution,th-representation-11319,vie politique et administrative > constitution,
th-representation-11347,le pouvoir,th-representation-11319,vie politique et administrative > le pouvoir,
th-representation-11348,accession au pouvoir,th-representation-11347,vie politique et administrative > le pouvoir > accession au pouvoir,
th-representation-11349,association au pouvoir,th-representation-11348,vie politique et administrative > le pouvoir > accession au pouvoir > association au pouvoir,
th-representation-11350,coup d'état,th-representation-11348,vie politique et administrative > le pouvoir > accession au pouvoir > coup d'état,
th-representation-11351,couronnement,th-representation-11348,vie politique et administrative > le pouvoir > accession au pouvoir > couronnement,
th-representation-11352,investiture,th-representation-11348,vie politique et administrative > le pouvoir > accession au pouvoir > investiture,
th-representation-11353,proclamation,th-representation-11348,vie politique et administrative > le pouvoir > accession au pouvoir > proclamation,
th-representation-11354,élection,th-representation-11348,vie politique et administrative > le pouvoir > accession au pouvoir > élection,
th-representation-11355,exercice du pouvoir,th-representation-11347,vie politique et administrative > le pouvoir > exercice du pouvoir,
th-representation-11356,pouvoir exécutif,th-representation-11355,vie politique et administrative > le pouvoir > exercice du pouvoir > pouvoir exécutif,
th-representation-11357,acte de gouvernement,th-representation-11356,vie politique et administrative > le pouvoir > exercice du pouvoir > pouvoir exécutif > acte de gouvernement,
th-representation-11358,nomination,th-representation-11357,vie politique et administrative > le pouvoir > exercice du pouvoir > pouvoir exécutif > acte de gouvernement > nomination,"à une fonction, un emploi, une dignité"
th-representation-11359,audience,th-representation-11356,vie politique et administrative > le pouvoir > exercice du pouvoir > pouvoir exécutif > audience,"réception dans l'exercice d'une fonction publique, distinet de entrevue"
th-representation-11360,conseil,th-representation-11356,vie politique et administrative > le pouvoir > exercice du pouvoir > pouvoir exécutif > conseil,
th-representation-11361,pouvoir judiciaire,th-representation-11355,vie politique et administrative > le pouvoir > exercice du pouvoir > pouvoir judiciaire,préciser fustice ecclésiastique s'il y a lieu
th-representation-11362,arrestation,th-representation-11361,vie politique et administrative > le pouvoir > exercice du pouvoir > pouvoir judiciaire > arrestation,
th-representation-11363,châtiment judiciaire,th-representation-11361,vie politique et administrative > le pouvoir > exercice du pouvoir > pouvoir judiciaire > châtiment judiciaire,
th-representation-11364,emprisonnement,th-representation-11363,vie politique et administrative > le pouvoir > exercice du pouvoir > pouvoir judiciaire > châtiment judiciaire > emprisonnement,
th-representation-11365,évasion,th-representation-11364,vie politique et administrative > le pouvoir > exercice du pouvoir > pouvoir judiciaire > châtiment judiciaire > emprisonnement > évasion,
th-representation-11366,exil,th-representation-11363,vie politique et administrative > le pouvoir > exercice du pouvoir > pouvoir judiciaire > châtiment judiciaire > exil,"bannissement, déportation."
th-representation-11367,peine de mort,th-representation-11363,vie politique et administrative > le pouvoir > exercice du pouvoir > pouvoir judiciaire > châtiment judiciaire > peine de mort,à compléter par un spécifique de forme de mort
th-representation-11368,supplice,th-representation-11363,vie politique et administrative > le pouvoir > exercice du pouvoir > pouvoir judiciaire > châtiment judiciaire > supplice,
th-representation-11369,carcan,th-representation-11368,vie politique et administrative > le pouvoir > exercice du pouvoir > pouvoir judiciaire > châtiment judiciaire > supplice > carcan,
th-representation-11370,crucifiement,th-representation-11368,vie politique et administrative > le pouvoir > exercice du pouvoir > pouvoir judiciaire > châtiment judiciaire > supplice > crucifiement,
th-representation-11371,guillotine,th-representation-11368,vie politique et administrative > le pouvoir > exercice du pouvoir > pouvoir judiciaire > châtiment judiciaire > supplice > guillotine,
th-representation-11372,travaux forcés,th-representation-11363,vie politique et administrative > le pouvoir > exercice du pouvoir > pouvoir judiciaire > châtiment judiciaire > travaux forcés,
th-representation-11373,bagne,th-representation-11372,vie politique et administrative > le pouvoir > exercice du pouvoir > pouvoir judiciaire > châtiment judiciaire > travaux forcés > bagne,
th-representation-11374,instruction judiciaire,th-representation-11361,vie politique et administrative > le pouvoir > exercice du pouvoir > pouvoir judiciaire > instruction judiciaire,
th-representation-11375,interrogatoire,th-representation-11374,vie politique et administrative > le pouvoir > exercice du pouvoir > pouvoir judiciaire > instruction judiciaire > interrogatoire,
th-representation-11376,ordalie,th-representation-11375,vie politique et administrative > le pouvoir > exercice du pouvoir > pouvoir judiciaire > instruction judiciaire > interrogatoire > ordalie,
th-representation-11377,torture,th-representation-11375,vie politique et administrative > le pouvoir > exercice du pouvoir > pouvoir judiciaire > instruction judiciaire > interrogatoire > torture,
th-representation-11378,jugement,th-representation-11361,vie politique et administrative > le pouvoir > exercice du pouvoir > pouvoir judiciaire > jugement,
th-representation-11379,accusation,th-representation-11378,vie politique et administrative > le pouvoir > exercice du pouvoir > pouvoir judiciaire > jugement > accusation,
th-representation-11380,déposition,th-representation-11378,vie politique et administrative > le pouvoir > exercice du pouvoir > pouvoir judiciaire > jugement > déposition,
th-representation-11381,grâce,th-representation-11378,vie politique et administrative > le pouvoir > exercice du pouvoir > pouvoir judiciaire > jugement > grâce,
th-representation-11382,plaidoirie,th-representation-11378,vie politique et administrative > le pouvoir > exercice du pouvoir > pouvoir judiciaire > jugement > plaidoirie,
th-representation-11383,sentence,th-representation-11378,vie politique et administrative > le pouvoir > exercice du pouvoir > pouvoir judiciaire > jugement > sentence,
th-representation-11384,pouvoir législatif,th-representation-11355,vie politique et administrative > le pouvoir > exercice du pouvoir > pouvoir législatif,
th-representation-11385,assemblée,th-representation-11384,vie politique et administrative > le pouvoir > exercice du pouvoir > pouvoir législatif > assemblée,
th-representation-11386,loi,th-representation-11384,vie politique et administrative > le pouvoir > exercice du pouvoir > pouvoir législatif > loi,
th-representation-11387,perte du pouvoir,th-representation-11347,vie politique et administrative > le pouvoir > perte du pouvoir,
th-representation-11388,abdication,th-representation-11387,vie politique et administrative > le pouvoir > perte du pouvoir > abdication,
th-representation-11389,destitution,th-representation-11387,vie politique et administrative > le pouvoir > perte du pouvoir > destitution,
th-representation-11390,manifestation officielle,th-representation-11319,vie politique et administrative > manifestation officielle,
th-representation-11391,commémoration,th-representation-11390,vie politique et administrative > manifestation officielle > commémoration,
th-representation-11392,cortège,th-representation-11390,vie politique et administrative > manifestation officielle > cortège,"distinct de procession, cavalcade, défilé"
th-representation-11393,fondation,th-representation-11390,vie politique et administrative > manifestation officielle > fondation,"création d'une ville, d'un établissement, d'une institution."
th-representation-11394,inauguration,th-representation-11390,vie politique et administrative > manifestation officielle > inauguration,
th-representation-11395,visite officielle,th-representation-11390,vie politique et administrative > manifestation officielle > visite officielle,"par exemple l'entrée d'un roi dans une ville, distinct de entrevue et audience -"
th-representation-11396,numéraire,th-representation-11319,vie politique et administrative > numéraire,
th-representation-11397,billet de banque,th-representation-11396,vie politique et administrative > numéraire > billet de banque,
th-representation-11398,monnaie,th-representation-11396,vie politique et administrative > numéraire > monnaie,
th-representation-12036,reine,th-representation-11576,vie politique et administrative > personnage politique > chef d'état > souverain > reine,"pour les reines et impératrices identifiées ayant régné, voir chef d'état identifié; pour celles n'ayant pas régné, voir quidam"
th-representation-12532,haut fonctionnaire,th-representation-12531,vie politique et administrative > personnage politique > homme politique > haut fonctionnaire,"agent du pouvoir (ambassadeur, préfet, gouverneur, intendant d'ancien régime.)"
th-representation-12535,magistrat,th-representation-11399,vie politique et administrative > personnage politique > magistrat,"sens restrictif, réservé aux autorités civiles à l'exclusion des personnages judiciaires"
th-representation-12537,profession administrative et judiciaire,th-representation-11319,vie politique et administrative > profession administrative et judiciaire,
th-representation-12538,officier ministériel,th-representation-12537,vie politique et administrative > profession administrative et judiciaire > officier ministériel,"huissier, avoué, notaire."
th-representation-12539,profession administrative,th-representation-12537,vie politique et administrative > profession administrative et judiciaire > profession administrative,
th-representation-12540,fonctionnaire,th-representation-12539,vie politique et administrative > profession administrative et judiciaire > profession administrative > fonctionnaire,
th-representation-12541,profession judiciaire,th-representation-12537,vie politique et administrative > profession administrative et judiciaire > profession judiciaire,
th-representation-12542,avocat,th-representation-12541,vie politique et administrative > profession administrative et judiciaire > profession judiciaire > avocat,
th-representation-12543,bourreau,th-representation-12541,vie politique et administrative > profession administrative et judiciaire > profession judiciaire > bourreau,
th-representation-12544,geôlier,th-representation-12541,vie politique et administrative > profession administrative et judiciaire > profession judiciaire > geôlier,
th-representation-12545,juge,th-representation-12541,vie politique et administrative > profession administrative et judiciaire > profession judiciaire > juge,
th-representation-12546,procureur,th-representation-12541,vie politique et administrative > profession administrative et judiciaire > profession judiciaire > procureur,
th-representation-12547,relations internationales,th-representation-11319,vie politique et administrative > relations internationales,
th-representation-12548,diplomatie,th-representation-12547,vie politique et administrative > relations internationales > diplomatie,
th-representation-12549,alliance,th-representation-12548,vie politique et administrative > relations internationales > diplomatie > alliance,
th-representation-12550,ambassade,th-representation-12548,vie politique et administrative > relations internationales > diplomatie > ambassade,
th-representation-12551,incident diplomatique,th-representation-12548,vie politique et administrative > relations internationales > diplomatie > incident diplomatique,
th-representation-12552,traité,th-representation-12548,vie politique et administrative > relations internationales > diplomatie > traité,
th-representation-12553,entrevue,th-representation-12547,vie politique et administrative > relations internationales > entrevue,
th-representation-12554,régime politique,th-representation-11319,vie politique et administrative > régime politique,
th-representation-12555,dictature,th-representation-12554,vie politique et administrative > régime politique > dictature,
th-representation-12556,démocratie,th-representation-12554,vie politique et administrative > régime politique > démocratie,
th-representation-12557,monarchie,th-representation-12554,vie politique et administrative > régime politique > monarchie,
th-representation-12558,service public,th-representation-11319,vie politique et administrative > service public,
th-representation-12559,administration,th-representation-12558,vie politique et administrative > service public > administration,
th-representation-12560,finances,th-representation-12558,vie politique et administrative > service public > finances,
th-representation-12561,douane,th-representation-12560,vie politique et administrative > service public > finances > douane,
th-representation-12562,fiscalité,th-representation-12560,vie politique et administrative > service public > finances > fiscalité,
th-representation-12563,octroi,th-representation-12562,vie politique et administrative > service public > finances > fiscalité > octroi,
th-representation-12564,perception,th-representation-12562,vie politique et administrative > service public > finances > fiscalité > perception,
th-representation-12565,sécurité,th-representation-12558,vie politique et administrative > service public > sécurité,
th-representation-12566,défense civile,th-representation-12565,vie politique et administrative > service public > sécurité > défense civile,
th-representation-12567,police,th-representation-12565,vie politique et administrative > service public > sécurité > police,
th-representation-12568,pompier,th-representation-12565,vie politique et administrative > service public > sécurité > pompier,
th-representation-12569,état civil,th-representation-12558,vie politique et administrative > service public > état civil,
th-representation-12570,recensement,th-representation-12569,vie politique et administrative > service public > état civil > recensement,
th-representation-12571,type d'état,th-representation-11319,vie politique et administrative > type d'état,
th-representation-12572,empire,th-representation-12571,vie politique et administrative > type d'état > empire,
th-representation-12573,royaume,th-representation-12571,vie politique et administrative > type d'état > royaume,
th-representation-12574,république,th-representation-12571,vie politique et administrative > type d'état > république,
th-representation-12575,vie psychologique et morale,,vie psychologique et morale,
th-representation-12576,vie morale,th-representation-12575,vie psychologique et morale > vie morale,
th-representation-12577,comportement moral,th-representation-12576,vie psychologique et morale > vie morale > comportement moral,
th-representation-12578,culpabilité,th-representation-12577,vie psychologique et morale > vie morale > comportement moral > culpabilité,
th-representation-12579,promesse,th-representation-12577,vie psychologique et morale > vie morale > comportement moral > promesse,
th-representation-12580,serment,th-representation-12579,vie psychologique et morale > vie morale > comportement moral > promesse > serment,
th-representation-12581,remords,th-representation-12577,vie psychologique et morale > vie morale > comportement moral > remords,
th-representation-12582,repentir,th-representation-12577,vie psychologique et morale > vie morale > comportement moral > repentir,
th-representation-12583,tentation,th-representation-12577,vie psychologique et morale > vie morale > comportement moral > tentation,"compléter par combat spirituel, s'il y a lieu blant dépasser les déterminations humaines"
th-representation-12584,témérité,th-representation-12577,vie psychologique et morale > vie morale > comportement moral > témérité,
th-representation-12585,défaut moral,th-representation-12576,vie psychologique et morale > vie morale > défaut moral,
th-representation-12586,calomnie,th-representation-12585,vie psychologique et morale > vie morale > défaut moral > calomnie,
th-representation-12587,curiosité,th-representation-12585,vie psychologique et morale > vie morale > défaut moral > curiosité,
th-representation-12588,discorde,th-representation-12585,vie psychologique et morale > vie morale > défaut moral > discorde,
th-representation-12589,désobéissance,th-representation-12585,vie psychologique et morale > vie morale > défaut moral > désobéissance,
th-representation-12590,hypocrisie,th-representation-12585,vie psychologique et morale > vie morale > défaut moral > hypocrisie,
th-representation-12591,irrespect,th-representation-12585,vie psychologique et morale > vie morale > défaut moral > irrespect,
th-representation-12592,lâcheté,th-representation-12585,vie psychologique et morale > vie morale > défaut moral > lâcheté,
th-representation-12593,mensonge,th-representation-12585,vie psychologique et morale > vie morale > défaut moral > mensonge,
th-representation-12594,méchanceté,th-representation-12585,vie psychologique et morale > vie morale > défaut moral > méchanceté,
th-representation-12595,négligence,th-representation-12585,vie psychologique et morale > vie morale > défaut moral > négligence,
th-representation-12596,obscénité,th-representation-12585,vie psychologique et morale > vie morale > défaut moral > obscénité,
th-representation-12597,subversion,th-representation-12585,vie psychologique et morale > vie morale > défaut moral > subversion,
th-representation-12598,vice,th-representation-12585,vie psychologique et morale > vie morale > défaut moral > vice,
th-representation-12599,avarice,th-representation-12598,vie psychologique et morale > vie morale > défaut moral > vice > avarice,
th-representation-12600,colère,th-representation-12598,vie psychologique et morale > vie morale > défaut moral > vice > colère,
th-representation-12601,cupidité,th-representation-12598,vie psychologique et morale > vie morale > défaut moral > vice > cupidité,
th-representation-12602,envie,th-representation-12598,vie psychologique et morale > vie morale > défaut moral > vice > envie,
th-representation-12603,gourmandise,th-representation-12598,vie psychologique et morale > vie morale > défaut moral > vice > gourmandise,
th-representation-12604,jalousie,th-representation-12598,vie psychologique et morale > vie morale > défaut moral > vice > jalousie,
th-representation-12605,luxure,th-representation-12598,vie psychologique et morale > vie morale > défaut moral > vice > luxure,
th-representation-12606,orgueil,th-representation-12598,vie psychologique et morale > vie morale > défaut moral > vice > orgueil,
th-representation-12607,paresse,th-representation-12598,vie psychologique et morale > vie morale > défaut moral > vice > paresse,
th-representation-12608,fortune,th-representation-12576,vie psychologique et morale > vie morale > fortune,
th-representation-12609,porte-bonheur,th-representation-12608,vie psychologique et morale > vie morale > fortune > porte-bonheur,
th-representation-12610,qualité morale,th-representation-12576,vie psychologique et morale > vie morale > qualité morale,
th-representation-12611,chasteté,th-representation-12610,vie psychologique et morale > vie morale > qualité morale > chasteté,
th-representation-12612,civisme,th-representation-12610,vie psychologique et morale > vie morale > qualité morale > civisme,
th-representation-12613,dévouement,th-representation-12610,vie psychologique et morale > vie morale > qualité morale > dévouement,
th-representation-12614,fidélité,th-representation-12610,vie psychologique et morale > vie morale > qualité morale > fidélité,
th-representation-12615,gratitude,th-representation-12610,vie psychologique et morale > vie morale > qualité morale > gratitude,
th-representation-12616,générosité,th-representation-12610,vie psychologique et morale > vie morale > qualité morale > générosité,
th-representation-12617,honnêteté,th-representation-12610,vie psychologique et morale > vie morale > qualité morale > honnêteté,
th-representation-12618,humilité,th-representation-12610,vie psychologique et morale > vie morale > qualité morale > humilité,
th-representation-12619,héroïsme,th-representation-12610,vie psychologique et morale > vie morale > qualité morale > héroïsme,
th-representation-12620,loyauté,th-representation-12610,vie psychologique et morale > vie morale > qualité morale > loyauté,
th-representation-12621,modestie,th-representation-12610,vie psychologique et morale > vie morale > qualité morale > modestie,
th-representation-12622,obéissance,th-representation-12610,vie psychologique et morale > vie morale > qualité morale > obéissance,
th-representation-12623,politesse,th-representation-12610,vie psychologique et morale > vie morale > qualité morale > politesse,
th-representation-12624,respect,th-representation-12610,vie psychologique et morale > vie morale > qualité morale > respect,
th-representation-12625,sobriété,th-representation-12610,vie psychologique et morale > vie morale > qualité morale > sobriété,
th-representation-12626,vertu,th-representation-12610,vie psychologique et morale > vie morale > qualité morale > vertu,
th-representation-12627,force,th-representation-12626,vie psychologique et morale > vie morale > qualité morale > vertu > force,
th-representation-12628,justice,th-representation-12626,vie psychologique et morale > vie morale > qualité morale > vertu > justice,
th-representation-12629,les vertus cardinales,th-representation-12626,vie psychologique et morale > vie morale > qualité morale > vertu > les vertus cardinales,représentation vertus cardinales traditionnelles le plus souvent sous forme allégorique
th-representation-12630,prudence,th-representation-12626,vie psychologique et morale > vie morale > qualité morale > vertu > prudence,
th-representation-12631,tempérance,th-representation-12626,vie psychologique et morale > vie morale > qualité morale > vertu > tempérance,
th-representation-12632,zèle,th-representation-12610,vie psychologique et morale > vie morale > qualité morale > zèle,
th-representation-12633,valeur morale,th-representation-12576,vie psychologique et morale > vie morale > valeur morale,
th-representation-12634,courage,th-representation-12633,vie psychologique et morale > vie morale > valeur morale > courage,
th-representation-12635,fierté,th-representation-12633,vie psychologique et morale > vie morale > valeur morale > fierté,
th-representation-12636,fraternité,th-representation-12633,vie psychologique et morale > vie morale > valeur morale > fraternité,
th-representation-12637,honneur,th-representation-12633,vie psychologique et morale > vie morale > valeur morale > honneur,
th-representation-12638,le bien,th-representation-12633,vie psychologique et morale > vie morale > valeur morale > le bien,
th-representation-12639,le mal,th-representation-12633,vie psychologique et morale > vie morale > valeur morale > le mal,
th-representation-12640,le travail,th-representation-12633,vie psychologique et morale > vie morale > valeur morale > le travail,
th-representation-12641,liberté,th-representation-12633,vie psychologique et morale > vie morale > valeur morale > liberté,
th-representation-12642,patriotisme,th-representation-12633,vie psychologique et morale > vie morale > valeur morale > patriotisme,
th-representation-12643,renommée,th-representation-12633,vie psychologique et morale > vie morale > valeur morale > renommée,
th-representation-12644,égalité,th-representation-12633,vie psychologique et morale > vie morale > valeur morale > égalité,
th-representation-12645,vie psychologique,th-representation-12575,vie psychologique et morale > vie psychologique,
th-representation-12646,comportement psychologique,th-representation-12645,vie psychologique et morale > vie psychologique > comportement psychologique,
th-representation-12647,attente,th-representation-12646,vie psychologique et morale > vie psychologique > comportement psychologique > attente,
th-representation-12648,attention,th-representation-12646,vie psychologique et morale > vie psychologique > comportement psychologique > attention,
th-representation-12649,connaissance,th-representation-12646,vie psychologique et morale > vie psychologique > comportement psychologique > connaissance,
th-representation-12650,imagination,th-representation-12649,vie psychologique et morale > vie psychologique > comportement psychologique > connaissance > imagination,
th-representation-12651,incrédulité,th-representation-12649,vie psychologique et morale > vie psychologique > comportement psychologique > connaissance > incrédulité,
th-representation-12652,mémoire,th-representation-12649,vie psychologique et morale > vie psychologique > comportement psychologique > connaissance > mémoire,
th-representation-12653,reconnaissance,th-representation-12649,vie psychologique et morale > vie psychologique > comportement psychologique > connaissance > reconnaissance,identification et non gratitude
th-representation-12654,spectateur,th-representation-12649,vie psychologique et morale > vie psychologique > comportement psychologique > connaissance > spectateur,
th-representation-12655,déficience mentale,th-representation-12646,vie psychologique et morale > vie psychologique > comportement psychologique > déficience mentale,
th-representation-12656,folie,th-representation-12655,vie psychologique et morale > vie psychologique > comportement psychologique > déficience mentale > folie,
th-representation-12657,fou,th-representation-12656,vie psychologique et morale > vie psychologique > comportement psychologique > déficience mentale > folie > fou,
th-representation-12658,innocent,th-representation-12655,vie psychologique et morale > vie psychologique > comportement psychologique > déficience mentale > innocent,
th-representation-12659,ignorance,th-representation-12646,vie psychologique et morale > vie psychologique > comportement psychologique > ignorance,
th-representation-12660,crédulité,th-representation-12659,vie psychologique et morale > vie psychologique > comportement psychologique > ignorance > crédulité,
th-representation-12661,superstition,th-representation-12659,vie psychologique et morale > vie psychologique > comportement psychologique > ignorance > superstition,
th-representation-12662,sensibilité,th-representation-12646,vie psychologique et morale > vie psychologique > comportement psychologique > sensibilité,
th-representation-12663,douleur,th-representation-12662,vie psychologique et morale > vie psychologique > comportement psychologique > sensibilité > douleur,
th-representation-12664,dégoût,th-representation-12663,vie psychologique et morale > vie psychologique > comportement psychologique > sensibilité > douleur > dégoût,
th-representation-12665,désespoir,th-representation-12663,vie psychologique et morale > vie psychologique > comportement psychologique > sensibilité > douleur > désespoir,
th-representation-12666,peur,th-representation-12663,vie psychologique et morale > vie psychologique > comportement psychologique > sensibilité > douleur > peur,
th-representation-12667,tristesse,th-representation-12663,vie psychologique et morale > vie psychologique > comportement psychologique > sensibilité > douleur > tristesse,
th-representation-12668,mélancolie,th-representation-12667,vie psychologique et morale > vie psychologique > comportement psychologique > sensibilité > douleur > tristesse > mélancolie,
th-representation-12669,plaisir,th-representation-12662,vie psychologique et morale > vie psychologique > comportement psychologique > sensibilité > plaisir,
th-representation-12670,bonheur,th-representation-12669,vie psychologique et morale > vie psychologique > comportement psychologique > sensibilité > plaisir > bonheur,
th-representation-12671,enthousiasme,th-representation-12669,vie psychologique et morale > vie psychologique > comportement psychologique > sensibilité > plaisir > enthousiasme,
th-representation-12672,joie,th-representation-12669,vie psychologique et morale > vie psychologique > comportement psychologique > sensibilité > plaisir > joie,
th-representation-12673,érotisme,th-representation-12669,vie psychologique et morale > vie psychologique > comportement psychologique > sensibilité > plaisir > érotisme,
th-representation-12674,étonnement,th-representation-12662,vie psychologique et morale > vie psychologique > comportement psychologique > sensibilité > étonnement,
th-representation-12675,tendance,th-representation-12646,vie psychologique et morale > vie psychologique > comportement psychologique > tendance,
th-representation-12676,agressivité,th-representation-12675,vie psychologique et morale > vie psychologique > comportement psychologique > tendance > agressivité,
th-representation-12677,haine,th-representation-12676,vie psychologique et morale > vie psychologique > comportement psychologique > tendance > agressivité > haine,
th-representation-12678,vengeance,th-representation-12677,vie psychologique et morale > vie psychologique > comportement psychologique > tendance > agressivité > haine > vengeance,
th-representation-12679,désir,th-representation-12675,vie psychologique et morale > vie psychologique > comportement psychologique > tendance > désir,
th-representation-12680,amateur,th-representation-12679,vie psychologique et morale > vie psychologique > comportement psychologique > tendance > désir > amateur,
th-representation-12681,amateur d'art,th-representation-12680,vie psychologique et morale > vie psychologique > comportement psychologique > tendance > désir > amateur > amateur d'art,
th-representation-12682,collectionneur,th-representation-12680,vie psychologique et morale > vie psychologique > comportement psychologique > tendance > désir > amateur > collectionneur,
th-representation-12683,ambition,th-representation-12679,vie psychologique et morale > vie psychologique > comportement psychologique > tendance > désir > ambition,
th-representation-12684,postulant,th-representation-12679,vie psychologique et morale > vie psychologique > comportement psychologique > tendance > désir > postulant,
th-representation-12685,candidat,th-representation-12684,vie psychologique et morale > vie psychologique > comportement psychologique > tendance > désir > postulant > candidat,
th-representation-12686,excès,th-representation-12675,vie psychologique et morale > vie psychologique > comportement psychologique > tendance > excès,
th-representation-12687,timidité,th-representation-12675,vie psychologique et morale > vie psychologique > comportement psychologique > tendance > timidité,
th-representation-12688,pudeur,th-representation-12687,vie psychologique et morale > vie psychologique > comportement psychologique > tendance > timidité > pudeur,
th-representation-12689,volonté,th-representation-12646,vie psychologique et morale > vie psychologique > comportement psychologique > volonté,
th-representation-12690,décision,th-representation-12689,vie psychologique et morale > vie psychologique > comportement psychologique > volonté > décision,
th-representation-12691,indécision,th-representation-12689,vie psychologique et morale > vie psychologique > comportement psychologique > volonté > indécision,
th-representation-12692,ténacité,th-representation-12689,vie psychologique et morale > vie psychologique > comportement psychologique > volonté > ténacité,
th-representation-12693,esprit humain,th-representation-12645,vie psychologique et morale > vie psychologique > esprit humain,
th-representation-12694,raison,th-representation-12693,vie psychologique et morale > vie psychologique > esprit humain > raison,
th-representation-12695,âme,th-representation-12693,vie psychologique et morale > vie psychologique > esprit humain > âme,
th-representation-12696,vie religieuse,,vie religieuse,"Les vocabulaires propres aux différentes religions sont très riches. Seuls ont été retenus ici les termes ayant une signification générale (ange, prière, sacrifice, objet du culte) et ceux qui, compte tenu du nombre élévé des représentations qu'ils permettent de décrire, sont d'un usage courant pour l'analyste (encensoir, calice). Utiliser les combinaisons pour faciliter les interrogations sélectives. Le nombre des représentations concernant le catholicisme est de beaucoup le plus élevé en France. Par commodité on ne notera catholicisme que dans les cas où il pourrait y avoir équivoque, par exemple lorsque se rencontreront dans une même représentation des éléments de religions différentes."
th-representation-12697,architecture religieuse,th-representation-12696,vie religieuse > architecture religieuse,
th-representation-12698,baptistère,th-representation-12697,vie religieuse > architecture religieuse > baptistère,
th-representation-12699,calvaire monumental,th-representation-12697,vie religieuse > architecture religieuse > calvaire monumental,
th-representation-12700,chapelle,th-representation-12697,vie religieuse > architecture religieuse > chapelle,pièce ou petit vaisseau contenant ou ayant contenu un autel et formant annexe d'une église ou d'un édifice civil
th-representation-12701,clocher,th-representation-12697,vie religieuse > architecture religieuse > clocher,
th-representation-12702,cloître,th-representation-12697,vie religieuse > architecture religieuse > cloître,
th-representation-12703,croix monumentale,th-representation-12697,vie religieuse > architecture religieuse > croix monumentale,
th-representation-12704,crypte,th-representation-12697,vie religieuse > architecture religieuse > crypte,
th-representation-12705,minaret,th-representation-12697,vie religieuse > architecture religieuse > minaret,
th-representation-12706,mont-calvaire,th-representation-12697,vie religieuse > architecture religieuse > mont-calvaire,
th-representation-12707,mosquée,th-representation-12697,vie religieuse > architecture religieuse > mosquée,
th-representation-12708,oratoire,th-representation-12697,vie religieuse > architecture religieuse > oratoire,
th-representation-12709,synagogue,th-representation-12697,vie religieuse > architecture religieuse > synagogue,
th-representation-12710,temple,th-representation-12697,vie religieuse > architecture religieuse > temple,"préciser le sens avec un spécifique de tradition religieuse; pour le Temple de Jérusalem, noter Le Temple"
th-representation-12711,église,th-representation-12697,vie religieuse > architecture religieuse > église,
th-representation-12712,basilique,th-representation-12711,vie religieuse > architecture religieuse > église > basilique,
th-representation-12713,cathédrale,th-representation-12711,vie religieuse > architecture religieuse > église > cathédrale,
th-representation-12714,établissement conventuel,th-representation-12697,vie religieuse > architecture religieuse > établissement conventuel,"inclut prieuré, commanderie, chartreuse..."
th-representation-12715,abbaye,th-representation-12714,vie religieuse > architecture religieuse > établissement conventuel > abbaye,
th-representation-12716,couvent,th-representation-12714,vie religieuse > architecture religieuse > établissement conventuel > couvent,
th-representation-12717,clergé et laïc,th-representation-12696,vie religieuse > clergé et laïc,
th-representation-12718,clergé,th-representation-12717,vie religieuse > clergé et laïc > clergé,
th-representation-12719,clergé régulier,th-representation-12718,vie religieuse > clergé et laïc > clergé > clergé régulier,
th-representation-12720,congrégation religieuse laïque,th-representation-12719,vie religieuse > clergé et laïc > clergé > clergé régulier > congrégation religieuse laïque,
th-representation-12721,béguine,th-representation-12720,vie religieuse > clergé et laïc > clergé > clergé régulier > congrégation religieuse laïque > béguine,
th-representation-12722,frère de la Merci,th-representation-12720,vie religieuse > clergé et laïc > clergé > clergé régulier > congrégation religieuse laïque > frère de la Merci,
th-representation-12723,ermite,th-representation-12719,vie religieuse > clergé et laïc > clergé > clergé régulier > ermite,
th-representation-12724,hiérarchie religieuse,th-representation-12719,vie religieuse > clergé et laïc > clergé > clergé régulier > hiérarchie religieuse,
th-representation-12725,abbesse,th-representation-12724,vie religieuse > clergé et laïc > clergé > clergé régulier > hiérarchie religieuse > abbesse,
th-representation-12726,abbé,th-representation-12724,vie religieuse > clergé et laïc > clergé > clergé régulier > hiérarchie religieuse > abbé,
th-representation-12727,supérieur,th-representation-12724,vie religieuse > clergé et laïc > clergé > clergé régulier > hiérarchie religieuse > supérieur,pour les congrégations et sociétés de prêtres
th-representation-12728,supérieure,th-representation-12724,vie religieuse > clergé et laïc > clergé > clergé régulier > hiérarchie religieuse > supérieure,
th-representation-12729,missionnaire,th-representation-12719,vie religieuse > clergé et laïc > clergé > clergé régulier > missionnaire,
th-representation-12730,religieuse,th-representation-12719,vie religieuse > clergé et laïc > clergé > clergé régulier > religieuse,
th-representation-12746,religieux,th-representation-12719,vie religieuse > clergé et laïc > clergé > clergé régulier > religieux,
th-representation-12791,clergé séculier,th-representation-12718,vie religieuse > clergé et laïc > clergé > clergé séculier,
th-representation-12792,clerc non prêtre,th-representation-12791,vie religieuse > clergé et laïc > clergé > clergé séculier > clerc non prêtre,
th-representation-12793,diacre,th-representation-12792,vie religieuse > clergé et laïc > clergé > clergé séculier > clerc non prêtre > diacre,
th-representation-12794,séminariste,th-representation-12792,vie religieuse > clergé et laïc > clergé > clergé séculier > clerc non prêtre > séminariste,
th-representation-12795,prêtre,th-representation-12791,vie religieuse > clergé et laïc > clergé > clergé séculier > prêtre,
th-representation-12796,cardinal,th-representation-12795,vie religieuse > clergé et laïc > clergé > clergé séculier > prêtre > cardinal,
th-representation-12797,chanoine,th-representation-12795,vie religieuse > clergé et laïc > clergé > clergé séculier > prêtre > chanoine,
th-representation-12798,pape,th-representation-12795,vie religieuse > clergé et laïc > clergé > clergé séculier > prêtre > pape,
th-representation-12799,antipape,th-representation-12798,vie religieuse > clergé et laïc > clergé > clergé séculier > prêtre > pape > antipape,
th-representation-12900,évêque,th-representation-12795,vie religieuse > clergé et laïc > clergé > clergé séculier > prêtre > évêque,
th-representation-12901,archevêque,th-representation-12900,vie religieuse > clergé et laïc > clergé > clergé séculier > prêtre > évêque > archevêque,
th-representation-12902,laïc,th-representation-12717,vie religieuse > clergé et laïc > laïc,
th-representation-12903,fidèles,th-representation-12902,vie religieuse > clergé et laïc > laïc > fidèles,
th-representation-12904,association de fidèles,th-representation-12903,vie religieuse > clergé et laïc > laïc > fidèles > association de fidèles,
th-representation-12905,confrérie,th-representation-12903,vie religieuse > clergé et laïc > laïc > fidèles > confrérie,
th-representation-12909,pénitent,th-representation-12905,vie religieuse > clergé et laïc > laïc > fidèles > confrérie > pénitent,
th-representation-12910,servant,th-representation-12902,vie religieuse > clergé et laïc > laïc > servant,
th-representation-12911,enfant de choeur,th-representation-12910,vie religieuse > clergé et laïc > laïc > servant > enfant de choeur,
th-representation-12912,irréligion,th-representation-12696,vie religieuse > irréligion,
th-representation-12913,athéisme,th-representation-12912,vie religieuse > irréligion > athéisme,
th-representation-12914,blasphème,th-representation-12912,vie religieuse > irréligion > blasphème,
th-representation-12915,profanation,th-representation-12912,vie religieuse > irréligion > profanation,
th-representation-12916,mobilier et objet du culte,th-representation-12696,vie religieuse > mobilier et objet du culte,
th-representation-12917,mobilier religieux,th-representation-12916,vie religieuse > mobilier et objet du culte > mobilier religieux,
th-representation-12918,autel,th-representation-12917,vie religieuse > mobilier et objet du culte > mobilier religieux > autel,
th-representation-12919,chaire à prêcher,th-representation-12917,vie religieuse > mobilier et objet du culte > mobilier religieux > chaire à prêcher,
th-representation-12920,chemin de croix,th-representation-12917,vie religieuse > mobilier et objet du culte > mobilier religieux > chemin de croix,
th-representation-12921,confessionnal,th-representation-12917,vie religieuse > mobilier et objet du culte > mobilier religieux > confessionnal,
th-representation-12922,fonts baptismaux,th-representation-12917,vie religieuse > mobilier et objet du culte > mobilier religieux > fonts baptismaux,
th-representation-12923,jubé,th-representation-12917,vie religieuse > mobilier et objet du culte > mobilier religieux > jubé,
th-representation-12924,lutrin,th-representation-12917,vie religieuse > mobilier et objet du culte > mobilier religieux > lutrin,
th-representation-12925,prie-Dieu,th-representation-12917,vie religieuse > mobilier et objet du culte > mobilier religieux > prie-Dieu,
th-representation-12926,retable,th-representation-12917,vie religieuse > mobilier et objet du culte > mobilier religieux > retable,
th-representation-12927,tabernacle,th-representation-12917,vie religieuse > mobilier et objet du culte > mobilier religieux > tabernacle,
th-representation-12928,objet du culte,th-representation-12916,vie religieuse > mobilier et objet du culte > objet du culte,
th-representation-12929,bannière de procession,th-representation-12928,vie religieuse > mobilier et objet du culte > objet du culte > bannière de procession,
th-representation-12930,bénitier,th-representation-12928,vie religieuse > mobilier et objet du culte > objet du culte > bénitier,
th-representation-12931,calice,th-representation-12928,vie religieuse > mobilier et objet du culte > objet du culte > calice,
th-representation-12932,chapelet,th-representation-12928,vie religieuse > mobilier et objet du culte > objet du culte > chapelet,
th-representation-12933,rosaire,th-representation-12932,vie religieuse > mobilier et objet du culte > objet du culte > chapelet > rosaire,
th-representation-12934,ciboire,th-representation-12928,vie religieuse > mobilier et objet du culte > objet du culte > ciboire,
th-representation-12935,croix,th-representation-12928,vie religieuse > mobilier et objet du culte > objet du culte > croix,
th-representation-12936,croix pectorale,th-representation-12935,vie religieuse > mobilier et objet du culte > objet du culte > croix > croix pectorale,
th-representation-12937,crucifix,th-representation-12935,vie religieuse > mobilier et objet du culte > objet du culte > croix > crucifix,
th-representation-12938,crosse,th-representation-12928,vie religieuse > mobilier et objet du culte > objet du culte > crosse,
th-representation-12939,encensoir,th-representation-12928,vie religieuse > mobilier et objet du culte > objet du culte > encensoir,
th-representation-12940,ex-voto,th-representation-12928,vie religieuse > mobilier et objet du culte > objet du culte > ex-voto,
th-representation-12941,goupillon,th-representation-12928,vie religieuse > mobilier et objet du culte > objet du culte > goupillon,
th-representation-12942,ostensoir,th-representation-12928,vie religieuse > mobilier et objet du culte > objet du culte > ostensoir,
th-representation-12943,reliquaire,th-representation-12928,vie religieuse > mobilier et objet du culte > objet du culte > reliquaire,
th-representation-12944,phénomène mystique ou surnaturel,th-representation-12696,vie religieuse > phénomène mystique ou surnaturel,
th-representation-12945,apparition,th-representation-12944,vie religieuse > phénomène mystique ou surnaturel > apparition,"celui qui a une apparition est éveillé, distinguer de vision"
th-representation-12946,extase,th-representation-12944,vie religieuse > phénomène mystique ou surnaturel > extase,
th-representation-12947,lévitation,th-representation-12946,vie religieuse > phénomène mystique ou surnaturel > extase > lévitation,
th-representation-12948,stigmates,th-representation-12946,vie religieuse > phénomène mystique ou surnaturel > extase > stigmates,
th-representation-12949,grâce divine,th-representation-12944,vie religieuse > phénomène mystique ou surnaturel > grâce divine,
th-representation-12950,inspiration divine,th-representation-12944,vie religieuse > phénomène mystique ou surnaturel > inspiration divine,
th-representation-12951,miracle,th-representation-12944,vie religieuse > phénomène mystique ou surnaturel > miracle,prodige accompli par un thaumaturge
th-representation-12952,délivrance de possédé,th-representation-12951,vie religieuse > phénomène mystique ou surnaturel > miracle > délivrance de possédé,
th-representation-12953,guérison miraculeuse,th-representation-12951,vie religieuse > phénomène mystique ou surnaturel > miracle > guérison miraculeuse,
th-representation-12954,lactation,th-representation-12951,vie religieuse > phénomène mystique ou surnaturel > miracle > lactation,
th-representation-12955,résurrection,th-representation-12951,vie religieuse > phénomène mystique ou surnaturel > miracle > résurrection,
th-representation-12956,prodige,th-representation-12944,vie religieuse > phénomène mystique ou surnaturel > prodige,"événement extraordinaire, de caractère magique ou surnaturel, se produisant sans l'intermédiaire d'un thaumaturge"
th-representation-12957,providence,th-representation-12944,vie religieuse > phénomène mystique ou surnaturel > providence,
th-representation-12958,vision,th-representation-12944,vie religieuse > phénomène mystique ou surnaturel > vision,"celui qui a une vision est endormi, distinguer de apparition"
th-representation-12959,pratique religieuse,th-representation-12696,vie religieuse > pratique religieuse,
th-representation-12960,pratique religieuse non rituelle,th-representation-12959,vie religieuse > pratique religieuse > pratique religieuse non rituelle,
th-representation-12961,combat spirituel,th-representation-12960,vie religieuse > pratique religieuse > pratique religieuse non rituelle > combat spirituel,
th-representation-12962,conversion,th-representation-12961,vie religieuse > pratique religieuse > pratique religieuse non rituelle > combat spirituel > conversion,
th-representation-12963,le péché,th-representation-12961,vie religieuse > pratique religieuse > pratique religieuse non rituelle > combat spirituel > le péché,
th-representation-12964,lutte contre le mal,th-representation-12961,vie religieuse > pratique religieuse > pratique religieuse non rituelle > combat spirituel > lutte contre le mal,
th-representation-12965,dévotion,th-representation-12960,vie religieuse > pratique religieuse > pratique religieuse non rituelle > dévotion,
th-representation-12966,dévotion aux anges,th-representation-12965,vie religieuse > pratique religieuse > pratique religieuse non rituelle > dévotion > dévotion aux anges,
th-representation-12967,dévotion aux saints,th-representation-12965,vie religieuse > pratique religieuse > pratique religieuse non rituelle > dévotion > dévotion aux saints,
th-representation-12968,reliques,th-representation-12967,vie religieuse > pratique religieuse > pratique religieuse non rituelle > dévotion > dévotion aux saints > reliques,
th-representation-12969,dévotion à la Vierge,th-representation-12965,vie religieuse > pratique religieuse > pratique religieuse non rituelle > dévotion > dévotion à la Vierge,
th-representation-12970,mariage mystique,th-representation-12960,vie religieuse > pratique religieuse > pratique religieuse non rituelle > mariage mystique,
th-representation-12971,mortification,th-representation-12960,vie religieuse > pratique religieuse > pratique religieuse non rituelle > mortification,
th-representation-12972,oeuvre de miséricorde,th-representation-12960,vie religieuse > pratique religieuse > pratique religieuse non rituelle > oeuvre de miséricorde,
th-representation-12973,offrande religieuse,th-representation-12960,vie religieuse > pratique religieuse > pratique religieuse non rituelle > offrande religieuse,
th-representation-12974,prière,th-representation-12960,vie religieuse > pratique religieuse > pratique religieuse non rituelle > prière,
th-representation-12975,orant,th-representation-12974,vie religieuse > pratique religieuse > pratique religieuse non rituelle > prière > orant,
th-representation-12976,pèlerinage,th-representation-12960,vie religieuse > pratique religieuse > pratique religieuse non rituelle > pèlerinage,
th-representation-12977,pèlerin,th-representation-12976,vie religieuse > pratique religieuse > pratique religieuse non rituelle > pèlerinage > pèlerin,
th-representation-12978,vertu théologale,th-representation-12960,vie religieuse > pratique religieuse > pratique religieuse non rituelle > vertu théologale,
th-representation-12979,charité,th-representation-12978,vie religieuse > pratique religieuse > pratique religieuse non rituelle > vertu théologale > charité,
th-representation-12980,espérance,th-representation-12978,vie religieuse > pratique religieuse > pratique religieuse non rituelle > vertu théologale > espérance,
th-representation-12981,foi,th-representation-12978,vie religieuse > pratique religieuse > pratique religieuse non rituelle > vertu théologale > foi,
th-representation-12982,les vertus théologales,th-representation-12978,vie religieuse > pratique religieuse > pratique religieuse non rituelle > vertu théologale > les vertus théologales,
th-representation-12983,voeu,th-representation-12960,vie religieuse > pratique religieuse > pratique religieuse non rituelle > voeu,
th-representation-12984,pratique religieuse rituelle,th-representation-12959,vie religieuse > pratique religieuse > pratique religieuse rituelle,
th-representation-12985,bénédiction,th-representation-12984,vie religieuse > pratique religieuse > pratique religieuse rituelle > bénédiction,
th-representation-12986,les sept sacrements,th-representation-12984,vie religieuse > pratique religieuse > pratique religieuse rituelle > les sept sacrements,
th-representation-12987,office religieux,th-representation-12984,vie religieuse > pratique religieuse > pratique religieuse rituelle > office religieux,"sens étroit, prière récitée ou chantée selon un rite liturgique, mais n'entrant pas dans les catégories précédentes"
th-representation-12988,prière publique,th-representation-12984,vie religieuse > pratique religieuse > pratique religieuse rituelle > prière publique,
th-representation-12989,procession,th-representation-12984,vie religieuse > pratique religieuse > pratique religieuse rituelle > procession,
th-representation-12990,rite d'initiation,th-representation-12984,vie religieuse > pratique religieuse > pratique religieuse rituelle > rite d'initiation,
th-representation-12991,baptême,th-representation-12990,vie religieuse > pratique religieuse > pratique religieuse rituelle > rite d'initiation > baptême,
th-representation-12992,baptême d'adulte,th-representation-12991,vie religieuse > pratique religieuse > pratique religieuse rituelle > rite d'initiation > baptême > baptême d'adulte,
th-representation-12993,confirmation,th-representation-12990,vie religieuse > pratique religieuse > pratique religieuse rituelle > rite d'initiation > confirmation,
th-representation-12994,rite de consécration,th-representation-12984,vie religieuse > pratique religieuse > pratique religieuse rituelle > rite de consécration,
th-representation-12995,canonisation,th-representation-12994,vie religieuse > pratique religieuse > pratique religieuse rituelle > rite de consécration > canonisation,
th-representation-12996,consécration d'un édifice,th-representation-12994,vie religieuse > pratique religieuse > pratique religieuse rituelle > rite de consécration > consécration d'un édifice,
th-representation-12997,intronisation,th-representation-12994,vie religieuse > pratique religieuse > pratique religieuse rituelle > rite de consécration > intronisation,
th-representation-12998,ordination,th-representation-12994,vie religieuse > pratique religieuse > pratique religieuse rituelle > rite de consécration > ordination,
th-representation-12999,profession religieuse,th-representation-12994,vie religieuse > pratique religieuse > pratique religieuse rituelle > rite de consécration > profession religieuse,
th-representation-13000,prise d'habit,th-representation-12999,vie religieuse > pratique religieuse > pratique religieuse rituelle > rite de consécration > profession religieuse > prise d'habit,
th-representation-13001,sacre,th-representation-12994,vie religieuse > pratique religieuse > pratique religieuse rituelle > rite de consécration > sacre,
th-representation-13002,rite de purification,th-representation-12984,vie religieuse > pratique religieuse > pratique religieuse rituelle > rite de purification,
th-representation-13003,rite funèbre,th-representation-12984,vie religieuse > pratique religieuse > pratique religieuse rituelle > rite funèbre,
th-representation-13004,convoi funèbre,th-representation-13003,vie religieuse > pratique religieuse > pratique religieuse rituelle > rite funèbre > convoi funèbre,
th-representation-13005,enterrement,th-representation-13003,vie religieuse > pratique religieuse > pratique religieuse rituelle > rite funèbre > enterrement,
th-representation-13006,extrême-onction,th-representation-13003,vie religieuse > pratique religieuse > pratique religieuse rituelle > rite funèbre > extrême-onction,
th-representation-13007,office funèbre,th-representation-13003,vie religieuse > pratique religieuse > pratique religieuse rituelle > rite funèbre > office funèbre,
th-representation-13008,pleurant,th-representation-13003,vie religieuse > pratique religieuse > pratique religieuse rituelle > rite funèbre > pleurant,
th-representation-13009,rite nuptial,th-representation-12984,vie religieuse > pratique religieuse > pratique religieuse rituelle > rite nuptial,
th-representation-13010,mariage religieux,th-representation-13009,vie religieuse > pratique religieuse > pratique religieuse rituelle > rite nuptial > mariage religieux,
th-representation-13011,rite pénitentiel,th-representation-12984,vie religieuse > pratique religieuse > pratique religieuse rituelle > rite pénitentiel,
th-representation-13012,exorcisme,th-representation-13011,vie religieuse > pratique religieuse > pratique religieuse rituelle > rite pénitentiel > exorcisme,
th-representation-13013,pénitence,th-representation-13011,vie religieuse > pratique religieuse > pratique religieuse rituelle > rite pénitentiel > pénitence,
th-representation-13014,rite sacrificiel,th-representation-12984,vie religieuse > pratique religieuse > pratique religieuse rituelle > rite sacrificiel,
th-representation-13015,eucharistie,th-representation-13014,vie religieuse > pratique religieuse > pratique religieuse rituelle > rite sacrificiel > eucharistie,
th-representation-13016,communion,th-representation-13015,vie religieuse > pratique religieuse > pratique religieuse rituelle > rite sacrificiel > eucharistie > communion,
th-representation-13017,messe,th-representation-13014,vie religieuse > pratique religieuse > pratique religieuse rituelle > rite sacrificiel > messe,
th-representation-13018,sacrifice,th-representation-13014,vie religieuse > pratique religieuse > pratique religieuse rituelle > rite sacrificiel > sacrifice,
th-representation-13019,religion,th-representation-12696,vie religieuse > religion,
th-representation-13020,sainteté,th-representation-12696,vie religieuse > sainteté,
th-representation-13742,signe de sainteté,th-representation-13020,vie religieuse > sainteté > signe de sainteté,
th-representation-13743,auréole,th-representation-13742,vie religieuse > sainteté > signe de sainteté > auréole,
th-representation-13744,gloire,th-representation-13742,vie religieuse > sainteté > signe de sainteté > gloire,
th-representation-13745,mandorle,th-representation-13744,vie religieuse > sainteté > signe de sainteté > gloire > mandorle,
th-representation-13746,rayons lumineux,th-representation-13742,vie religieuse > sainteté > signe de sainteté > rayons lumineux,
th-representation-13747,tradition religieuse,th-representation-12696,vie religieuse > tradition religieuse,
th-representation-13748,culte diabolique,th-representation-13747,vie religieuse > tradition religieuse > culte diabolique,
th-representation-13749,religion chrétienne,th-representation-13747,vie religieuse > tradition religieuse > religion chrétienne,
th-representation-13750,catholicisme,th-representation-13749,vie religieuse > tradition religieuse > religion chrétienne > catholicisme,
th-representation-13751,l'Eglise,th-representation-13750,vie religieuse > tradition religieuse > religion chrétienne > catholicisme > l'Eglise,
th-representation-13752,orthodoxie,th-representation-13749,vie religieuse > tradition religieuse > religion chrétienne > orthodoxie,
th-representation-13753,protestantisme,th-representation-13749,vie religieuse > tradition religieuse > religion chrétienne > protestantisme,
th-representation-13754,anglicanisme,th-representation-13753,vie religieuse > tradition religieuse > religion chrétienne > protestantisme > anglicanisme,
th-representation-13755,calvinisme,th-representation-13753,vie religieuse > tradition religieuse > religion chrétienne > protestantisme > calvinisme,
th-representation-13756,hussite,th-representation-13753,vie religieuse > tradition religieuse > religion chrétienne > protestantisme > hussite,
th-representation-13757,religion non chrétienne,th-representation-13747,vie religieuse > tradition religieuse > religion non chrétienne,
th-representation-13758,bouddhisme,th-representation-13757,vie religieuse > tradition religieuse > religion non chrétienne > bouddhisme,
th-representation-13759,divinité bouddhique,th-representation-13758,vie religieuse > tradition religieuse > religion non chrétienne > bouddhisme > divinité bouddhique,
th-representation-13760,autre divinité bouddhique,th-representation-13759,vie religieuse > tradition religieuse > religion non chrétienne > bouddhisme > divinité bouddhique > autre divinité bouddhique,
th-representation-13761,Dvârapâla,th-representation-13760,vie religieuse > tradition religieuse > religion non chrétienne > bouddhisme > divinité bouddhique > autre divinité bouddhique > Dvârapâla,
th-representation-13762,Kiuan-Inn,th-representation-13760,vie religieuse > tradition religieuse > religion non chrétienne > bouddhisme > divinité bouddhique > autre divinité bouddhique > Kiuan-Inn,
th-representation-13763,Lokapâla,th-representation-13760,vie religieuse > tradition religieuse > religion non chrétienne > bouddhisme > divinité bouddhique > autre divinité bouddhique > Lokapâla,
th-representation-13764,personnage de la mythologie bouddhique,th-representation-13760,vie religieuse > tradition religieuse > religion non chrétienne > bouddhisme > divinité bouddhique > autre divinité bouddhique > personnage de la mythologie bouddhique,
th-representation-13765,roi céleste,th-representation-13760,vie religieuse > tradition religieuse > religion non chrétienne > bouddhisme > divinité bouddhique > autre divinité bouddhique > roi céleste,
th-representation-13766,roi des enfers,th-representation-13760,vie religieuse > tradition religieuse > religion non chrétienne > bouddhisme > divinité bouddhique > autre divinité bouddhique > roi des enfers,
th-representation-13767,Vaisravana,th-representation-13760,vie religieuse > tradition religieuse > religion non chrétienne > bouddhisme > divinité bouddhique > autre divinité bouddhique > Vaisravana,
th-representation-13768,Vidyârâjâ,th-representation-13760,vie religieuse > tradition religieuse > religion non chrétienne > bouddhisme > divinité bouddhique > autre divinité bouddhique > Vidyârâjâ,
th-representation-13769,Yaksa,th-representation-13760,vie religieuse > tradition religieuse > religion non chrétienne > bouddhisme > divinité bouddhique > autre divinité bouddhique > Yaksa,
th-representation-13770,Yamantaka,th-representation-13760,vie religieuse > tradition religieuse > religion non chrétienne > bouddhisme > divinité bouddhique > autre divinité bouddhique > Yamantaka,
th-representation-13771,dieu bouddhique,th-representation-13759,vie religieuse > tradition religieuse > religion non chrétienne > bouddhisme > divinité bouddhique > dieu bouddhique,
th-representation-13772,Fulushou,th-representation-13771,vie religieuse > tradition religieuse > religion non chrétienne > bouddhisme > divinité bouddhique > dieu bouddhique > Fulushou,
th-representation-13773,Zhu Lao,th-representation-13771,vie religieuse > tradition religieuse > religion non chrétienne > bouddhisme > divinité bouddhique > dieu bouddhique > Zhu Lao,
th-representation-13774,déesse bouddhique,th-representation-13759,vie religieuse > tradition religieuse > religion non chrétienne > bouddhisme > divinité bouddhique > déesse bouddhique,
th-representation-13775,Hariti,th-representation-13774,vie religieuse > tradition religieuse > religion non chrétienne > bouddhisme > divinité bouddhique > déesse bouddhique > Hariti,
th-representation-13776,Mârîcî,th-representation-13774,vie religieuse > tradition religieuse > religion non chrétienne > bouddhisme > divinité bouddhique > déesse bouddhique > Mârîcî,
th-representation-13777,Quan Am,th-representation-13774,vie religieuse > tradition religieuse > religion non chrétienne > bouddhisme > divinité bouddhique > déesse bouddhique > Quan Am,
th-representation-13778,lieu bouddhique,th-representation-13758,vie religieuse > tradition religieuse > religion non chrétienne > bouddhisme > lieu bouddhique,
th-representation-13783,personnage bouddhique,th-representation-13758,vie religieuse > tradition religieuse > religion non chrétienne > bouddhisme > personnage bouddhique,
th-representation-13786,bodhisattva,th-representation-13783,vie religieuse > tradition religieuse > religion non chrétienne > bouddhisme > personnage bouddhique > bodhisattva,
th-representation-13797,buddha,th-representation-13783,vie religieuse > tradition religieuse > religion non chrétienne > bouddhisme > personnage bouddhique > buddha,
th-representation-13799,Buddha du passé,th-representation-13797,vie religieuse > tradition religieuse > religion non chrétienne > bouddhisme > personnage bouddhique > buddha > Buddha du passé,
th-representation-13810,disciple du Buddha,th-representation-13783,vie religieuse > tradition religieuse > religion non chrétienne > bouddhisme > personnage bouddhique > disciple du Buddha,
th-representation-13812,Gandharva,th-representation-13783,vie religieuse > tradition religieuse > religion non chrétienne > bouddhisme > personnage bouddhique > Gandharva,
th-representation-13815,Juge des Enfers,th-representation-13783,vie religieuse > tradition religieuse > religion non chrétienne > bouddhisme > personnage bouddhique > Juge des Enfers,
th-representation-13816,symbole bouddhique,th-representation-13758,vie religieuse > tradition religieuse > religion non chrétienne > bouddhisme > symbole bouddhique,
th-representation-13817,mudrâ,th-representation-13816,vie religieuse > tradition religieuse > religion non chrétienne > bouddhisme > symbole bouddhique > mudrâ,
th-representation-13818,abhayamudrâ,th-representation-13817,vie religieuse > tradition religieuse > religion non chrétienne > bouddhisme > symbole bouddhique > mudrâ > abhayamudrâ,
th-representation-13819,anjalimudrâ,th-representation-13817,vie religieuse > tradition religieuse > religion non chrétienne > bouddhisme > symbole bouddhique > mudrâ > anjalimudrâ,
th-representation-13820,bhûmisparsamudrâ,th-representation-13817,vie religieuse > tradition religieuse > religion non chrétienne > bouddhisme > symbole bouddhique > mudrâ > bhûmisparsamudrâ,
th-representation-13821,dhyânamudrâ,th-representation-13817,vie religieuse > tradition religieuse > religion non chrétienne > bouddhisme > symbole bouddhique > mudrâ > dhyânamudrâ,
th-representation-13822,vajramudrâ,th-representation-13817,vie religieuse > tradition religieuse > religion non chrétienne > bouddhisme > symbole bouddhique > mudrâ > vajramudrâ,
th-representation-13823,varadamudrâ,th-representation-13817,vie religieuse > tradition religieuse > religion non chrétienne > bouddhisme > symbole bouddhique > mudrâ > varadamudrâ,
th-representation-13824,vitarkamudrâ,th-representation-13817,vie religieuse > tradition religieuse > religion non chrétienne > bouddhisme > symbole bouddhique > mudrâ > vitarkamudrâ,
th-representation-13825,âsana,th-representation-13816,vie religieuse > tradition religieuse > religion non chrétienne > bouddhisme > symbole bouddhique > âsana,
th-representation-13826,dhyânâsana,th-representation-13825,vie religieuse > tradition religieuse > religion non chrétienne > bouddhisme > symbole bouddhique > âsana > dhyânâsana,
th-representation-13827,lalîtâsana,th-representation-13825,vie religieuse > tradition religieuse > religion non chrétienne > bouddhisme > symbole bouddhique > âsana > lalîtâsana,
th-representation-13828,padmâsana,th-representation-13825,vie religieuse > tradition religieuse > religion non chrétienne > bouddhisme > symbole bouddhique > âsana > padmâsana,
th-representation-13829,vajrâsana,th-representation-13825,vie religieuse > tradition religieuse > religion non chrétienne > bouddhisme > symbole bouddhique > âsana > vajrâsana,
th-representation-13830,brahmanisme,th-representation-13757,vie religieuse > tradition religieuse > religion non chrétienne > brahmanisme,
th-representation-13831,hindouisme,th-representation-13757,vie religieuse > tradition religieuse > religion non chrétienne > hindouisme,
th-representation-13832,islam,th-representation-13757,vie religieuse > tradition religieuse > religion non chrétienne > islam,
th-representation-13833,jaïnisme,th-representation-13757,vie religieuse > tradition religieuse > religion non chrétienne > jaïnisme,
th-representation-13834,judaïsme,th-representation-13757,vie religieuse > tradition religieuse > religion non chrétienne > judaïsme,
th-representation-13835,la Synagogue,th-representation-13834,vie religieuse > tradition religieuse > religion non chrétienne > judaïsme > la Synagogue,représentation allégorique
th-representation-13836,paganisme,th-representation-13757,vie religieuse > tradition religieuse > religion non chrétienne > paganisme,
th-representation-13837,taoïsme,th-representation-13757,vie religieuse > tradition religieuse > religion non chrétienne > taoïsme,
th-representation-13838,huit Génies des eaux,th-representation-13837,vie religieuse > tradition religieuse > religion non chrétienne > taoïsme > huit Génies des eaux,
th-representation-13839,huit Immortels,th-representation-13837,vie religieuse > tradition religieuse > religion non chrétienne > taoïsme > huit Immortels,
th-representation-13840,Cao Guojiu,th-representation-13839,vie religieuse > tradition religieuse > religion non chrétienne > taoïsme > huit Immortels > Cao Guojiu,
th-representation-13841,Han Xiangzi,th-representation-13839,vie religieuse > tradition religieuse > religion non chrétienne > taoïsme > huit Immortels > Han Xiangzi,
th-representation-13842,He Xiangu,th-representation-13839,vie religieuse > tradition religieuse > religion non chrétienne > taoïsme > huit Immortels > He Xiangu,
th-representation-13843,Lan Caihe,th-representation-13839,vie religieuse > tradition religieuse > religion non chrétienne > taoïsme > huit Immortels > Lan Caihe,
th-representation-13844,Li Tieguai,th-representation-13839,vie religieuse > tradition religieuse > religion non chrétienne > taoïsme > huit Immortels > Li Tieguai,
th-representation-13845,Lu Dongbin,th-representation-13839,vie religieuse > tradition religieuse > religion non chrétienne > taoïsme > huit Immortels > Lu Dongbin,
th-representation-13846,Xi Wangmu,th-representation-13839,vie religieuse > tradition religieuse > religion non chrétienne > taoïsme > huit Immortels > Xi Wangmu,
th-representation-13847,Zhongli Quan,th-representation-13839,vie religieuse > tradition religieuse > religion non chrétienne > taoïsme > huit Immortels > Zhongli Quan,
th-representation-13848,personnage taoïste,th-representation-13837,vie religieuse > tradition religieuse > religion non chrétienne > taoïsme > personnage taoïste,
th-representation-13863,zoroastrisme,th-representation-13757,vie religieuse > tradition religieuse > religion non chrétienne > zoroastrisme,
th-representation-13864,vie de l'église,th-representation-12696,vie religieuse > vie de l'église,
th-representation-13865,action pastorale,th-representation-13864,vie religieuse > vie de l'église > action pastorale,
th-representation-13866,mission,th-representation-13865,vie religieuse > vie de l'église > action pastorale > mission,
th-representation-13867,prédication,th-representation-13865,vie religieuse > vie de l'église > action pastorale > prédication,
th-representation-13868,visite pastorale,th-representation-13865,vie religieuse > vie de l'église > action pastorale > visite pastorale,
th-representation-13869,assemblée religieuse,th-representation-13864,vie religieuse > vie de l'église > assemblée religieuse,
th-representation-13870,chapitre,th-representation-13869,vie religieuse > vie de l'église > assemblée religieuse > chapitre,
th-representation-13871,concile,th-representation-13869,vie religieuse > vie de l'église > assemblée religieuse > concile,
th-representation-13872,concile oecuménique,th-representation-13871,vie religieuse > vie de l'église > assemblée religieuse > concile > concile oecuménique,
th-representation-13873,synode,th-representation-13869,vie religieuse > vie de l'église > assemblée religieuse > synode,
th-representation-13874,doctrine,th-representation-13864,vie religieuse > vie de l'église > doctrine,
th-representation-13875,théologie,th-representation-13874,vie religieuse > vie de l'église > doctrine > théologie,
th-representation-13876,justice ecclésiastique,th-representation-13864,vie religieuse > vie de l'église > justice ecclésiastique,
th-representation-13877,abjuration,th-representation-13876,vie religieuse > vie de l'église > justice ecclésiastique > abjuration,
th-representation-13878,excommunication,th-representation-13876,vie religieuse > vie de l'église > justice ecclésiastique > excommunication,
th-representation-13879,inquisition,th-representation-13876,vie religieuse > vie de l'église > justice ecclésiastique > inquisition,
th-representation-13880,lutte religieuse,th-representation-13864,vie religieuse > vie de l'église > lutte religieuse,voir aussi croisade
th-representation-13881,hérésie,th-representation-13880,vie religieuse > vie de l'église > lutte religieuse > hérésie,
th-representation-13882,persécution,th-representation-13880,vie religieuse > vie de l'église > lutte religieuse > persécution,
th-representation-13883,martyre,th-representation-13882,vie religieuse > vie de l'église > lutte religieuse > persécution > martyre,
th-representation-13884,schisme,th-representation-13880,vie religieuse > vie de l'église > lutte religieuse > schisme,
th-representation-13885,vêtement religieux,th-representation-12696,vie religieuse > vêtement religieux,
th-representation-13886,costume religieux,th-representation-13885,vie religieuse > vêtement religieux > costume religieux,
th-representation-13887,froc,th-representation-13886,vie religieuse > vêtement religieux > costume religieux > froc,
th-representation-13888,scapulaire,th-representation-13886,vie religieuse > vêtement religieux > costume religieux > scapulaire,
th-representation-13889,soutane,th-representation-13886,vie religieuse > vêtement religieux > costume religieux > soutane,
th-representation-13890,vêtement de laïc,th-representation-13885,vie religieuse > vêtement religieux > vêtement de laïc,
th-representation-13891,costume de communiant,th-representation-13890,vie religieuse > vêtement religieux > vêtement de laïc > costume de communiant,
th-representation-13892,vêtement liturgique,th-representation-13885,vie religieuse > vêtement religieux > vêtement liturgique,
th-representation-13893,aube,th-representation-13892,vie religieuse > vêtement religieux > vêtement liturgique > aube,
th-representation-13894,chape,th-representation-13892,vie religieuse > vêtement religieux > vêtement liturgique > chape,
th-representation-13895,chasuble,th-representation-13892,vie religieuse > vêtement religieux > vêtement liturgique > chasuble,
th-representation-13896,dalmatique,th-representation-13892,vie religieuse > vêtement religieux > vêtement liturgique > dalmatique,
th-representation-13897,mitre,th-representation-13892,vie religieuse > vêtement religieux > vêtement liturgique > mitre,
th-representation-13898,surplis,th-representation-13892,vie religieuse > vêtement religieux > vêtement liturgique > surplis,
th-representation-13899,tiare,th-representation-13892,vie religieuse > vêtement religieux > vêtement liturgique > tiare,
th-representation-13900,être surnaturel,th-representation-12696,vie religieuse > être surnaturel,
th-representation-13901,ange,th-representation-13900,vie religieuse > être surnaturel > ange,
th-representation-13902,angelot,th-representation-13901,vie religieuse > être surnaturel > ange > angelot,"sens étroit, tête et deux aîles"
th-representation-13903,diable,th-representation-13900,vie religieuse > être surnaturel > diable,
th-representation-13904,diablotin,th-representation-13903,vie religieuse > être surnaturel > diable > diablotin,
th-representation-13905,diablesse,th-representation-13900,vie religieuse > être surnaturel > diablesse,
th-representation-13906,succube,th-representation-13905,vie religieuse > être surnaturel > diablesse > succube,
th-representation-13907,divinité,th-representation-13900,vie religieuse > être surnaturel > divinité,
th-representation-13908,idole,th-representation-13907,vie religieuse > être surnaturel > divinité > idole,
th-representation-13909,totem,th-representation-13907,vie religieuse > être surnaturel > divinité > totem,
th-representation-13910,génie,th-representation-13900,vie religieuse > être surnaturel > génie,
th-representation-13911,énergie-artisanat et industrie-commerce et services,,énergie-artisanat et industrie-commerce et services,
th-representation-13912,commerce et services,th-representation-13911,énergie-artisanat et industrie-commerce et services > commerce et services,
th-representation-13913,activité de service,th-representation-13912,énergie-artisanat et industrie-commerce et services > commerce et services > activité de service,
th-representation-13914,activité financière,th-representation-13913,énergie-artisanat et industrie-commerce et services > commerce et services > activité de service > activité financière,
th-representation-13915,activité boursière,th-representation-13914,énergie-artisanat et industrie-commerce et services > commerce et services > activité de service > activité financière > activité boursière,
th-representation-13916,banque,th-representation-13914,énergie-artisanat et industrie-commerce et services > commerce et services > activité de service > activité financière > banque,
th-representation-13917,change,th-representation-13914,énergie-artisanat et industrie-commerce et services > commerce et services > activité de service > activité financière > change,
th-representation-13918,crédit,th-representation-13914,énergie-artisanat et industrie-commerce et services > commerce et services > activité de service > activité financière > crédit,
th-representation-13919,usure,th-representation-13918,énergie-artisanat et industrie-commerce et services > commerce et services > activité de service > activité financière > crédit > usure,
th-representation-13920,emprunt,th-representation-13914,énergie-artisanat et industrie-commerce et services > commerce et services > activité de service > activité financière > emprunt,
th-representation-13921,aménagement,th-representation-13913,énergie-artisanat et industrie-commerce et services > commerce et services > activité de service > aménagement,équipement ou décoration d'un intérieur
th-representation-13922,assurance,th-representation-13913,énergie-artisanat et industrie-commerce et services > commerce et services > activité de service > assurance,
th-representation-13923,contrôle,th-representation-13913,énergie-artisanat et industrie-commerce et services > commerce et services > activité de service > contrôle,
th-representation-13924,courtage,th-representation-13913,énergie-artisanat et industrie-commerce et services > commerce et services > activité de service > courtage,
th-representation-13925,expertise,th-representation-13913,énergie-artisanat et industrie-commerce et services > commerce et services > activité de service > expertise,
th-representation-13926,gardiennage,th-representation-13913,énergie-artisanat et industrie-commerce et services > commerce et services > activité de service > gardiennage,
th-representation-13927,livraison,th-representation-13913,énergie-artisanat et industrie-commerce et services > commerce et services > activité de service > livraison,
th-representation-13928,location,th-representation-13913,énergie-artisanat et industrie-commerce et services > commerce et services > activité de service > location,
th-representation-13929,nettoiement,th-representation-13913,énergie-artisanat et industrie-commerce et services > commerce et services > activité de service > nettoiement,"sens large, service de nettoyage des rues, des vêtements."
th-representation-13930,prostitution,th-representation-13913,énergie-artisanat et industrie-commerce et services > commerce et services > activité de service > prostitution,
th-representation-13931,renseignement,th-representation-13913,énergie-artisanat et industrie-commerce et services > commerce et services > activité de service > renseignement,
th-representation-13932,service,th-representation-13913,énergie-artisanat et industrie-commerce et services > commerce et services > activité de service > service,
th-representation-13933,architecture commerciale,th-representation-13912,énergie-artisanat et industrie-commerce et services > commerce et services > architecture commerciale,
th-representation-13934,auberge,th-representation-13933,énergie-artisanat et industrie-commerce et services > commerce et services > architecture commerciale > auberge,
th-representation-13935,débit de boisson,th-representation-13933,énergie-artisanat et industrie-commerce et services > commerce et services > architecture commerciale > débit de boisson,
th-representation-13936,entrepôt,th-representation-13933,énergie-artisanat et industrie-commerce et services > commerce et services > architecture commerciale > entrepôt,
th-representation-13937,foire,th-representation-13933,énergie-artisanat et industrie-commerce et services > commerce et services > architecture commerciale > foire,
th-representation-13938,hôtel,th-representation-13933,énergie-artisanat et industrie-commerce et services > commerce et services > architecture commerciale > hôtel,
th-representation-13939,magasin,th-representation-13933,énergie-artisanat et industrie-commerce et services > commerce et services > architecture commerciale > magasin,
th-representation-13940,grand magasin,th-representation-13939,énergie-artisanat et industrie-commerce et services > commerce et services > architecture commerciale > magasin > grand magasin,
th-representation-13941,échoppe,th-representation-13939,énergie-artisanat et industrie-commerce et services > commerce et services > architecture commerciale > magasin > échoppe,
th-representation-13942,marché couvert,th-representation-13933,énergie-artisanat et industrie-commerce et services > commerce et services > architecture commerciale > marché couvert,
th-representation-13943,halle,th-representation-13942,énergie-artisanat et industrie-commerce et services > commerce et services > architecture commerciale > marché couvert > halle,
th-representation-13944,restaurant,th-representation-13933,énergie-artisanat et industrie-commerce et services > commerce et services > architecture commerciale > restaurant,
th-representation-13945,commerce,th-representation-13912,énergie-artisanat et industrie-commerce et services > commerce et services > commerce,
th-representation-13946,colportage,th-representation-13945,énergie-artisanat et industrie-commerce et services > commerce et services > commerce > colportage,
th-representation-13947,marché,th-representation-13945,énergie-artisanat et industrie-commerce et services > commerce et services > commerce > marché,
th-representation-13948,publicité,th-representation-13945,énergie-artisanat et industrie-commerce et services > commerce et services > commerce > publicité,
th-representation-13949,troc,th-representation-13945,énergie-artisanat et industrie-commerce et services > commerce et services > commerce > troc,
th-representation-13950,vente,th-representation-13945,énergie-artisanat et industrie-commerce et services > commerce et services > commerce > vente,
th-representation-13951,profession commerciale,th-representation-13912,énergie-artisanat et industrie-commerce et services > commerce et services > profession commerciale,
th-representation-13952,armateur,th-representation-13951,énergie-artisanat et industrie-commerce et services > commerce et services > profession commerciale > armateur,
th-representation-13953,aubergiste,th-representation-13951,énergie-artisanat et industrie-commerce et services > commerce et services > profession commerciale > aubergiste,
th-representation-13954,barbier,th-representation-13951,énergie-artisanat et industrie-commerce et services > commerce et services > profession commerciale > barbier,
th-representation-13955,bouquetière,th-representation-13951,énergie-artisanat et industrie-commerce et services > commerce et services > profession commerciale > bouquetière,
th-representation-13956,cabaretier,th-representation-13951,énergie-artisanat et industrie-commerce et services > commerce et services > profession commerciale > cabaretier,
th-representation-13957,cafetier,th-representation-13951,énergie-artisanat et industrie-commerce et services > commerce et services > profession commerciale > cafetier,
th-representation-13958,charbonnier,th-representation-13951,énergie-artisanat et industrie-commerce et services > commerce et services > profession commerciale > charbonnier,
th-representation-13959,coiffeur,th-representation-13951,énergie-artisanat et industrie-commerce et services > commerce et services > profession commerciale > coiffeur,
th-representation-13960,commerçant,th-representation-13951,énergie-artisanat et industrie-commerce et services > commerce et services > profession commerciale > commerçant,
th-representation-13961,bijoutier,th-representation-13960,énergie-artisanat et industrie-commerce et services > commerce et services > profession commerciale > commerçant > bijoutier,
th-representation-13962,boucher,th-representation-13960,énergie-artisanat et industrie-commerce et services > commerce et services > profession commerciale > commerçant > boucher,
th-representation-13963,boulanger,th-representation-13960,énergie-artisanat et industrie-commerce et services > commerce et services > profession commerciale > commerçant > boulanger,
th-representation-13964,chapelier,th-representation-13960,énergie-artisanat et industrie-commerce et services > commerce et services > profession commerciale > commerçant > chapelier,
th-representation-13965,charcutier,th-representation-13960,énergie-artisanat et industrie-commerce et services > commerce et services > profession commerciale > commerçant > charcutier,
th-representation-13966,laitier,th-representation-13960,énergie-artisanat et industrie-commerce et services > commerce et services > profession commerciale > commerçant > laitier,
th-representation-13967,limonadier,th-representation-13960,énergie-artisanat et industrie-commerce et services > commerce et services > profession commerciale > commerçant > limonadier,
th-representation-13968,poissonnier,th-representation-13960,énergie-artisanat et industrie-commerce et services > commerce et services > profession commerciale > commerçant > poissonnier,
th-representation-13969,pâtissier,th-representation-13960,énergie-artisanat et industrie-commerce et services > commerce et services > profession commerciale > commerçant > pâtissier,
th-representation-13970,volailler,th-representation-13960,énergie-artisanat et industrie-commerce et services > commerce et services > profession commerciale > commerçant > volailler,
th-representation-13971,épicier,th-representation-13960,énergie-artisanat et industrie-commerce et services > commerce et services > profession commerciale > commerçant > épicier,
th-representation-13972,cordier,th-representation-13951,énergie-artisanat et industrie-commerce et services > commerce et services > profession commerciale > cordier,
th-representation-13973,couturier,th-representation-13951,énergie-artisanat et industrie-commerce et services > commerce et services > profession commerciale > couturier,
th-representation-13974,cuisinier,th-representation-13951,énergie-artisanat et industrie-commerce et services > commerce et services > profession commerciale > cuisinier,
th-representation-13975,ferblantier,th-representation-13951,énergie-artisanat et industrie-commerce et services > commerce et services > profession commerciale > ferblantier,
th-representation-13976,ferrailleur,th-representation-13951,énergie-artisanat et industrie-commerce et services > commerce et services > profession commerciale > ferrailleur,
th-representation-13977,fleuriste,th-representation-13951,énergie-artisanat et industrie-commerce et services > commerce et services > profession commerciale > fleuriste,
th-representation-13978,grainetier,th-representation-13951,énergie-artisanat et industrie-commerce et services > commerce et services > profession commerciale > grainetier,
th-representation-13979,homme d'affaires,th-representation-13951,énergie-artisanat et industrie-commerce et services > commerce et services > profession commerciale > homme d'affaires,
th-representation-13980,banquier,th-representation-13979,énergie-artisanat et industrie-commerce et services > commerce et services > profession commerciale > homme d'affaires > banquier,
th-representation-13981,maquignon,th-representation-13979,énergie-artisanat et industrie-commerce et services > commerce et services > profession commerciale > homme d'affaires > maquignon,
th-representation-13982,usurier,th-representation-13979,énergie-artisanat et industrie-commerce et services > commerce et services > profession commerciale > homme d'affaires > usurier,
th-representation-13983,hôtelier,th-representation-13951,énergie-artisanat et industrie-commerce et services > commerce et services > profession commerciale > hôtelier,
th-representation-13984,modiste,th-representation-13951,énergie-artisanat et industrie-commerce et services > commerce et services > profession commerciale > modiste,
th-representation-13985,métier ambulant,th-representation-13951,énergie-artisanat et industrie-commerce et services > commerce et services > profession commerciale > métier ambulant,exercice itinérant d'un métier alliant les activités d'artisanat et de service
th-representation-13986,balayeur,th-representation-13985,énergie-artisanat et industrie-commerce et services > commerce et services > profession commerciale > métier ambulant > balayeur,
th-representation-13987,chiffonnier,th-representation-13985,énergie-artisanat et industrie-commerce et services > commerce et services > profession commerciale > métier ambulant > chiffonnier,
th-representation-13988,cireur de chaussures,th-representation-13985,énergie-artisanat et industrie-commerce et services > commerce et services > profession commerciale > métier ambulant > cireur de chaussures,
th-representation-13989,colporteur,th-representation-13985,énergie-artisanat et industrie-commerce et services > commerce et services > profession commerciale > métier ambulant > colporteur,
th-representation-13990,conteur,th-representation-13985,énergie-artisanat et industrie-commerce et services > commerce et services > profession commerciale > métier ambulant > conteur,
th-representation-13991,décrotteur,th-representation-13985,énergie-artisanat et industrie-commerce et services > commerce et services > profession commerciale > métier ambulant > décrotteur,
th-representation-13992,fripier,th-representation-13985,énergie-artisanat et industrie-commerce et services > commerce et services > profession commerciale > métier ambulant > fripier,
th-representation-13993,livreur,th-representation-13985,énergie-artisanat et industrie-commerce et services > commerce et services > profession commerciale > métier ambulant > livreur,
th-representation-13994,marchand de quatre saisons,th-representation-13985,énergie-artisanat et industrie-commerce et services > commerce et services > profession commerciale > métier ambulant > marchand de quatre saisons,
th-representation-13995,marionnettiste,th-representation-13985,énergie-artisanat et industrie-commerce et services > commerce et services > profession commerciale > métier ambulant > marionnettiste,
th-representation-13996,portefaix,th-representation-13985,énergie-artisanat et industrie-commerce et services > commerce et services > profession commerciale > métier ambulant > portefaix,
th-representation-13997,porteur d'eau,th-representation-13985,énergie-artisanat et industrie-commerce et services > commerce et services > profession commerciale > métier ambulant > porteur d'eau,
th-representation-13998,raccomodeur,th-representation-13985,énergie-artisanat et industrie-commerce et services > commerce et services > profession commerciale > métier ambulant > raccomodeur,
th-representation-13999,ramoneur,th-representation-13985,énergie-artisanat et industrie-commerce et services > commerce et services > profession commerciale > métier ambulant > ramoneur,
th-representation-14000,rempailleur,th-representation-13985,énergie-artisanat et industrie-commerce et services > commerce et services > profession commerciale > métier ambulant > rempailleur,
th-representation-14001,repasseur,th-representation-13985,énergie-artisanat et industrie-commerce et services > commerce et services > profession commerciale > métier ambulant > repasseur,
th-representation-14002,rémouleur,th-representation-13985,énergie-artisanat et industrie-commerce et services > commerce et services > profession commerciale > métier ambulant > rémouleur,
th-representation-14003,rétameur,th-representation-13985,énergie-artisanat et industrie-commerce et services > commerce et services > profession commerciale > métier ambulant > rétameur,
th-representation-14004,tondeur,th-representation-13985,énergie-artisanat et industrie-commerce et services > commerce et services > profession commerciale > métier ambulant > tondeur,
th-representation-14005,tondeur d'ânes,th-representation-14004,énergie-artisanat et industrie-commerce et services > commerce et services > profession commerciale > métier ambulant > tondeur > tondeur d'ânes,
th-representation-14006,tondeur de chiens,th-representation-14004,énergie-artisanat et industrie-commerce et services > commerce et services > profession commerciale > métier ambulant > tondeur > tondeur de chiens,
th-representation-14007,métier de services,th-representation-13951,énergie-artisanat et industrie-commerce et services > commerce et services > profession commerciale > métier de services,
th-representation-14008,concierge,th-representation-14007,énergie-artisanat et industrie-commerce et services > commerce et services > profession commerciale > métier de services > concierge,
th-representation-14009,domestique,th-representation-14007,énergie-artisanat et industrie-commerce et services > commerce et services > profession commerciale > métier de services > domestique,
th-representation-14010,nourrice,th-representation-14007,énergie-artisanat et industrie-commerce et services > commerce et services > profession commerciale > métier de services > nourrice,
th-representation-14011,perruquier,th-representation-14007,énergie-artisanat et industrie-commerce et services > commerce et services > profession commerciale > métier de services > perruquier,
th-representation-14012,portier,th-representation-14007,énergie-artisanat et industrie-commerce et services > commerce et services > profession commerciale > métier de services > portier,
th-representation-14013,serveur,th-representation-14007,énergie-artisanat et industrie-commerce et services > commerce et services > profession commerciale > métier de services > serveur,
th-representation-14014,serviteur,th-representation-14007,énergie-artisanat et industrie-commerce et services > commerce et services > profession commerciale > métier de services > serviteur,employé domestique
th-representation-14015,valet,th-representation-14007,énergie-artisanat et industrie-commerce et services > commerce et services > profession commerciale > métier de services > valet,
th-representation-14016,piqueux,th-representation-14015,énergie-artisanat et industrie-commerce et services > commerce et services > profession commerciale > métier de services > valet > piqueux,
th-representation-14017,plâtreur,th-representation-13951,énergie-artisanat et industrie-commerce et services > commerce et services > profession commerciale > plâtreur,
th-representation-14018,prostituée,th-representation-13951,énergie-artisanat et industrie-commerce et services > commerce et services > profession commerciale > prostituée,
th-representation-14019,tailleur,th-representation-13951,énergie-artisanat et industrie-commerce et services > commerce et services > profession commerciale > tailleur,
th-representation-14020,tailleur de pierre,th-representation-13951,énergie-artisanat et industrie-commerce et services > commerce et services > profession commerciale > tailleur de pierre,
th-representation-14021,tapissier,th-representation-13951,énergie-artisanat et industrie-commerce et services > commerce et services > profession commerciale > tapissier,
th-representation-14022,teinturier,th-representation-13951,énergie-artisanat et industrie-commerce et services > commerce et services > profession commerciale > teinturier,
th-representation-14023,tourneur,th-representation-13951,énergie-artisanat et industrie-commerce et services > commerce et services > profession commerciale > tourneur,
th-representation-14024,équipement commercial,th-representation-13912,énergie-artisanat et industrie-commerce et services > commerce et services > équipement commercial,
th-representation-14025,caisse,th-representation-14024,énergie-artisanat et industrie-commerce et services > commerce et services > équipement commercial > caisse,endroit aménagé où s'effectuent les paiements
th-representation-14026,comptoir,th-representation-14024,énergie-artisanat et industrie-commerce et services > commerce et services > équipement commercial > comptoir,endroit aménagé où s'effectue la présentation ou la livraison de la marchandise
th-representation-14027,enseigne,th-representation-14024,énergie-artisanat et industrie-commerce et services > commerce et services > équipement commercial > enseigne,
th-representation-14028,étalage,th-representation-14024,énergie-artisanat et industrie-commerce et services > commerce et services > équipement commercial > étalage,
th-representation-14029,industrie,th-representation-13911,énergie-artisanat et industrie-commerce et services > industrie,
th-representation-14030,lieu d'activité industrielle,th-representation-14029,énergie-artisanat et industrie-commerce et services > industrie > lieu d'activité industrielle,
th-representation-14031,architecture industrielle,th-representation-14030,énergie-artisanat et industrie-commerce et services > industrie > lieu d'activité industrielle > architecture industrielle,
th-representation-14032,atelier,th-representation-14031,énergie-artisanat et industrie-commerce et services > industrie > lieu d'activité industrielle > architecture industrielle > atelier,
th-representation-14033,four,th-representation-14031,énergie-artisanat et industrie-commerce et services > industrie > lieu d'activité industrielle > architecture industrielle > four,
th-representation-14034,moulin,th-representation-14031,énergie-artisanat et industrie-commerce et services > industrie > lieu d'activité industrielle > architecture industrielle > moulin,
th-representation-14035,moulin à eau,th-representation-14034,énergie-artisanat et industrie-commerce et services > industrie > lieu d'activité industrielle > architecture industrielle > moulin > moulin à eau,
th-representation-14036,moulin à vent,th-representation-14034,énergie-artisanat et industrie-commerce et services > industrie > lieu d'activité industrielle > architecture industrielle > moulin > moulin à vent,
th-representation-14037,usine,th-representation-14031,énergie-artisanat et industrie-commerce et services > industrie > lieu d'activité industrielle > architecture industrielle > usine,
th-representation-14038,espace industriel,th-representation-14030,énergie-artisanat et industrie-commerce et services > industrie > lieu d'activité industrielle > espace industriel,
th-representation-14039,chantier,th-representation-14038,énergie-artisanat et industrie-commerce et services > industrie > lieu d'activité industrielle > espace industriel > chantier,
th-representation-14040,terrain d'extraction,th-representation-14038,énergie-artisanat et industrie-commerce et services > industrie > lieu d'activité industrielle > espace industriel > terrain d'extraction,
th-representation-14041,carrière,th-representation-14040,énergie-artisanat et industrie-commerce et services > industrie > lieu d'activité industrielle > espace industriel > terrain d'extraction > carrière,
th-representation-14042,marais salant,th-representation-14040,énergie-artisanat et industrie-commerce et services > industrie > lieu d'activité industrielle > espace industriel > terrain d'extraction > marais salant,
th-representation-14043,mine,th-representation-14040,énergie-artisanat et industrie-commerce et services > industrie > lieu d'activité industrielle > espace industriel > terrain d'extraction > mine,
th-representation-14044,matériel industriel,th-representation-14029,énergie-artisanat et industrie-commerce et services > industrie > matériel industriel,
th-representation-14045,fourneau,th-representation-14044,énergie-artisanat et industrie-commerce et services > industrie > matériel industriel > fourneau,
th-representation-14046,machine,th-representation-14044,énergie-artisanat et industrie-commerce et services > industrie > matériel industriel > machine,
th-representation-14047,machine-outil,th-representation-14046,énergie-artisanat et industrie-commerce et services > industrie > matériel industriel > machine > machine-outil,
th-representation-14048,robot,th-representation-14046,énergie-artisanat et industrie-commerce et services > industrie > matériel industriel > machine > robot,
th-representation-14049,outil,th-representation-14044,énergie-artisanat et industrie-commerce et services > industrie > matériel industriel > outil,
th-representation-14050,récipient industriel,th-representation-14044,énergie-artisanat et industrie-commerce et services > industrie > matériel industriel > récipient industriel,
th-representation-14051,opération industrielle,th-representation-14029,énergie-artisanat et industrie-commerce et services > industrie > opération industrielle,
th-representation-14052,fabrication,th-representation-14051,énergie-artisanat et industrie-commerce et services > industrie > opération industrielle > fabrication,
th-representation-14053,imprimerie,th-representation-14052,énergie-artisanat et industrie-commerce et services > industrie > opération industrielle > fabrication > imprimerie,
th-representation-14054,reliure,th-representation-14053,énergie-artisanat et industrie-commerce et services > industrie > opération industrielle > fabrication > imprimerie > reliure,
th-representation-14055,industrie alimentaire,th-representation-14052,énergie-artisanat et industrie-commerce et services > industrie > opération industrielle > fabrication > industrie alimentaire,
th-representation-14056,industrie chimique,th-representation-14052,énergie-artisanat et industrie-commerce et services > industrie > opération industrielle > fabrication > industrie chimique,
th-representation-14057,industrie de la céramique,th-representation-14052,énergie-artisanat et industrie-commerce et services > industrie > opération industrielle > fabrication > industrie de la céramique,
th-representation-14058,industrie de précision,th-representation-14052,énergie-artisanat et industrie-commerce et services > industrie > opération industrielle > fabrication > industrie de précision,
th-representation-14059,industrie du bois,th-representation-14052,énergie-artisanat et industrie-commerce et services > industrie > opération industrielle > fabrication > industrie du bois,
th-representation-14060,charpenterie,th-representation-14059,énergie-artisanat et industrie-commerce et services > industrie > opération industrielle > fabrication > industrie du bois > charpenterie,
th-representation-14061,charronnage,th-representation-14059,énergie-artisanat et industrie-commerce et services > industrie > opération industrielle > fabrication > industrie du bois > charronnage,
th-representation-14062,menuiserie,th-representation-14059,énergie-artisanat et industrie-commerce et services > industrie > opération industrielle > fabrication > industrie du bois > menuiserie,
th-representation-14063,ébénisterie,th-representation-14059,énergie-artisanat et industrie-commerce et services > industrie > opération industrielle > fabrication > industrie du bois > ébénisterie,
th-representation-14064,industrie du bâtiment,th-representation-14052,énergie-artisanat et industrie-commerce et services > industrie > opération industrielle > fabrication > industrie du bâtiment,
th-representation-14065,maçonnerie,th-representation-14064,énergie-artisanat et industrie-commerce et services > industrie > opération industrielle > fabrication > industrie du bâtiment > maçonnerie,
th-representation-14066,taille de la pierre,th-representation-14064,énergie-artisanat et industrie-commerce et services > industrie > opération industrielle > fabrication > industrie du bâtiment > taille de la pierre,
th-representation-14067,industrie du verre,th-representation-14052,énergie-artisanat et industrie-commerce et services > industrie > opération industrielle > fabrication > industrie du verre,
th-representation-14068,industrie métallurgique,th-representation-14052,énergie-artisanat et industrie-commerce et services > industrie > opération industrielle > fabrication > industrie métallurgique,
th-representation-14069,métallurgie de transformation,th-representation-14068,énergie-artisanat et industrie-commerce et services > industrie > opération industrielle > fabrication > industrie métallurgique > métallurgie de transformation,
th-representation-14070,travail du métal,th-representation-14068,énergie-artisanat et industrie-commerce et services > industrie > opération industrielle > fabrication > industrie métallurgique > travail du métal,
th-representation-14071,fonte,th-representation-14070,énergie-artisanat et industrie-commerce et services > industrie > opération industrielle > fabrication > industrie métallurgique > travail du métal > fonte,
th-representation-14072,forgeage,th-representation-14070,énergie-artisanat et industrie-commerce et services > industrie > opération industrielle > fabrication > industrie métallurgique > travail du métal > forgeage,
th-representation-14073,soudage,th-representation-14070,énergie-artisanat et industrie-commerce et services > industrie > opération industrielle > fabrication > industrie métallurgique > travail du métal > soudage,
th-representation-14074,industrie textile,th-representation-14052,énergie-artisanat et industrie-commerce et services > industrie > opération industrielle > fabrication > industrie textile,
th-representation-14075,fabrication du textile,th-representation-14074,énergie-artisanat et industrie-commerce et services > industrie > opération industrielle > fabrication > industrie textile > fabrication du textile,
th-representation-14076,cardage,th-representation-14075,énergie-artisanat et industrie-commerce et services > industrie > opération industrielle > fabrication > industrie textile > fabrication du textile > cardage,
th-representation-14077,filage,th-representation-14075,énergie-artisanat et industrie-commerce et services > industrie > opération industrielle > fabrication > industrie textile > fabrication du textile > filage,
th-representation-14078,tissage,th-representation-14075,énergie-artisanat et industrie-commerce et services > industrie > opération industrielle > fabrication > industrie textile > fabrication du textile > tissage,
th-representation-14079,travail du textile,th-representation-14074,énergie-artisanat et industrie-commerce et services > industrie > opération industrielle > fabrication > industrie textile > travail du textile,
th-representation-14080,travail des peaux,th-representation-14052,énergie-artisanat et industrie-commerce et services > industrie > opération industrielle > fabrication > travail des peaux,
th-representation-14081,cordonnerie,th-representation-14080,énergie-artisanat et industrie-commerce et services > industrie > opération industrielle > fabrication > travail des peaux > cordonnerie,
th-representation-14082,pelleterie,th-representation-14080,énergie-artisanat et industrie-commerce et services > industrie > opération industrielle > fabrication > travail des peaux > pelleterie,
th-representation-14083,tannerie,th-representation-14080,énergie-artisanat et industrie-commerce et services > industrie > opération industrielle > fabrication > travail des peaux > tannerie,
th-representation-14084,travail lapidaire,th-representation-14052,énergie-artisanat et industrie-commerce et services > industrie > opération industrielle > fabrication > travail lapidaire,
th-representation-14085,forme d'opération industrielle,th-representation-14051,énergie-artisanat et industrie-commerce et services > industrie > opération industrielle > forme d'opération industrielle,
th-representation-14086,aiguisage,th-representation-14085,énergie-artisanat et industrie-commerce et services > industrie > opération industrielle > forme d'opération industrielle > aiguisage,
th-representation-14087,ajustage,th-representation-14085,énergie-artisanat et industrie-commerce et services > industrie > opération industrielle > forme d'opération industrielle > ajustage,
th-representation-14088,assemblage,th-representation-14085,énergie-artisanat et industrie-commerce et services > industrie > opération industrielle > forme d'opération industrielle > assemblage,
th-representation-14089,conditionnement,th-representation-14085,énergie-artisanat et industrie-commerce et services > industrie > opération industrielle > forme d'opération industrielle > conditionnement,
th-representation-14090,construction,th-representation-14085,énergie-artisanat et industrie-commerce et services > industrie > opération industrielle > forme d'opération industrielle > construction,
th-representation-14091,débitage,th-representation-14085,énergie-artisanat et industrie-commerce et services > industrie > opération industrielle > forme d'opération industrielle > débitage,
th-representation-14092,démolition,th-representation-14085,énergie-artisanat et industrie-commerce et services > industrie > opération industrielle > forme d'opération industrielle > démolition,distinct de destruction (vie militaire)
th-representation-14093,extraction,th-representation-14085,énergie-artisanat et industrie-commerce et services > industrie > opération industrielle > forme d'opération industrielle > extraction,
th-representation-14094,foulage,th-representation-14085,énergie-artisanat et industrie-commerce et services > industrie > opération industrielle > forme d'opération industrielle > foulage,
th-representation-14095,modelage,th-representation-14085,énergie-artisanat et industrie-commerce et services > industrie > opération industrielle > forme d'opération industrielle > modelage,
th-representation-14096,peinture industrielle,th-representation-14085,énergie-artisanat et industrie-commerce et services > industrie > opération industrielle > forme d'opération industrielle > peinture industrielle,
th-representation-14097,reproduction,th-representation-14085,énergie-artisanat et industrie-commerce et services > industrie > opération industrielle > forme d'opération industrielle > reproduction,
th-representation-14098,photographie,th-representation-14097,énergie-artisanat et industrie-commerce et services > industrie > opération industrielle > forme d'opération industrielle > reproduction > photographie,
th-representation-14099,réparation,th-representation-14085,énergie-artisanat et industrie-commerce et services > industrie > opération industrielle > forme d'opération industrielle > réparation,
th-representation-14100,sciage,th-representation-14085,énergie-artisanat et industrie-commerce et services > industrie > opération industrielle > forme d'opération industrielle > sciage,
th-representation-14101,teinture,th-representation-14085,énergie-artisanat et industrie-commerce et services > industrie > opération industrielle > forme d'opération industrielle > teinture,
th-representation-14102,transformation,th-representation-14085,énergie-artisanat et industrie-commerce et services > industrie > opération industrielle > forme d'opération industrielle > transformation,
th-representation-14103,vérification,th-representation-14085,énergie-artisanat et industrie-commerce et services > industrie > opération industrielle > forme d'opération industrielle > vérification,
th-representation-14104,profession de l'industrie,th-representation-14029,énergie-artisanat et industrie-commerce et services > industrie > profession de l'industrie,
th-representation-14105,artisan,th-representation-14104,énergie-artisanat et industrie-commerce et services > industrie > profession de l'industrie > artisan,
th-representation-14106,compagnon,th-representation-14105,énergie-artisanat et industrie-commerce et services > industrie > profession de l'industrie > artisan > compagnon,
th-representation-14107,maçon,th-representation-14105,énergie-artisanat et industrie-commerce et services > industrie > profession de l'industrie > artisan > maçon,
th-representation-14108,ingénieur,th-representation-14104,énergie-artisanat et industrie-commerce et services > industrie > profession de l'industrie > ingénieur,
th-representation-14109,technicien,th-representation-14104,énergie-artisanat et industrie-commerce et services > industrie > profession de l'industrie > technicien,
th-representation-14110,énergie,th-representation-13911,énergie-artisanat et industrie-commerce et services > énergie,
th-representation-14111,transformation de l'énergie,th-representation-14110,énergie-artisanat et industrie-commerce et services > énergie > transformation de l'énergie,
th-representation-14112,moteur,th-representation-14111,énergie-artisanat et industrie-commerce et services > énergie > transformation de l'énergie > moteur,
th-representation-14113,type d'énergie,th-representation-14110,énergie-artisanat et industrie-commerce et services > énergie > type d'énergie,
th-representation-14114,énergie animale,th-representation-14113,énergie-artisanat et industrie-commerce et services > énergie > type d'énergie > énergie animale,
th-representation-14115,énergie atomique,th-representation-14113,énergie-artisanat et industrie-commerce et services > énergie > type d'énergie > énergie atomique,
th-representation-14116,énergie humaine,th-representation-14113,énergie-artisanat et industrie-commerce et services > énergie > type d'énergie > énergie humaine,
th-representation-14117,énergie hydraulique,th-representation-14113,énergie-artisanat et industrie-commerce et services > énergie > type d'énergie > énergie hydraulique,
th-representation-14118,énergie solaire,th-representation-14113,énergie-artisanat et industrie-commerce et services > énergie > type d'énergie > énergie solaire,
th-representation-14119,énergie thermique,th-representation-14113,énergie-artisanat et industrie-commerce et services > énergie > type d'énergie > énergie thermique,
th-representation-14120,énergie électrique,th-representation-14113,énergie-artisanat et industrie-commerce et services > énergie > type d'énergie > énergie électrique,
th-representation-14121,électricité,th-representation-14120,énergie-artisanat et industrie-commerce et services > énergie > type d'énergie > énergie électrique > électricité,
th-representation-14122,électronique,th-representation-14120,énergie-artisanat et industrie-commerce et services > énergie > type d'énergie > énergie électrique > électronique,
th-representation-14123,énergie éolienne,th-representation-14113,énergie-artisanat et industrie-commerce et services > énergie > type d'énergie > énergie éolienne,
th-representation-14124,être imaginaire,,être imaginaire,différent des êtres mythologiques (18.) ou imaginaires (23.) individualisé et identifiés
th-representation-14125,être de raison,th-representation-14124,être imaginaire > être de raison,
th-representation-14126,figure géométrique,th-representation-14125,être imaginaire > être de raison > figure géométrique,
th-representation-14127,cercle,th-representation-14126,être imaginaire > être de raison > figure géométrique > cercle,
th-representation-14128,figure cruciforme,th-representation-14126,être imaginaire > être de raison > figure géométrique > figure cruciforme,
th-representation-14129,croix ancrée,th-representation-14128,être imaginaire > être de raison > figure géométrique > figure cruciforme > croix ancrée,
th-representation-14130,croix basque,th-representation-14128,être imaginaire > être de raison > figure géométrique > figure cruciforme > croix basque,
th-representation-14131,croix de Lorraine,th-representation-14128,être imaginaire > être de raison > figure géométrique > figure cruciforme > croix de Lorraine,
th-representation-14132,croix de Malte,th-representation-14128,être imaginaire > être de raison > figure géométrique > figure cruciforme > croix de Malte,
th-representation-14133,croix de saint-André,th-representation-14128,être imaginaire > être de raison > figure géométrique > figure cruciforme > croix de saint-André,
th-representation-14134,croix en tau,th-representation-14128,être imaginaire > être de raison > figure géométrique > figure cruciforme > croix en tau,
th-representation-14135,croix gammée,th-representation-14128,être imaginaire > être de raison > figure géométrique > figure cruciforme > croix gammée,
th-representation-14136,croix grecque,th-representation-14128,être imaginaire > être de raison > figure géométrique > figure cruciforme > croix grecque,
th-representation-14137,croix latine,th-representation-14128,être imaginaire > être de raison > figure géométrique > figure cruciforme > croix latine,
th-representation-14138,croix papale,th-representation-14128,être imaginaire > être de raison > figure géométrique > figure cruciforme > croix papale,
th-representation-14139,croix pattée,th-representation-14128,être imaginaire > être de raison > figure géométrique > figure cruciforme > croix pattée,
th-representation-14140,croix potencée,th-representation-14128,être imaginaire > être de raison > figure géométrique > figure cruciforme > croix potencée,
th-representation-14141,croix svastika,th-representation-14128,être imaginaire > être de raison > figure géométrique > figure cruciforme > croix svastika,
th-representation-14142,croix trèflée,th-representation-14128,être imaginaire > être de raison > figure géométrique > figure cruciforme > croix trèflée,
th-representation-14143,ovale,th-representation-14126,être imaginaire > être de raison > figure géométrique > ovale,
th-representation-14144,polygone,th-representation-14126,être imaginaire > être de raison > figure géométrique > polygone,
th-representation-14145,carré,th-representation-14144,être imaginaire > être de raison > figure géométrique > polygone > carré,
th-representation-14146,losange,th-representation-14144,être imaginaire > être de raison > figure géométrique > polygone > losange,
th-representation-14147,rectangle,th-representation-14144,être imaginaire > être de raison > figure géométrique > polygone > rectangle,
th-representation-14148,triangle,th-representation-14144,être imaginaire > être de raison > figure géométrique > polygone > triangle,
th-representation-14149,hiéroglyphes,th-representation-14125,être imaginaire > être de raison > hiéroglyphes,
th-representation-14150,signe alphabétique,th-representation-14125,être imaginaire > être de raison > signe alphabétique,
th-representation-14151,alphabet,th-representation-14150,être imaginaire > être de raison > signe alphabétique > alphabet,
th-representation-14152,signe symbolique,th-representation-14125,être imaginaire > être de raison > signe symbolique,
th-representation-14153,signe mathématique,th-representation-14152,être imaginaire > être de raison > signe symbolique > signe mathématique,
th-representation-14154,chiffre,th-representation-14153,être imaginaire > être de raison > signe symbolique > signe mathématique > chiffre,
th-representation-14155,être fantastique,th-representation-14124,être imaginaire > être fantastique,"être animé ou objet insolite créé par l'imagination humaine, en référence ou non à une réalité"
th-representation-14156,hybride,th-representation-14155,être imaginaire > être fantastique > hybride,toute représentation d'être animé réunissant des éléments d'espèces différentes et ne constituant pas une espèce fabuleuse
th-representation-14157,anthropomorphe,th-representation-14156,être imaginaire > être fantastique > hybride > anthropomorphe,"hybride comportant des parties humaines quelle que soit leur importance relative; oïe à tête de femme sera notée Figure { oie: anthropomorphe, ferme }"
th-representation-14158,phytomorphe,th-representation-14156,être imaginaire > être fantastique > hybride > phytomorphe,hybride à caractères végétaux dominants
th-representation-14159,zoomorphe,th-representation-14156,être imaginaire > être fantastique > hybride > zoomorphe,"hybride animal, comportant ou non des éléments végétaux"
th-representation-14160,métamorphose,th-representation-14155,être imaginaire > être fantastique > métamorphose,
th-representation-14161,objet fantastique,th-representation-14155,être imaginaire > être fantastique > objet fantastique,
th-representation-14162,objet fabuleux,th-representation-14161,être imaginaire > être fantastique > objet fantastique > objet fabuleux,
th-representation-14163,objet imaginaire,th-representation-14161,être imaginaire > être fantastique > objet fantastique > objet imaginaire,
th-representation-14164,être fabuleux,th-representation-14155,être imaginaire > être fantastique > être fabuleux,"être dont l'espèce, identifiable, désignée par Un terme propre, fait l'objet de croyances légendaires; les êtres fabuleux interviennent dans la tradition orale ou écrite"
th-representation-14165,animal fabuleux,th-representation-14164,être imaginaire > être fantastique > être fabuleux > animal fabuleux,"animal imaginaire, hybride où non, que la tradition a tenu pour réel"
th-representation-14166,basilic,th-representation-14165,être imaginaire > être fantastique > être fabuleux > animal fabuleux > basilic,"tête et poitrail de coq, queue de serpent"
th-representation-14168,chimère,th-representation-14165,être imaginaire > être fantastique > être fabuleux > animal fabuleux > chimère,"tête et poitrail de lion, ventre de chèvre, queue de dragon, crache souvent des flammes"
th-representation-14169,dragon,th-representation-14165,être imaginaire > être fantastique > être fabuleux > animal fabuleux > dragon,"ailes, griffes, queue de serpent"
th-representation-14170,tarasque,th-representation-14169,être imaginaire > être fantastique > être fabuleux > animal fabuleux > dragon > tarasque,dragon amphibie des légendes provençales
th-representation-14171,hippogriffe,th-representation-14165,être imaginaire > être fantastique > être fabuleux > animal fabuleux > hippogriffe,"ailé, moitié cheval, moitié griffon"
th-representation-14172,hydre,th-representation-14165,être imaginaire > être fantastique > être fabuleux > animal fabuleux > hydre,serpent à sept têtes
th-representation-14173,licorne,th-representation-14165,être imaginaire > être fantastique > être fabuleux > animal fabuleux > licorne,"corps de cheval, corne unique au milieu du front"
th-representation-14174,phénix,th-representation-14165,être imaginaire > être fantastique > être fabuleux > animal fabuleux > phénix,oiseau qui renaît de ses cendres
th-representation-14175,vouivre,th-representation-14165,être imaginaire > être fantastique > être fabuleux > animal fabuleux > vouivre,"sorte de serpent, appelé aussi guivre"
th-representation-14176,extra-terrestre,th-representation-14164,être imaginaire > être fantastique > être fabuleux > extra-terrestre,
th-representation-14177,fantôme,th-representation-14164,être imaginaire > être fantastique > être fabuleux > fantôme,
th-representation-14178,humain fabuleux,th-representation-14164,être imaginaire > être fantastique > être fabuleux > humain fabuleux,être dont les caractères morphologiques êt les comportements se différencient de ceux des hommes Sans emprunt à d'autres espèces
th-representation-14179,cyclope,th-representation-14178,être imaginaire > être fantastique > être fabuleux > humain fabuleux > cyclope,
th-representation-14180,fée,th-representation-14178,être imaginaire > être fantastique > être fabuleux > humain fabuleux > fée,
th-representation-14181,lutin,th-representation-14178,être imaginaire > être fantastique > être fabuleux > humain fabuleux > lutin,
th-representation-14182,ogre,th-representation-14178,être imaginaire > être fantastique > être fabuleux > humain fabuleux > ogre,
th-representation-14183,sciapode,th-representation-14178,être imaginaire > être fantastique > être fabuleux > humain fabuleux > sciapode,
th-representation-14184,hybride fabuleux,th-representation-14164,être imaginaire > être fantastique > être fabuleux > hybride fabuleux,espèce légendaire d'hybrides animaux et humains
th-representation-14185,sirène,th-representation-14184,être imaginaire > être fantastique > être fabuleux > hybride fabuleux > sirène,
th-representation-14186,sirène oiseau,th-representation-14185,être imaginaire > être fantastique > être fabuleux > hybride fabuleux > sirène > sirène oiseau,
th-representation-14187,sirène poisson,th-representation-14185,être imaginaire > être fantastique > être fabuleux > hybride fabuleux > sirène > sirène poisson,
th-representation-14188,sirène serpent,th-representation-14185,être imaginaire > être fantastique > être fabuleux > hybride fabuleux > sirène > sirène serpent,
th-representation-14189,monstre,th-representation-14164,être imaginaire > être fantastique > être fabuleux > monstre,
th-representation-14190,putto,th-representation-14164,être imaginaire > être fantastique > être fabuleux > putto,
th-representation-14191,végétal fabuleux,th-representation-14164,être imaginaire > être fantastique > être fabuleux > végétal fabuleux,
th-representation-14192,être mono ou polycéphale,th-representation-14155,être imaginaire > être fantastique > être mono ou polycéphale,
th-representation-14193,monocéphale,th-representation-14192,être imaginaire > être fantastique > être mono ou polycéphale > monocéphale,une seule tête pour deux ou plusieurs corps Représentation animalière ( lion: monocéphale }
th-representation-14194,polycéphale,th-representation-14192,être imaginaire > être fantastique > être mono ou polycéphale > polycéphale,
th-representation-14195,bicéphale,th-representation-14194,être imaginaire > être fantastique > être mono ou polycéphale > polycéphale > bicéphale,
th-representation-14196,tricéphale,th-representation-14194,être imaginaire > être fantastique > être mono ou polycéphale > polycéphale > tricéphale,
th-representation-14197,personnage imaginaire,,personnage imaginaire,
th-representation-14198,animal imaginaire,th-representation-14197,personnage imaginaire > animal imaginaire,
th-representation-14199,femme imaginaire,th-representation-14197,personnage imaginaire > femme imaginaire,
th-representation-14200,homme imaginaire,th-representation-14197,personnage imaginaire > homme imaginaire,
th-representation-14201,quidams,,quidams,
